solid OpenSCAD_Model
  facet normal 0.9415440651830237 0.3368898533922123 0
    outer loop
      vertex 1.5796630297355718 -21.40867916518984 1
      vertex 1.6062769763284144 -21.4830601630539 0
      vertex 1.5796630297355718 -21.40867916518984 0
    endloop
  endfacet
  facet normal 0.9987954562051724 0.049067674327418584 0
    outer loop
      vertex 1.545 -21.175 1
      vertex 1.5488762950288815 -21.253903797965297 0
      vertex 1.545 -21.175 0
    endloop
  endfacet
  facet normal 0.9987954562051724 -0.049067674327418584 0
    outer loop
      vertex 1.5488762950288815 -21.096096202034705 1
      vertex 1.545 -21.175 0
      vertex 1.5488762950288815 -21.096096202034705 0
    endloop
  endfacet
  facet normal 0.9700312531945432 0.24298017990326762 0
    outer loop
      vertex 1.5604678492753994 -21.332047709222984 1
      vertex 1.5796630297355718 -21.40867916518984 0
      vertex 1.5604678492753994 -21.332047709222984 0
    endloop
  endfacet
  facet normal 0.989176509964781 0.14673047445536105 0
    outer loop
      vertex 1.5488762950288815 -21.253903797965297 1
      vertex 1.5604678492753994 -21.332047709222984 0
      vertex 1.5488762950288815 -21.253903797965297 0
    endloop
  endfacet
  facet normal 0.989176509964781 -0.14673047445536105 0
    outer loop
      vertex 1.5604678492753994 -21.017952290777018 1
      vertex 1.5488762950288815 -21.096096202034705 0
      vertex 1.5604678492753994 -21.017952290777018 0
    endloop
  endfacet
  facet normal 0.9700312531945432 -0.24298017990326762 0
    outer loop
      vertex 1.5796630297355718 -20.94132083481016 1
      vertex 1.5604678492753994 -21.017952290777018 0
      vertex 1.5796630297355718 -20.94132083481016 0
    endloop
  endfacet
  facet normal 0.6715589548470078 0.7409511253549687 0
    outer loop
      vertex 1.7807790411448292 -21.744220958855173 1
      vertex 1.8393134062482654 -21.797273414957004 0
      vertex 1.7807790411448292 -21.744220958855173 0
    endloop
  endfacet
  facet normal 0.5956993044924273 0.8032075314806494 0
    outer loop
      vertex 1.8393134062482654 -21.797273414957004 1
      vertex 1.9027659624192204 -21.84433303790355 0
      vertex 1.8393134062482654 -21.797273414957004 0
    endloop
  endfacet
  facet normal 0.9039892931234378 0.42755509343029374 0
    outer loop
      vertex 1.6062769763284144 -21.4830601630539 1
      vertex 1.6400533821995742 -21.554474373144927 0
      vertex 1.6062769763284144 -21.4830601630539 0
    endloop
  endfacet
  facet normal 0.8577286100002809 0.514102744193207 0
    outer loop
      vertex 1.6400533821995742 -21.554474373144927 1
      vertex 1.6806669620964512 -21.62223403758078 0
      vertex 1.6400533821995742 -21.554474373144927 0
    endloop
  endfacet
  facet normal 0.8032075314806434 0.5956993044924354 0
    outer loop
      vertex 1.6806669620964512 -21.62223403758078 1
      vertex 1.7277265850429968 -21.685686593751736 0
      vertex 1.6806669620964512 -21.62223403758078 0
    endloop
  endfacet
  facet normal 0.7409511253549654 0.6715589548470116 0
    outer loop
      vertex 1.7277265850429968 -21.685686593751736 1
      vertex 1.7807790411448292 -21.744220958855173 0
      vertex 1.7277265850429968 -21.685686593751736 0
    endloop
  endfacet
  facet normal 0.9415440651830237 -0.3368898533922123 0
    outer loop
      vertex 1.6062769763284144 -20.866939836946102 1
      vertex 1.5796630297355718 -20.94132083481016 0
      vertex 1.6062769763284144 -20.866939836946102 0
    endloop
  endfacet
  facet normal 0.9039892931234378 -0.42755509343029374 0
    outer loop
      vertex 1.6400533821995742 -20.795525626855074 1
      vertex 1.6062769763284144 -20.866939836946102 0
      vertex 1.6400533821995742 -20.795525626855074 0
    endloop
  endfacet
  facet normal 0.8577286100002809 -0.514102744193207 0
    outer loop
      vertex 1.6806669620964512 -20.72776596241922 1
      vertex 1.6400533821995742 -20.795525626855074 0
      vertex 1.6806669620964512 -20.72776596241922 0
    endloop
  endfacet
  facet normal 0.8032075314806434 -0.5956993044924354 0
    outer loop
      vertex 1.7277265850429968 -20.664313406248265 1
      vertex 1.6806669620964512 -20.72776596241922 0
      vertex 1.7277265850429968 -20.664313406248265 0
    endloop
  endfacet
  facet normal 0.7409511253549654 -0.6715589548470116 0
    outer loop
      vertex 1.7807790411448292 -20.605779041144828 1
      vertex 1.7277265850429968 -20.664313406248265 0
      vertex 1.7807790411448292 -20.605779041144828 0
    endloop
  endfacet
  facet normal 0.6715589548470078 -0.7409511253549687 0
    outer loop
      vertex 1.8393134062482654 -20.552726585042997 1
      vertex 1.7807790411448292 -20.605779041144828 0
      vertex 1.8393134062482654 -20.552726585042997 0
    endloop
  endfacet
  facet normal 0.5956993044924273 -0.8032075314806494 0
    outer loop
      vertex 1.9027659624192204 -20.505666962096452 1
      vertex 1.8393134062482654 -20.552726585042997 0
      vertex 1.9027659624192204 -20.505666962096452 0
    endloop
  endfacet
  facet normal 0.5141027441932294 0.8577286100002676 0
    outer loop
      vertex 1.9027659624192204 -21.84433303790355 1
      vertex 1.970525626855072 -21.884946617800427 0
      vertex 1.9027659624192204 -21.84433303790355 0
    endloop
  endfacet
  facet normal 0.4275550934302658 0.903989293123451 0
    outer loop
      vertex 1.970525626855072 -21.884946617800427 1
      vertex 2.041939836946103 -21.918723023671586 0
      vertex 1.970525626855072 -21.884946617800427 0
    endloop
  endfacet
  facet normal 0.33688985339222294 0.9415440651830197 0
    outer loop
      vertex 2.041939836946103 -21.918723023671586 1
      vertex 2.116320834810158 -21.945336970264428 0
      vertex 2.041939836946103 -21.918723023671586 0
    endloop
  endfacet
  facet normal 0.24298017990327025 0.9700312531945424 0
    outer loop
      vertex 2.116320834810158 -21.945336970264428 1
      vertex 2.1929522907770167 -21.9645321507246 0
      vertex 2.116320834810158 -21.945336970264428 0
    endloop
  endfacet
  facet normal 0.14673047445536383 0.9891765099647807 0
    outer loop
      vertex 2.1929522907770167 -21.9645321507246 1
      vertex 2.2710962020347036 -21.97612370497112 0
      vertex 2.1929522907770167 -21.9645321507246 0
    endloop
  endfacet
  facet normal 0.5141027441932294 -0.8577286100002676 0
    outer loop
      vertex 1.970525626855072 -20.465053382199574 1
      vertex 1.9027659624192204 -20.505666962096452 0
      vertex 1.970525626855072 -20.465053382199574 0
    endloop
  endfacet
  facet normal 0.4275550934302658 -0.903989293123451 0
    outer loop
      vertex 2.041939836946103 -20.431276976328416 1
      vertex 1.970525626855072 -20.465053382199574 0
      vertex 2.041939836946103 -20.431276976328416 0
    endloop
  endfacet
  facet normal 0.049067674327415496 0.9987954562051724 0
    outer loop
      vertex 2.2710962020347036 -21.97612370497112 1
      vertex 2.35 -21.98 0
      vertex 2.2710962020347036 -21.97612370497112 0
    endloop
  endfacet
  facet normal -0.049067674327415496 0.9987954562051724 0
    outer loop
      vertex 2.35 -21.98 1
      vertex 2.4289037979652965 -21.97612370497112 0
      vertex 2.35 -21.98 0
    endloop
  endfacet
  facet normal -0.14673047445536383 0.9891765099647807 0
    outer loop
      vertex 2.4289037979652965 -21.97612370497112 1
      vertex 2.5070477092229835 -21.9645321507246 0
      vertex 2.4289037979652965 -21.97612370497112 0
    endloop
  endfacet
  facet normal -0.24298017990327025 0.9700312531945424 0
    outer loop
      vertex 2.5070477092229835 -21.9645321507246 1
      vertex 2.5836791651898423 -21.945336970264428 0
      vertex 2.5070477092229835 -21.9645321507246 0
    endloop
  endfacet
  facet normal 0.9987954562051724 0.049067674327418584 0
    outer loop
      vertex 1.5488762950288815 -21.253903797965297 1
      vertex 1.5488762950288815 -21.253903797965297 0
      vertex 1.545 -21.175 1
    endloop
  endfacet
  facet normal 0.9987954562051724 -0.049067674327418584 0
    outer loop
      vertex 1.545 -21.175 1
      vertex 1.545 -21.175 0
      vertex 1.5488762950288815 -21.096096202034705 1
    endloop
  endfacet
  facet normal 0.989176509964781 0.14673047445536105 -1.7549889649547917e-19
    outer loop
      vertex 1.5488762950288815 -21.253903797965297 1
      vertex 1.5604678492753994 -21.332047709222984 1
      vertex 1.5604678492753994 -21.332047709222984 0
    endloop
  endfacet
  facet normal 0.9700312531945432 0.24298017990326762 0
    outer loop
      vertex 1.5796630297355718 -21.40867916518984 1
      vertex 1.5796630297355718 -21.40867916518984 0
      vertex 1.5604678492753994 -21.332047709222984 1
    endloop
  endfacet
  facet normal 0.989176509964781 -0.14673047445536105 0
    outer loop
      vertex 1.5488762950288815 -21.096096202034705 1
      vertex 1.5488762950288815 -21.096096202034705 0
      vertex 1.5604678492753994 -21.017952290777018 1
    endloop
  endfacet
  facet normal 0.9700312531945432 -0.24298017990326762 0
    outer loop
      vertex 1.5604678492753994 -21.017952290777018 1
      vertex 1.5604678492753994 -21.017952290777018 0
      vertex 1.5796630297355718 -20.94132083481016 1
    endloop
  endfacet
  facet normal 0.9415440651830237 -0.3368898533922123 0
    outer loop
      vertex 1.5796630297355718 -20.94132083481016 1
      vertex 1.5796630297355718 -20.94132083481016 0
      vertex 1.6062769763284144 -20.866939836946102 1
    endloop
  endfacet
  facet normal 0.7409511253549654 0.6715589548470116 -1.900500599665891e-18
    outer loop
      vertex 1.7277265850429968 -21.685686593751736 1
      vertex 1.7807790411448292 -21.744220958855173 1
      vertex 1.7807790411448292 -21.744220958855173 0
    endloop
  endfacet
  facet normal 0.6715589548470078 0.7409511253549687 6.741688154955562e-19
    outer loop
      vertex 1.7807790411448292 -21.744220958855173 1
      vertex 1.8393134062482654 -21.797273414957004 1
      vertex 1.8393134062482654 -21.797273414957004 0
    endloop
  endfacet
  facet normal 0.5956993044924273 0.8032075314806494 -2.0825176964695893e-18
    outer loop
      vertex 1.8393134062482654 -21.797273414957004 1
      vertex 1.9027659624192204 -21.84433303790355 1
      vertex 1.9027659624192204 -21.84433303790355 0
    endloop
  endfacet
  facet normal 0.9415440651830237 0.3368898533922123 -1.5209092255319046e-18
    outer loop
      vertex 1.5796630297355718 -21.40867916518984 1
      vertex 1.6062769763284144 -21.4830601630539 1
      vertex 1.6062769763284144 -21.4830601630539 0
    endloop
  endfacet
  facet normal 0.9039892931234378 0.42755509343029374 2.0237651966279645e-18
    outer loop
      vertex 1.6062769763284144 -21.4830601630539 1
      vertex 1.6400533821995742 -21.554474373144927 1
      vertex 1.6400533821995742 -21.554474373144927 0
    endloop
  endfacet
  facet normal 0.8577286100002809 0.514102744193207 -2.353308210397105e-18
    outer loop
      vertex 1.6400533821995742 -21.554474373144927 1
      vertex 1.6806669620964512 -21.62223403758078 1
      vertex 1.6806669620964512 -21.62223403758078 0
    endloop
  endfacet
  facet normal 0.8032075314806434 0.5956993044924354 0
    outer loop
      vertex 1.7277265850429968 -21.685686593751736 1
      vertex 1.7277265850429968 -21.685686593751736 0
      vertex 1.6806669620964512 -21.62223403758078 1
    endloop
  endfacet
  facet normal 0.9039892931234378 -0.42755509343029374 0
    outer loop
      vertex 1.6062769763284144 -20.866939836946102 1
      vertex 1.6062769763284144 -20.866939836946102 0
      vertex 1.6400533821995742 -20.795525626855074 1
    endloop
  endfacet
  facet normal 0.8577286100002809 -0.514102744193207 0
    outer loop
      vertex 1.6400533821995742 -20.795525626855074 1
      vertex 1.6400533821995742 -20.795525626855074 0
      vertex 1.6806669620964512 -20.72776596241922 1
    endloop
  endfacet
  facet normal 0.8032075314806434 -0.5956993044924354 0
    outer loop
      vertex 1.6806669620964512 -20.72776596241922 1
      vertex 1.6806669620964512 -20.72776596241922 0
      vertex 1.7277265850429968 -20.664313406248265 1
    endloop
  endfacet
  facet normal 0.7409511253549654 -0.6715589548470116 0
    outer loop
      vertex 1.7277265850429968 -20.664313406248265 1
      vertex 1.7277265850429968 -20.664313406248265 0
      vertex 1.7807790411448292 -20.605779041144828 1
    endloop
  endfacet
  facet normal 0.6715589548470078 -0.7409511253549687 0
    outer loop
      vertex 1.7807790411448292 -20.605779041144828 1
      vertex 1.7807790411448292 -20.605779041144828 0
      vertex 1.8393134062482654 -20.552726585042997 1
    endloop
  endfacet
  facet normal 0.5956993044924273 -0.8032075314806494 0
    outer loop
      vertex 1.8393134062482654 -20.552726585042997 1
      vertex 1.8393134062482654 -20.552726585042997 0
      vertex 1.9027659624192204 -20.505666962096452 1
    endloop
  endfacet
  facet normal 0.5141027441932294 0.8577286100002676 -1.0075445374124954e-18
    outer loop
      vertex 1.9027659624192204 -21.84433303790355 1
      vertex 1.970525626855072 -21.884946617800427 1
      vertex 1.970525626855072 -21.884946617800427 0
    endloop
  endfacet
  facet normal 0.4275550934302658 0.903989293123451 -3.4396645389873854e-19
    outer loop
      vertex 1.970525626855072 -21.884946617800427 1
      vertex 2.041939836946103 -21.918723023671586 1
      vertex 2.041939836946103 -21.918723023671586 0
    endloop
  endfacet
  facet normal 0.33688985339222294 0.9415440651830197 0
    outer loop
      vertex 2.116320834810158 -21.945336970264428 1
      vertex 2.116320834810158 -21.945336970264428 0
      vertex 2.041939836946103 -21.918723023671586 1
    endloop
  endfacet
  facet normal 0.24298017990327025 0.9700312531945424 -8.193038334057632e-19
    outer loop
      vertex 2.116320834810158 -21.945336970264428 1
      vertex 2.1929522907770167 -21.9645321507246 1
      vertex 2.1929522907770167 -21.9645321507246 0
    endloop
  endfacet
  facet normal 0.5141027441932294 -0.8577286100002676 0
    outer loop
      vertex 1.9027659624192204 -20.505666962096452 1
      vertex 1.9027659624192204 -20.505666962096452 0
      vertex 1.970525626855072 -20.465053382199574 1
    endloop
  endfacet
  facet normal 0.4275550934302658 -0.903989293123451 0
    outer loop
      vertex 1.970525626855072 -20.465053382199574 1
      vertex 1.970525626855072 -20.465053382199574 0
      vertex 2.041939836946103 -20.431276976328416 1
    endloop
  endfacet
  facet normal 0.14673047445536383 0.9891765099647807 -2.2865330475657506e-19
    outer loop
      vertex 2.1929522907770167 -21.9645321507246 1
      vertex 2.2710962020347036 -21.97612370497112 1
      vertex 2.2710962020347036 -21.97612370497112 0
    endloop
  endfacet
  facet normal 0.049067674327415496 0.9987954562051724 2.9068450566363176e-19
    outer loop
      vertex 2.2710962020347036 -21.97612370497112 1
      vertex 2.35 -21.98 1
      vertex 2.35 -21.98 0
    endloop
  endfacet
  facet normal -0.049067674327415496 0.9987954562051724 -2.9068450566363176e-19
    outer loop
      vertex 2.35 -21.98 1
      vertex 2.4289037979652965 -21.97612370497112 1
      vertex 2.4289037979652965 -21.97612370497112 0
    endloop
  endfacet
  facet normal -0.14673047445536383 0.9891765099647807 2.2865330475657506e-19
    outer loop
      vertex 2.4289037979652965 -21.97612370497112 1
      vertex 2.5070477092229835 -21.9645321507246 1
      vertex 2.5070477092229835 -21.9645321507246 0
    endloop
  endfacet
  facet normal 0 0 -1
    outer loop
      vertex 1.5488762950288815 -21.253903797965297 1
      vertex 1.545 -21.175 1
      vertex 1.5488762950288815 -21.096096202034705 1
    endloop
  endfacet
  facet normal 0 0 -1
    outer loop
      vertex 1.5796630297355718 -21.40867916518984 1
      vertex 1.5604678492753994 -21.332047709222984 1
      vertex 1.5604678492753994 -21.017952290777018 1
    endloop
  endfacet
  facet normal 0 0 -1
    outer loop
      vertex 1.5796630297355718 -21.40867916518984 1
      vertex 1.5796630297355718 -20.94132083481016 1
      vertex 1.6062769763284144 -21.4830601630539 1
    endloop
  endfacet
  facet normal 0 0 -1
    outer loop
      vertex 1.5488762950288815 -21.253903797965297 1
      vertex 1.5488762950288815 -21.096096202034705 1
      vertex 1.5604678492753994 -21.332047709222984 1
    endloop
  endfacet
  facet normal 0 0 -1
    outer loop
      vertex 1.5604678492753994 -21.332047709222984 1
      vertex 1.5488762950288815 -21.096096202034705 1
      vertex 1.5604678492753994 -21.017952290777018 1
    endloop
  endfacet
  facet normal 0 0 -1
    outer loop
      vertex 1.5796630297355718 -21.40867916518984 1
      vertex 1.5604678492753994 -21.017952290777018 1
      vertex 1.5796630297355718 -20.94132083481016 1
    endloop
  endfacet
  facet normal 0 0 -1
    outer loop
      vertex 1.6062769763284144 -21.4830601630539 1
      vertex 1.6062769763284144 -20.866939836946102 1
      vertex 1.6400533821995742 -21.554474373144927 1
    endloop
  endfacet
  facet normal 0 0 -1
    outer loop
      vertex 1.6062769763284144 -21.4830601630539 1
      vertex 1.5796630297355718 -20.94132083481016 1
      vertex 1.6062769763284144 -20.866939836946102 1
    endloop
  endfacet
  facet normal 0 0 -1
    outer loop
      vertex 1.6400533821995742 -21.554474373144927 1
      vertex 1.6400533821995742 -20.795525626855074 1
      vertex 1.6806669620964512 -21.62223403758078 1
    endloop
  endfacet
  facet normal 0 0 -1
    outer loop
      vertex 1.7277265850429968 -21.685686593751736 1
      vertex 1.6806669620964512 -21.62223403758078 1
      vertex 1.6806669620964512 -20.72776596241922 1
    endloop
  endfacet
  facet normal 0 0 -1
    outer loop
      vertex 1.7277265850429968 -21.685686593751736 1
      vertex 1.7277265850429968 -20.664313406248265 1
      vertex 1.7807790411448292 -21.744220958855173 1
    endloop
  endfacet
  facet normal 0 0 -1
    outer loop
      vertex 1.6400533821995742 -21.554474373144927 1
      vertex 1.6062769763284144 -20.866939836946102 1
      vertex 1.6400533821995742 -20.795525626855074 1
    endloop
  endfacet
  facet normal 0 0 -1
    outer loop
      vertex 1.6806669620964512 -21.62223403758078 1
      vertex 1.6400533821995742 -20.795525626855074 1
      vertex 1.6806669620964512 -20.72776596241922 1
    endloop
  endfacet
  facet normal 0 0 -1
    outer loop
      vertex 1.7277265850429968 -21.685686593751736 1
      vertex 1.6806669620964512 -20.72776596241922 1
      vertex 1.7277265850429968 -20.664313406248265 1
    endloop
  endfacet
  facet normal 0 0 -1
    outer loop
      vertex 1.7807790411448292 -21.744220958855173 1
      vertex 1.7807790411448292 -20.605779041144828 1
      vertex 1.8393134062482654 -21.797273414957004 1
    endloop
  endfacet
  facet normal 0 0 -1
    outer loop
      vertex 1.8393134062482654 -21.797273414957004 1
      vertex 1.8393134062482654 -20.552726585042997 1
      vertex 1.9027659624192204 -21.84433303790355 1
    endloop
  endfacet
  facet normal 0 0 -1
    outer loop
      vertex 1.7807790411448292 -21.744220958855173 1
      vertex 1.7277265850429968 -20.664313406248265 1
      vertex 1.7807790411448292 -20.605779041144828 1
    endloop
  endfacet
  facet normal 0 0 -1
    outer loop
      vertex 1.8393134062482654 -21.797273414957004 1
      vertex 1.7807790411448292 -20.605779041144828 1
      vertex 1.8393134062482654 -20.552726585042997 1
    endloop
  endfacet
  facet normal 0 0 -1
    outer loop
      vertex 1.9027659624192204 -21.84433303790355 1
      vertex 1.8393134062482654 -20.552726585042997 1
      vertex 1.9027659624192204 -20.505666962096452 1
    endloop
  endfacet
  facet normal 0 0 -1
    outer loop
      vertex 1.9027659624192204 -21.84433303790355 1
      vertex 1.9027659624192204 -20.505666962096452 1
      vertex 1.970525626855072 -21.884946617800427 1
    endloop
  endfacet
  facet normal 0 0 -1
    outer loop
      vertex 1.970525626855072 -21.884946617800427 1
      vertex 1.970525626855072 -20.465053382199574 1
      vertex 2.041939836946103 -21.918723023671586 1
    endloop
  endfacet
  facet normal 0 0 -1
    outer loop
      vertex 2.116320834810158 -21.945336970264428 1
      vertex 2.041939836946103 -21.918723023671586 1
      vertex 2.041939836946103 -20.431276976328416 1
    endloop
  endfacet
  facet normal 0 0 -1
    outer loop
      vertex 1.970525626855072 -21.884946617800427 1
      vertex 1.9027659624192204 -20.505666962096452 1
      vertex 1.970525626855072 -20.465053382199574 1
    endloop
  endfacet
  facet normal 0 0 -1
    outer loop
      vertex 1.970525626855072 -20.465053382199574 1
      vertex 2.041939836946103 -20.431276976328416 1
      vertex 2.041939836946103 -21.918723023671586 1
    endloop
  endfacet
  facet normal 0 0 -1
    outer loop
      vertex 2.116320834810158 -21.945336970264428 1
      vertex 2.116320834810158 -20.404663029735573 1
      vertex 2.1929522907770167 -21.9645321507246 1
    endloop
  endfacet
  facet normal 0 0 -1
    outer loop
      vertex 2.1929522907770167 -21.9645321507246 1
      vertex 2.1929522907770167 -20.3854678492754 1
      vertex 2.2710962020347036 -21.97612370497112 1
    endloop
  endfacet
  facet normal 0 0 -1
    outer loop
      vertex 2.116320834810158 -21.945336970264428 1
      vertex 2.041939836946103 -20.431276976328416 1
      vertex 2.116320834810158 -20.404663029735573 1
    endloop
  endfacet
  facet normal 0 0 -1
    outer loop
      vertex 2.1929522907770167 -21.9645321507246 1
      vertex 2.116320834810158 -20.404663029735573 1
      vertex 2.1929522907770167 -20.3854678492754 1
    endloop
  endfacet
  facet normal 0 0 -1
    outer loop
      vertex 2.2710962020347036 -21.97612370497112 1
      vertex 2.2710962020347036 -20.373876295028882 1
      vertex 2.35 -21.98 1
    endloop
  endfacet
  facet normal 0 0 -1
    outer loop
      vertex 2.35 -21.98 1
      vertex 2.35 -20.37 1
      vertex 2.4289037979652965 -21.97612370497112 1
    endloop
  endfacet
  facet normal 0 0 -1
    outer loop
      vertex 2.2710962020347036 -21.97612370497112 1
      vertex 2.1929522907770167 -20.3854678492754 1
      vertex 2.2710962020347036 -20.373876295028882 1
    endloop
  endfacet
  facet normal 0 0 -1
    outer loop
      vertex 2.35 -21.98 1
      vertex 2.2710962020347036 -20.373876295028882 1
      vertex 2.35 -20.37 1
    endloop
  endfacet
  facet normal 0 0 -1
    outer loop
      vertex 2.4289037979652965 -21.97612370497112 1
      vertex 2.4289037979652965 -20.373876295028882 1
      vertex 2.5070477092229835 -21.9645321507246 1
    endloop
  endfacet
  facet normal 0 0 -1
    outer loop
      vertex 2.5070477092229835 -21.9645321507246 1
      vertex 2.5070477092229835 -20.3854678492754 1
      vertex 2.5836791651898423 -21.945336970264428 1
    endloop
  endfacet
  facet normal 0 0 -1
    outer loop
      vertex 2.4289037979652965 -21.97612370497112 1
      vertex 2.35 -20.37 1
      vertex 2.4289037979652965 -20.373876295028882 1
    endloop
  endfacet
  facet normal 0 0 -1
    outer loop
      vertex 2.5070477092229835 -21.9645321507246 1
      vertex 2.4289037979652965 -20.373876295028882 1
      vertex 2.5070477092229835 -20.3854678492754 1
    endloop
  endfacet
  facet normal -0.33688985339222294 0.9415440651830197 0
    outer loop
      vertex 2.5836791651898423 -21.945336970264428 1
      vertex 2.6580601630538974 -21.918723023671586 0
      vertex 2.5836791651898423 -21.945336970264428 0
    endloop
  endfacet
  facet normal -0.42755509343026693 0.9039892931234506 0
    outer loop
      vertex 2.6580601630538974 -21.918723023671586 1
      vertex 2.729474373144928 -21.884946617800427 0
      vertex 2.6580601630538974 -21.918723023671586 0
    endloop
  endfacet
  facet normal -0.5141027441932281 0.8577286100002682 0
    outer loop
      vertex 2.729474373144928 -21.884946617800427 1
      vertex 2.79723403758078 -21.84433303790355 0
      vertex 2.729474373144928 -21.884946617800427 0
    endloop
  endfacet
  facet normal -0.5956993044924273 0.8032075314806494 0
    outer loop
      vertex 2.79723403758078 -21.84433303790355 1
      vertex 2.8606865937517347 -21.797273414957004 0
      vertex 2.79723403758078 -21.84433303790355 0
    endloop
  endfacet
  facet normal -0.42755509343026693 -0.9039892931234506 0
    outer loop
      vertex 2.729474373144928 -20.465053382199574 1
      vertex 2.6580601630538974 -20.431276976328416 0
      vertex 2.729474373144928 -20.465053382199574 0
    endloop
  endfacet
  facet normal -0.5141027441932281 -0.8577286100002682 0
    outer loop
      vertex 2.79723403758078 -20.505666962096452 1
      vertex 2.729474373144928 -20.465053382199574 0
      vertex 2.79723403758078 -20.505666962096452 0
    endloop
  endfacet
  facet normal -0.5956993044924273 -0.8032075314806494 0
    outer loop
      vertex 2.8606865937517347 -20.552726585042997 1
      vertex 2.79723403758078 -20.505666962096452 0
      vertex 2.8606865937517347 -20.552726585042997 0
    endloop
  endfacet
  facet normal -0.6715589548470078 0.7409511253549687 0
    outer loop
      vertex 2.8606865937517347 -21.797273414957004 1
      vertex 2.919220958855171 -21.744220958855173 0
      vertex 2.8606865937517347 -21.797273414957004 0
    endloop
  endfacet
  facet normal -0.7409511253549654 0.6715589548470116 0
    outer loop
      vertex 2.919220958855171 -21.744220958855173 1
      vertex 2.9722734149570034 -21.685686593751736 0
      vertex 2.919220958855171 -21.744220958855173 0
    endloop
  endfacet
  facet normal -0.8032075314806421 0.5956993044924372 0
    outer loop
      vertex 2.9722734149570034 -21.685686593751736 1
      vertex 3.0193330379035492 -21.62223403758078 0
      vertex 2.9722734149570034 -21.685686593751736 0
    endloop
  endfacet
  facet normal -0.6715589548470078 -0.7409511253549687 0
    outer loop
      vertex 2.919220958855171 -20.605779041144828 1
      vertex 2.8606865937517347 -20.552726585042997 0
      vertex 2.919220958855171 -20.605779041144828 0
    endloop
  endfacet
  facet normal -0.7409511253549654 -0.6715589548470116 0
    outer loop
      vertex 2.9722734149570034 -20.664313406248265 1
      vertex 2.919220958855171 -20.605779041144828 0
      vertex 2.9722734149570034 -20.664313406248265 0
    endloop
  endfacet
  facet normal -0.8032075314806421 -0.5956993044924372 0
    outer loop
      vertex 3.0193330379035492 -20.72776596241922 1
      vertex 2.9722734149570034 -20.664313406248265 0
      vertex 3.0193330379035492 -20.72776596241922 0
    endloop
  endfacet
  facet normal -0.8577286100002821 0.514102744193205 0
    outer loop
      vertex 3.0193330379035492 -21.62223403758078 1
      vertex 3.059946617800426 -21.554474373144927 0
      vertex 3.0193330379035492 -21.62223403758078 0
    endloop
  endfacet
  facet normal -0.9039892931234378 0.42755509343029374 0
    outer loop
      vertex 3.059946617800426 -21.554474373144927 1
      vertex 3.093723023671586 -21.4830601630539 0
      vertex 3.059946617800426 -21.554474373144927 0
    endloop
  endfacet
  facet normal -0.9415440651830237 0.3368898533922123 0
    outer loop
      vertex 3.093723023671586 -21.4830601630539 1
      vertex 3.1203369702644284 -21.40867916518984 0
      vertex 3.093723023671586 -21.4830601630539 0
    endloop
  endfacet
  facet normal -0.9700312531945432 0.24298017990326762 0
    outer loop
      vertex 3.1203369702644284 -21.40867916518984 1
      vertex 3.139532150724601 -21.332047709222984 0
      vertex 3.1203369702644284 -21.40867916518984 0
    endloop
  endfacet
  facet normal -0.9891765099647807 0.14673047445536383 0
    outer loop
      vertex 3.139532150724601 -21.332047709222984 1
      vertex 3.151123704971119 -21.253903797965297 0
      vertex 3.139532150724601 -21.332047709222984 0
    endloop
  endfacet
  facet normal -0.9987954562051724 0.049067674327415774 0
    outer loop
      vertex 3.151123704971119 -21.253903797965297 1
      vertex 3.1550000000000002 -21.175 0
      vertex 3.151123704971119 -21.253903797965297 0
    endloop
  endfacet
  facet normal -0.9987954562051724 -0.049067674327415774 0
    outer loop
      vertex 3.1550000000000002 -21.175 1
      vertex 3.151123704971119 -21.096096202034705 0
      vertex 3.1550000000000002 -21.175 0
    endloop
  endfacet
  facet normal -0.8577286100002821 -0.514102744193205 0
    outer loop
      vertex 3.059946617800426 -20.795525626855074 1
      vertex 3.0193330379035492 -20.72776596241922 0
      vertex 3.059946617800426 -20.795525626855074 0
    endloop
  endfacet
  facet normal -0.9039892931234378 -0.42755509343029374 0
    outer loop
      vertex 3.093723023671586 -20.866939836946102 1
      vertex 3.059946617800426 -20.795525626855074 0
      vertex 3.093723023671586 -20.866939836946102 0
    endloop
  endfacet
  facet normal -0.9415440651830237 -0.3368898533922123 0
    outer loop
      vertex 3.1203369702644284 -20.94132083481016 1
      vertex 3.093723023671586 -20.866939836946102 0
      vertex 3.1203369702644284 -20.94132083481016 0
    endloop
  endfacet
  facet normal -0.9700312531945432 -0.24298017990326762 0
    outer loop
      vertex 3.139532150724601 -21.017952290777018 1
      vertex 3.1203369702644284 -20.94132083481016 0
      vertex 3.139532150724601 -21.017952290777018 0
    endloop
  endfacet
  facet normal -0.9891765099647807 -0.14673047445536383 0
    outer loop
      vertex 3.151123704971119 -21.096096202034705 1
      vertex 3.139532150724601 -21.017952290777018 0
      vertex 3.151123704971119 -21.096096202034705 0
    endloop
  endfacet
  facet normal -0.24298017990327025 0.9700312531945424 8.193038334057632e-19
    outer loop
      vertex 2.5070477092229835 -21.9645321507246 1
      vertex 2.5836791651898423 -21.945336970264428 1
      vertex 2.5836791651898423 -21.945336970264428 0
    endloop
  endfacet
  facet normal -0.33688985339222294 0.9415440651830197 -1.312260308144441e-18
    outer loop
      vertex 2.5836791651898423 -21.945336970264428 1
      vertex 2.6580601630538974 -21.918723023671586 1
      vertex 2.6580601630538974 -21.918723023671586 0
    endloop
  endfacet
  facet normal -0.42755509343026693 0.9039892931234506 -1.2673703476130465e-18
    outer loop
      vertex 2.6580601630538974 -21.918723023671586 1
      vertex 2.729474373144928 -21.884946617800427 1
      vertex 2.729474373144928 -21.884946617800427 0
    endloop
  endfacet
  facet normal -0.5141027441932281 0.8577286100002682 -1.224950350217209e-19
    outer loop
      vertex 2.729474373144928 -21.884946617800427 1
      vertex 2.79723403758078 -21.84433303790355 1
      vertex 2.79723403758078 -21.84433303790355 0
    endloop
  endfacet
  facet normal -0.5956993044924273 0.8032075314806494 2.0825176964695893e-18
    outer loop
      vertex 2.79723403758078 -21.84433303790355 1
      vertex 2.8606865937517347 -21.797273414957004 1
      vertex 2.8606865937517347 -21.797273414957004 0
    endloop
  endfacet
  facet normal -0.42755509343026693 -0.9039892931234506 0
    outer loop
      vertex 2.6580601630538974 -20.431276976328416 1
      vertex 2.6580601630538974 -20.431276976328416 0
      vertex 2.729474373144928 -20.465053382199574 1
    endloop
  endfacet
  facet normal -0.5141027441932281 -0.8577286100002682 0
    outer loop
      vertex 2.729474373144928 -20.465053382199574 1
      vertex 2.729474373144928 -20.465053382199574 0
      vertex 2.79723403758078 -20.505666962096452 1
    endloop
  endfacet
  facet normal -0.5956993044924273 -0.8032075314806494 0
    outer loop
      vertex 2.79723403758078 -20.505666962096452 1
      vertex 2.79723403758078 -20.505666962096452 0
      vertex 2.8606865937517347 -20.552726585042997 1
    endloop
  endfacet
  facet normal -0.6715589548470078 0.7409511253549687 -6.741688154955562e-19
    outer loop
      vertex 2.8606865937517347 -21.797273414957004 1
      vertex 2.919220958855171 -21.744220958855173 1
      vertex 2.919220958855171 -21.744220958855173 0
    endloop
  endfacet
  facet normal -0.7409511253549654 0.6715589548470116 1.900500599665891e-18
    outer loop
      vertex 2.919220958855171 -21.744220958855173 1
      vertex 2.9722734149570034 -21.685686593751736 1
      vertex 2.9722734149570034 -21.685686593751736 0
    endloop
  endfacet
  facet normal -0.8032075314806421 0.5956993044924372 7.747667145312049e-19
    outer loop
      vertex 2.9722734149570034 -21.685686593751736 1
      vertex 3.0193330379035492 -21.62223403758078 1
      vertex 3.0193330379035492 -21.62223403758078 0
    endloop
  endfacet
  facet normal -0.6715589548470078 -0.7409511253549687 0
    outer loop
      vertex 2.8606865937517347 -20.552726585042997 1
      vertex 2.8606865937517347 -20.552726585042997 0
      vertex 2.919220958855171 -20.605779041144828 1
    endloop
  endfacet
  facet normal -0.7409511253549654 -0.6715589548470116 0
    outer loop
      vertex 2.919220958855171 -20.605779041144828 1
      vertex 2.919220958855171 -20.605779041144828 0
      vertex 2.9722734149570034 -20.664313406248265 1
    endloop
  endfacet
  facet normal -0.8032075314806421 -0.5956993044924372 0
    outer loop
      vertex 2.9722734149570034 -20.664313406248265 1
      vertex 2.9722734149570034 -20.664313406248265 0
      vertex 3.0193330379035492 -20.72776596241922 1
    endloop
  endfacet
  facet normal -0.8577286100002821 0.514102744193205 -1.4507721242258433e-18
    outer loop
      vertex 3.0193330379035492 -21.62223403758078 1
      vertex 3.059946617800426 -21.554474373144927 1
      vertex 3.059946617800426 -21.554474373144927 0
    endloop
  endfacet
  facet normal -0.9039892931234378 0.42755509343029374 -2.0237651966279645e-18
    outer loop
      vertex 3.059946617800426 -21.554474373144927 1
      vertex 3.093723023671586 -21.4830601630539 1
      vertex 3.093723023671586 -21.4830601630539 0
    endloop
  endfacet
  facet normal -0.9415440651830237 0.3368898533922123 1.5209092255319046e-18
    outer loop
      vertex 3.093723023671586 -21.4830601630539 1
      vertex 3.1203369702644284 -21.40867916518984 1
      vertex 3.1203369702644284 -21.40867916518984 0
    endloop
  endfacet
  facet normal -0.9700312531945432 0.24298017990326762 -7.306618478380298e-19
    outer loop
      vertex 3.1203369702644284 -21.40867916518984 1
      vertex 3.139532150724601 -21.332047709222984 1
      vertex 3.139532150724601 -21.332047709222984 0
    endloop
  endfacet
  facet normal -0.9891765099647807 0.14673047445536383 2.2865330475657506e-19
    outer loop
      vertex 3.139532150724601 -21.332047709222984 1
      vertex 3.151123704971119 -21.253903797965297 1
      vertex 3.151123704971119 -21.253903797965297 0
    endloop
  endfacet
  facet normal -0.9987954562051724 0.049067674327415774 -1.2229393210683948e-19
    outer loop
      vertex 3.151123704971119 -21.253903797965297 1
      vertex 3.1550000000000002 -21.175 1
      vertex 3.1550000000000002 -21.175 0
    endloop
  endfacet
  facet normal -0.9987954562051724 -0.049067674327415774 1.2229393210683948e-19
    outer loop
      vertex 3.1550000000000002 -21.175 1
      vertex 3.151123704971119 -21.096096202034705 1
      vertex 3.151123704971119 -21.096096202034705 0
    endloop
  endfacet
  facet normal -0.9039892931234378 -0.42755509343029374 2.0237651966279645e-18
    outer loop
      vertex 3.093723023671586 -20.866939836946102 1
      vertex 3.059946617800426 -20.795525626855074 1
      vertex 3.059946617800426 -20.795525626855074 0
    endloop
  endfacet
  facet normal -0.8577286100002821 -0.514102744193205 0
    outer loop
      vertex 3.0193330379035492 -20.72776596241922 1
      vertex 3.0193330379035492 -20.72776596241922 0
      vertex 3.059946617800426 -20.795525626855074 1
    endloop
  endfacet
  facet normal -0.9700312531945432 -0.24298017990326762 0
    outer loop
      vertex 3.1203369702644284 -20.94132083481016 1
      vertex 3.1203369702644284 -20.94132083481016 0
      vertex 3.139532150724601 -21.017952290777018 1
    endloop
  endfacet
  facet normal -0.9415440651830237 -0.3368898533922123 0
    outer loop
      vertex 3.093723023671586 -20.866939836946102 1
      vertex 3.093723023671586 -20.866939836946102 0
      vertex 3.1203369702644284 -20.94132083481016 1
    endloop
  endfacet
  facet normal -0.9891765099647807 -0.14673047445536383 -2.2865330475657506e-19
    outer loop
      vertex 3.151123704971119 -21.096096202034705 1
      vertex 3.139532150724601 -21.017952290777018 1
      vertex 3.139532150724601 -21.017952290777018 0
    endloop
  endfacet
  facet normal 0 0 -1
    outer loop
      vertex 2.5836791651898423 -21.945336970264428 1
      vertex 2.5836791651898423 -20.404663029735573 1
      vertex 2.6580601630538974 -21.918723023671586 1
    endloop
  endfacet
  facet normal 0 0 -1
    outer loop
      vertex 2.6580601630538974 -21.918723023671586 1
      vertex 2.6580601630538974 -20.431276976328416 1
      vertex 2.729474373144928 -21.884946617800427 1
    endloop
  endfacet
  facet normal 0 0 -1
    outer loop
      vertex 2.5836791651898423 -21.945336970264428 1
      vertex 2.5070477092229835 -20.3854678492754 1
      vertex 2.5836791651898423 -20.404663029735573 1
    endloop
  endfacet
  facet normal 0 0 -1
    outer loop
      vertex 2.6580601630538974 -21.918723023671586 1
      vertex 2.5836791651898423 -20.404663029735573 1
      vertex 2.6580601630538974 -20.431276976328416 1
    endloop
  endfacet
  facet normal 0 0 -1
    outer loop
      vertex 2.729474373144928 -21.884946617800427 1
      vertex 2.729474373144928 -20.465053382199574 1
      vertex 2.79723403758078 -21.84433303790355 1
    endloop
  endfacet
  facet normal 0 0 -1
    outer loop
      vertex 2.79723403758078 -21.84433303790355 1
      vertex 2.79723403758078 -20.505666962096452 1
      vertex 2.8606865937517347 -21.797273414957004 1
    endloop
  endfacet
  facet normal 0 0 -1
    outer loop
      vertex 2.729474373144928 -21.884946617800427 1
      vertex 2.6580601630538974 -20.431276976328416 1
      vertex 2.729474373144928 -20.465053382199574 1
    endloop
  endfacet
  facet normal 0 0 -1
    outer loop
      vertex 2.79723403758078 -21.84433303790355 1
      vertex 2.729474373144928 -20.465053382199574 1
      vertex 2.79723403758078 -20.505666962096452 1
    endloop
  endfacet
  facet normal 0 0 -1
    outer loop
      vertex 2.8606865937517347 -21.797273414957004 1
      vertex 2.79723403758078 -20.505666962096452 1
      vertex 2.8606865937517347 -20.552726585042997 1
    endloop
  endfacet
  facet normal 0 0 -1
    outer loop
      vertex 2.8606865937517347 -21.797273414957004 1
      vertex 2.8606865937517347 -20.552726585042997 1
      vertex 2.919220958855171 -21.744220958855173 1
    endloop
  endfacet
  facet normal 0 0 -1
    outer loop
      vertex 2.919220958855171 -21.744220958855173 1
      vertex 2.919220958855171 -20.605779041144828 1
      vertex 2.9722734149570034 -21.685686593751736 1
    endloop
  endfacet
  facet normal 0 0 -1
    outer loop
      vertex 2.9722734149570034 -21.685686593751736 1
      vertex 2.9722734149570034 -20.664313406248265 1
      vertex 3.0193330379035492 -21.62223403758078 1
    endloop
  endfacet
  facet normal 0 0 -1
    outer loop
      vertex 2.919220958855171 -21.744220958855173 1
      vertex 2.8606865937517347 -20.552726585042997 1
      vertex 2.919220958855171 -20.605779041144828 1
    endloop
  endfacet
  facet normal 0 0 -1
    outer loop
      vertex 2.9722734149570034 -21.685686593751736 1
      vertex 2.919220958855171 -20.605779041144828 1
      vertex 2.9722734149570034 -20.664313406248265 1
    endloop
  endfacet
  facet normal 0 0 -1
    outer loop
      vertex 3.0193330379035492 -21.62223403758078 1
      vertex 2.9722734149570034 -20.664313406248265 1
      vertex 3.0193330379035492 -20.72776596241922 1
    endloop
  endfacet
  facet normal 0 0 -1
    outer loop
      vertex 3.0193330379035492 -21.62223403758078 1
      vertex 3.0193330379035492 -20.72776596241922 1
      vertex 3.059946617800426 -21.554474373144927 1
    endloop
  endfacet
  facet normal 0 0 -1
    outer loop
      vertex 3.059946617800426 -21.554474373144927 1
      vertex 3.059946617800426 -20.795525626855074 1
      vertex 3.093723023671586 -21.4830601630539 1
    endloop
  endfacet
  facet normal 0 0 -1
    outer loop
      vertex 3.093723023671586 -21.4830601630539 1
      vertex 3.093723023671586 -20.866939836946102 1
      vertex 3.1203369702644284 -21.40867916518984 1
    endloop
  endfacet
  facet normal 0 0 -1
    outer loop
      vertex 3.1203369702644284 -21.40867916518984 1
      vertex 3.1203369702644284 -20.94132083481016 1
      vertex 3.139532150724601 -21.332047709222984 1
    endloop
  endfacet
  facet normal 0 0 -1
    outer loop
      vertex 3.139532150724601 -21.332047709222984 1
      vertex 3.1203369702644284 -20.94132083481016 1
      vertex 3.139532150724601 -21.017952290777018 1
    endloop
  endfacet
  facet normal 0 0 -1
    outer loop
      vertex 3.139532150724601 -21.332047709222984 1
      vertex 3.139532150724601 -21.017952290777018 1
      vertex 3.151123704971119 -21.253903797965297 1
    endloop
  endfacet
  facet normal 0 0 -1
    outer loop
      vertex 3.151123704971119 -21.253903797965297 1
      vertex 3.151123704971119 -21.096096202034705 1
      vertex 3.1550000000000002 -21.175 1
    endloop
  endfacet
  facet normal 0 0 -1
    outer loop
      vertex 3.151123704971119 -21.253903797965297 1
      vertex 3.139532150724601 -21.017952290777018 1
      vertex 3.151123704971119 -21.096096202034705 1
    endloop
  endfacet
  facet normal 0 0 -1
    outer loop
      vertex 3.059946617800426 -21.554474373144927 1
      vertex 3.0193330379035492 -20.72776596241922 1
      vertex 3.059946617800426 -20.795525626855074 1
    endloop
  endfacet
  facet normal 0 0 -1
    outer loop
      vertex 3.093723023671586 -21.4830601630539 1
      vertex 3.059946617800426 -20.795525626855074 1
      vertex 3.093723023671586 -20.866939836946102 1
    endloop
  endfacet
  facet normal 0 0 -1
    outer loop
      vertex 3.1203369702644284 -21.40867916518984 1
      vertex 3.093723023671586 -20.866939836946102 1
      vertex 3.1203369702644284 -20.94132083481016 1
    endloop
  endfacet
  facet normal 0.33688985339222294 -0.9415440651830197 0
    outer loop
      vertex 2.116320834810158 -20.404663029735573 1
      vertex 2.041939836946103 -20.431276976328416 0
      vertex 2.116320834810158 -20.404663029735573 0
    endloop
  endfacet
  facet normal 0.24298017990327025 -0.9700312531945424 0
    outer loop
      vertex 2.1929522907770167 -20.3854678492754 1
      vertex 2.116320834810158 -20.404663029735573 0
      vertex 2.1929522907770167 -20.3854678492754 0
    endloop
  endfacet
  facet normal 0.14673047445536383 -0.9891765099647807 0
    outer loop
      vertex 2.2710962020347036 -20.373876295028882 1
      vertex 2.1929522907770167 -20.3854678492754 0
      vertex 2.2710962020347036 -20.373876295028882 0
    endloop
  endfacet
  facet normal 0.049067674327415496 -0.9987954562051724 0
    outer loop
      vertex 2.35 -20.37 1
      vertex 2.2710962020347036 -20.373876295028882 0
      vertex 2.35 -20.37 0
    endloop
  endfacet
  facet normal -0.049067674327415496 -0.9987954562051724 0
    outer loop
      vertex 2.4289037979652965 -20.373876295028882 1
      vertex 2.35 -20.37 0
      vertex 2.4289037979652965 -20.373876295028882 0
    endloop
  endfacet
  facet normal -0.14673047445536383 -0.9891765099647807 0
    outer loop
      vertex 2.5070477092229835 -20.3854678492754 1
      vertex 2.4289037979652965 -20.373876295028882 0
      vertex 2.5070477092229835 -20.3854678492754 0
    endloop
  endfacet
  facet normal 0.33688985339222294 -0.9415440651830197 0
    outer loop
      vertex 2.041939836946103 -20.431276976328416 1
      vertex 2.041939836946103 -20.431276976328416 0
      vertex 2.116320834810158 -20.404663029735573 1
    endloop
  endfacet
  facet normal 0.24298017990327025 -0.9700312531945424 0
    outer loop
      vertex 2.116320834810158 -20.404663029735573 1
      vertex 2.116320834810158 -20.404663029735573 0
      vertex 2.1929522907770167 -20.3854678492754 1
    endloop
  endfacet
  facet normal 0.14673047445536383 -0.9891765099647807 0
    outer loop
      vertex 2.1929522907770167 -20.3854678492754 1
      vertex 2.1929522907770167 -20.3854678492754 0
      vertex 2.2710962020347036 -20.373876295028882 1
    endloop
  endfacet
  facet normal 0.049067674327415496 -0.9987954562051724 0
    outer loop
      vertex 2.2710962020347036 -20.373876295028882 1
      vertex 2.2710962020347036 -20.373876295028882 0
      vertex 2.35 -20.37 1
    endloop
  endfacet
  facet normal -0.049067674327415496 -0.9987954562051724 0
    outer loop
      vertex 2.35 -20.37 1
      vertex 2.35 -20.37 0
      vertex 2.4289037979652965 -20.373876295028882 1
    endloop
  endfacet
  facet normal -0.14673047445536383 -0.9891765099647807 0
    outer loop
      vertex 2.4289037979652965 -20.373876295028882 1
      vertex 2.4289037979652965 -20.373876295028882 0
      vertex 2.5070477092229835 -20.3854678492754 1
    endloop
  endfacet
  facet normal -0.24298017990327025 -0.9700312531945424 0
    outer loop
      vertex 2.5070477092229835 -20.3854678492754 1
      vertex 2.5070477092229835 -20.3854678492754 0
      vertex 2.5836791651898423 -20.404663029735573 1
    endloop
  endfacet
  facet normal -0.24298017990327025 -0.9700312531945424 0
    outer loop
      vertex 2.5836791651898423 -20.404663029735573 1
      vertex 2.5070477092229835 -20.3854678492754 0
      vertex 2.5836791651898423 -20.404663029735573 0
    endloop
  endfacet
  facet normal -0.33688985339222294 -0.9415440651830197 0
    outer loop
      vertex 2.6580601630538974 -20.431276976328416 1
      vertex 2.5836791651898423 -20.404663029735573 0
      vertex 2.6580601630538974 -20.431276976328416 0
    endloop
  endfacet
  facet normal -0.33688985339222294 -0.9415440651830197 0
    outer loop
      vertex 2.5836791651898423 -20.404663029735573 1
      vertex 2.5836791651898423 -20.404663029735573 0
      vertex 2.6580601630538974 -20.431276976328416 1
    endloop
  endfacet
  facet normal 0.9415440651830237 0.3368898533922123 0
    outer loop
      vertex 17.37966302973557 -21.40867916518984 1
      vertex 17.406276976328414 -21.4830601630539 0
      vertex 17.37966302973557 -21.40867916518984 0
    endloop
  endfacet
  facet normal 0.9700312531945418 0.2429801799032729 0
    outer loop
      vertex 17.3604678492754 -21.332047709222984 1
      vertex 17.37966302973557 -21.40867916518984 0
      vertex 17.3604678492754 -21.332047709222984 0
    endloop
  endfacet
  facet normal 0.9891765099647807 0.14673047445536383 0
    outer loop
      vertex 17.34887629502888 -21.253903797965297 1
      vertex 17.3604678492754 -21.332047709222984 0
      vertex 17.34887629502888 -21.253903797965297 0
    endloop
  endfacet
  facet normal 0.9987954562051724 0.049067674327415774 0
    outer loop
      vertex 17.345 -21.175 1
      vertex 17.34887629502888 -21.253903797965297 0
      vertex 17.345 -21.175 0
    endloop
  endfacet
  facet normal 0.9987954562051724 -0.049067674327415774 0
    outer loop
      vertex 17.34887629502888 -21.096096202034705 1
      vertex 17.345 -21.175 0
      vertex 17.34887629502888 -21.096096202034705 0
    endloop
  endfacet
  facet normal 0.9039892931234443 0.42755509343028 0
    outer loop
      vertex 17.406276976328414 -21.4830601630539 1
      vertex 17.440053382199572 -21.554474373144927 0
      vertex 17.406276976328414 -21.4830601630539 0
    endloop
  endfacet
  facet normal 0.8577286100002772 0.5141027441932133 0
    outer loop
      vertex 17.440053382199572 -21.554474373144927 1
      vertex 17.48066696209645 -21.62223403758078 0
      vertex 17.440053382199572 -21.554474373144927 0
    endloop
  endfacet
  facet normal 0.9891765099647807 -0.14673047445536383 0
    outer loop
      vertex 17.3604678492754 -21.017952290777018 1
      vertex 17.34887629502888 -21.096096202034705 0
      vertex 17.3604678492754 -21.017952290777018 0
    endloop
  endfacet
  facet normal 0.9700312531945418 -0.2429801799032729 0
    outer loop
      vertex 17.37966302973557 -20.94132083481016 1
      vertex 17.3604678492754 -21.017952290777018 0
      vertex 17.37966302973557 -20.94132083481016 0
    endloop
  endfacet
  facet normal 0.9415440651830237 -0.3368898533922123 0
    outer loop
      vertex 17.406276976328414 -20.866939836946102 1
      vertex 17.37966302973557 -20.94132083481016 0
      vertex 17.406276976328414 -20.866939836946102 0
    endloop
  endfacet
  facet normal 0.9039892931234443 -0.42755509343028 0
    outer loop
      vertex 17.440053382199572 -20.795525626855074 1
      vertex 17.406276976328414 -20.866939836946102 0
      vertex 17.440053382199572 -20.795525626855074 0
    endloop
  endfacet
  facet normal 0.8577286100002772 -0.5141027441932133 0
    outer loop
      vertex 17.48066696209645 -20.72776596241922 1
      vertex 17.440053382199572 -20.795525626855074 0
      vertex 17.48066696209645 -20.72776596241922 0
    endloop
  endfacet
  facet normal 0.6715589548470247 0.7409511253549536 0
    outer loop
      vertex 17.58077904114483 -21.744220958855173 1
      vertex 17.639313406248263 -21.797273414957004 0
      vertex 17.58077904114483 -21.744220958855173 0
    endloop
  endfacet
  facet normal 0.59569930449243 0.8032075314806474 0
    outer loop
      vertex 17.639313406248263 -21.797273414957004 1
      vertex 17.702765962419218 -21.84433303790355 0
      vertex 17.639313406248263 -21.797273414957004 0
    endloop
  endfacet
  facet normal 0.5141027441932133 0.8577286100002772 0
    outer loop
      vertex 17.702765962419218 -21.84433303790355 1
      vertex 17.770525626855072 -21.884946617800427 0
      vertex 17.702765962419218 -21.84433303790355 0
    endloop
  endfacet
  facet normal 0.42755509343028 0.9039892931234443 0
    outer loop
      vertex 17.770525626855072 -21.884946617800427 1
      vertex 17.8419398369461 -21.918723023671586 0
      vertex 17.770525626855072 -21.884946617800427 0
    endloop
  endfacet
  facet normal 0.8032075314806474 0.59569930449243 0
    outer loop
      vertex 17.48066696209645 -21.62223403758078 1
      vertex 17.527726585042995 -21.685686593751736 0
      vertex 17.48066696209645 -21.62223403758078 0
    endloop
  endfacet
  facet normal 0.7409511253549513 0.6715589548470269 0
    outer loop
      vertex 17.527726585042995 -21.685686593751736 1
      vertex 17.58077904114483 -21.744220958855173 0
      vertex 17.527726585042995 -21.685686593751736 0
    endloop
  endfacet
  facet normal 0.8032075314806474 -0.59569930449243 0
    outer loop
      vertex 17.527726585042995 -20.664313406248265 1
      vertex 17.48066696209645 -20.72776596241922 0
      vertex 17.527726585042995 -20.664313406248265 0
    endloop
  endfacet
  facet normal 0.7409511253549513 -0.6715589548470269 0
    outer loop
      vertex 17.58077904114483 -20.605779041144828 1
      vertex 17.527726585042995 -20.664313406248265 0
      vertex 17.58077904114483 -20.605779041144828 0
    endloop
  endfacet
  facet normal 0.6715589548470247 -0.7409511253549536 0
    outer loop
      vertex 17.639313406248263 -20.552726585042997 1
      vertex 17.58077904114483 -20.605779041144828 0
      vertex 17.639313406248263 -20.552726585042997 0
    endloop
  endfacet
  facet normal 0.59569930449243 -0.8032075314806474 0
    outer loop
      vertex 17.702765962419218 -20.505666962096452 1
      vertex 17.639313406248263 -20.552726585042997 0
      vertex 17.702765962419218 -20.505666962096452 0
    endloop
  endfacet
  facet normal 0.5141027441932133 -0.8577286100002772 0
    outer loop
      vertex 17.770525626855072 -20.465053382199574 1
      vertex 17.702765962419218 -20.505666962096452 0
      vertex 17.770525626855072 -20.465053382199574 0
    endloop
  endfacet
  facet normal 0.9415440651830237 0.3368898533922123 -1.5209092255319046e-18
    outer loop
      vertex 17.37966302973557 -21.40867916518984 1
      vertex 17.406276976328414 -21.4830601630539 1
      vertex 17.406276976328414 -21.4830601630539 0
    endloop
  endfacet
  facet normal 0.9891765099647807 0.14673047445536383 -2.2865330475657506e-19
    outer loop
      vertex 17.34887629502888 -21.253903797965297 1
      vertex 17.3604678492754 -21.332047709222984 1
      vertex 17.3604678492754 -21.332047709222984 0
    endloop
  endfacet
  facet normal 0.9987954562051724 0.049067674327415774 0
    outer loop
      vertex 17.34887629502888 -21.253903797965297 1
      vertex 17.34887629502888 -21.253903797965297 0
      vertex 17.345 -21.175 1
    endloop
  endfacet
  facet normal 0.9987954562051724 -0.049067674327415774 0
    outer loop
      vertex 17.345 -21.175 1
      vertex 17.345 -21.175 0
      vertex 17.34887629502888 -21.096096202034705 1
    endloop
  endfacet
  facet normal 0.9700312531945418 0.2429801799032729 0
    outer loop
      vertex 17.37966302973557 -21.40867916518984 1
      vertex 17.37966302973557 -21.40867916518984 0
      vertex 17.3604678492754 -21.332047709222984 1
    endloop
  endfacet
  facet normal 0.9039892931234443 0.42755509343028 -1.355403329044783e-18
    outer loop
      vertex 17.406276976328414 -21.4830601630539 1
      vertex 17.440053382199572 -21.554474373144927 1
      vertex 17.440053382199572 -21.554474373144927 0
    endloop
  endfacet
  facet normal 0.8577286100002772 0.5141027441932133 2.7035622568327807e-18
    outer loop
      vertex 17.440053382199572 -21.554474373144927 1
      vertex 17.48066696209645 -21.62223403758078 1
      vertex 17.48066696209645 -21.62223403758078 0
    endloop
  endfacet
  facet normal 0.9891765099647807 -0.14673047445536383 0
    outer loop
      vertex 17.34887629502888 -21.096096202034705 1
      vertex 17.34887629502888 -21.096096202034705 0
      vertex 17.3604678492754 -21.017952290777018 1
    endloop
  endfacet
  facet normal 0.9700312531945418 -0.2429801799032729 0
    outer loop
      vertex 17.3604678492754 -21.017952290777018 1
      vertex 17.3604678492754 -21.017952290777018 0
      vertex 17.37966302973557 -20.94132083481016 1
    endloop
  endfacet
  facet normal 0.9415440651830237 -0.3368898533922123 0
    outer loop
      vertex 17.37966302973557 -20.94132083481016 1
      vertex 17.37966302973557 -20.94132083481016 0
      vertex 17.406276976328414 -20.866939836946102 1
    endloop
  endfacet
  facet normal 0.9039892931234443 -0.42755509343028 0
    outer loop
      vertex 17.406276976328414 -20.866939836946102 1
      vertex 17.406276976328414 -20.866939836946102 0
      vertex 17.440053382199572 -20.795525626855074 1
    endloop
  endfacet
  facet normal 0.8577286100002772 -0.5141027441932133 0
    outer loop
      vertex 17.440053382199572 -20.795525626855074 1
      vertex 17.440053382199572 -20.795525626855074 0
      vertex 17.48066696209645 -20.72776596241922 1
    endloop
  endfacet
  facet normal 0.7409511253549513 0.6715589548470269 -2.313524717620046e-19
    outer loop
      vertex 17.527726585042995 -21.685686593751736 1
      vertex 17.58077904114483 -21.744220958855173 1
      vertex 17.58077904114483 -21.744220958855173 0
    endloop
  endfacet
  facet normal 0.6715589548470247 0.7409511253549536 4.2323604380745037e-19
    outer loop
      vertex 17.58077904114483 -21.744220958855173 1
      vertex 17.639313406248263 -21.797273414957004 1
      vertex 17.639313406248263 -21.797273414957004 0
    endloop
  endfacet
  facet normal 0.59569930449243 0.8032075314806474 -1.0446677937847406e-18
    outer loop
      vertex 17.639313406248263 -21.797273414957004 1
      vertex 17.702765962419218 -21.84433303790355 1
      vertex 17.702765962419218 -21.84433303790355 0
    endloop
  endfacet
  facet normal 0.5141027441932133 0.8577286100002772 2.7035622568327807e-18
    outer loop
      vertex 17.702765962419218 -21.84433303790355 1
      vertex 17.770525626855072 -21.884946617800427 1
      vertex 17.770525626855072 -21.884946617800427 0
    endloop
  endfacet
  facet normal 0.8032075314806474 0.59569930449243 0
    outer loop
      vertex 17.527726585042995 -21.685686593751736 1
      vertex 17.527726585042995 -21.685686593751736 0
      vertex 17.48066696209645 -21.62223403758078 1
    endloop
  endfacet
  facet normal 0.8032075314806474 -0.59569930449243 0
    outer loop
      vertex 17.48066696209645 -20.72776596241922 1
      vertex 17.48066696209645 -20.72776596241922 0
      vertex 17.527726585042995 -20.664313406248265 1
    endloop
  endfacet
  facet normal 0.7409511253549513 -0.6715589548470269 0
    outer loop
      vertex 17.527726585042995 -20.664313406248265 1
      vertex 17.527726585042995 -20.664313406248265 0
      vertex 17.58077904114483 -20.605779041144828 1
    endloop
  endfacet
  facet normal 0.6715589548470247 -0.7409511253549536 0
    outer loop
      vertex 17.58077904114483 -20.605779041144828 1
      vertex 17.58077904114483 -20.605779041144828 0
      vertex 17.639313406248263 -20.552726585042997 1
    endloop
  endfacet
  facet normal 0.59569930449243 -0.8032075314806474 0
    outer loop
      vertex 17.639313406248263 -20.552726585042997 1
      vertex 17.639313406248263 -20.552726585042997 0
      vertex 17.702765962419218 -20.505666962096452 1
    endloop
  endfacet
  facet normal 0.5141027441932133 -0.8577286100002772 0
    outer loop
      vertex 17.702765962419218 -20.505666962096452 1
      vertex 17.702765962419218 -20.505666962096452 0
      vertex 17.770525626855072 -20.465053382199574 1
    endloop
  endfacet
  facet normal 0.42755509343028 -0.9039892931234443 0
    outer loop
      vertex 17.770525626855072 -20.465053382199574 1
      vertex 17.770525626855072 -20.465053382199574 0
      vertex 17.8419398369461 -20.431276976328416 1
    endloop
  endfacet
  facet normal 0 0 -1
    outer loop
      vertex 17.37966302973557 -21.40867916518984 1
      vertex 17.3604678492754 -21.332047709222984 1
      vertex 17.3604678492754 -21.017952290777018 1
    endloop
  endfacet
  facet normal 0 0 -1
    outer loop
      vertex 17.34887629502888 -21.253903797965297 1
      vertex 17.345 -21.175 1
      vertex 17.34887629502888 -21.096096202034705 1
    endloop
  endfacet
  facet normal 0 0 -1
    outer loop
      vertex 17.34887629502888 -21.253903797965297 1
      vertex 17.34887629502888 -21.096096202034705 1
      vertex 17.3604678492754 -21.332047709222984 1
    endloop
  endfacet
  facet normal 0 0 -1
    outer loop
      vertex 17.34887629502888 -21.096096202034705 1
      vertex 17.3604678492754 -21.017952290777018 1
      vertex 17.3604678492754 -21.332047709222984 1
    endloop
  endfacet
  facet normal 0 0 -1
    outer loop
      vertex 17.37966302973557 -21.40867916518984 1
      vertex 17.37966302973557 -20.94132083481016 1
      vertex 17.406276976328414 -21.4830601630539 1
    endloop
  endfacet
  facet normal 0 0 -1
    outer loop
      vertex 17.37966302973557 -21.40867916518984 1
      vertex 17.3604678492754 -21.017952290777018 1
      vertex 17.37966302973557 -20.94132083481016 1
    endloop
  endfacet
  facet normal 0 0 -1
    outer loop
      vertex 17.37966302973557 -20.94132083481016 1
      vertex 17.406276976328414 -20.866939836946102 1
      vertex 17.406276976328414 -21.4830601630539 1
    endloop
  endfacet
  facet normal 0 0 -1
    outer loop
      vertex 17.406276976328414 -21.4830601630539 1
      vertex 17.406276976328414 -20.866939836946102 1
      vertex 17.440053382199572 -21.554474373144927 1
    endloop
  endfacet
  facet normal 0 0 -1
    outer loop
      vertex 17.440053382199572 -21.554474373144927 1
      vertex 17.440053382199572 -20.795525626855074 1
      vertex 17.48066696209645 -21.62223403758078 1
    endloop
  endfacet
  facet normal 0 0 -1
    outer loop
      vertex 17.440053382199572 -21.554474373144927 1
      vertex 17.406276976328414 -20.866939836946102 1
      vertex 17.440053382199572 -20.795525626855074 1
    endloop
  endfacet
  facet normal 0 0 -1
    outer loop
      vertex 17.48066696209645 -21.62223403758078 1
      vertex 17.440053382199572 -20.795525626855074 1
      vertex 17.48066696209645 -20.72776596241922 1
    endloop
  endfacet
  facet normal 0 0 -1
    outer loop
      vertex 17.527726585042995 -21.685686593751736 1
      vertex 17.48066696209645 -21.62223403758078 1
      vertex 17.48066696209645 -20.72776596241922 1
    endloop
  endfacet
  facet normal 0 0 -1
    outer loop
      vertex 17.527726585042995 -21.685686593751736 1
      vertex 17.527726585042995 -20.664313406248265 1
      vertex 17.58077904114483 -21.744220958855173 1
    endloop
  endfacet
  facet normal 0 0 -1
    outer loop
      vertex 17.58077904114483 -21.744220958855173 1
      vertex 17.58077904114483 -20.605779041144828 1
      vertex 17.639313406248263 -21.797273414957004 1
    endloop
  endfacet
  facet normal 0 0 -1
    outer loop
      vertex 17.527726585042995 -21.685686593751736 1
      vertex 17.48066696209645 -20.72776596241922 1
      vertex 17.527726585042995 -20.664313406248265 1
    endloop
  endfacet
  facet normal 0 0 -1
    outer loop
      vertex 17.58077904114483 -21.744220958855173 1
      vertex 17.527726585042995 -20.664313406248265 1
      vertex 17.58077904114483 -20.605779041144828 1
    endloop
  endfacet
  facet normal 0 0 -1
    outer loop
      vertex 17.639313406248263 -21.797273414957004 1
      vertex 17.58077904114483 -20.605779041144828 1
      vertex 17.639313406248263 -20.552726585042997 1
    endloop
  endfacet
  facet normal 0 0 -1
    outer loop
      vertex 17.639313406248263 -21.797273414957004 1
      vertex 17.639313406248263 -20.552726585042997 1
      vertex 17.702765962419218 -21.84433303790355 1
    endloop
  endfacet
  facet normal 0 0 -1
    outer loop
      vertex 17.702765962419218 -21.84433303790355 1
      vertex 17.702765962419218 -20.505666962096452 1
      vertex 17.770525626855072 -21.884946617800427 1
    endloop
  endfacet
  facet normal 0 0 -1
    outer loop
      vertex 17.770525626855072 -21.884946617800427 1
      vertex 17.770525626855072 -20.465053382199574 1
      vertex 17.8419398369461 -21.918723023671586 1
    endloop
  endfacet
  facet normal 0 0 -1
    outer loop
      vertex 17.702765962419218 -21.84433303790355 1
      vertex 17.639313406248263 -20.552726585042997 1
      vertex 17.702765962419218 -20.505666962096452 1
    endloop
  endfacet
  facet normal 0 0 -1
    outer loop
      vertex 17.770525626855072 -21.884946617800427 1
      vertex 17.702765962419218 -20.505666962096452 1
      vertex 17.770525626855072 -20.465053382199574 1
    endloop
  endfacet
  facet normal 0.3368898533922123 0.9415440651830237 0
    outer loop
      vertex 17.8419398369461 -21.918723023671586 1
      vertex 17.916320834810158 -21.945336970264428 0
      vertex 17.8419398369461 -21.918723023671586 0
    endloop
  endfacet
  facet normal 0.2429801799032729 0.9700312531945418 0
    outer loop
      vertex 17.916320834810158 -21.945336970264428 1
      vertex 17.992952290777016 -21.9645321507246 0
      vertex 17.916320834810158 -21.945336970264428 0
    endloop
  endfacet
  facet normal 0.14673047445536383 0.9891765099647807 0
    outer loop
      vertex 17.992952290777016 -21.9645321507246 1
      vertex 18.071096202034703 -21.97612370497112 0
      vertex 17.992952290777016 -21.9645321507246 0
    endloop
  endfacet
  facet normal 0.049067674327415774 0.9987954562051724 0
    outer loop
      vertex 18.071096202034703 -21.97612370497112 1
      vertex 18.15 -21.98 0
      vertex 18.071096202034703 -21.97612370497112 0
    endloop
  endfacet
  facet normal 0.42755509343028 -0.9039892931234443 0
    outer loop
      vertex 17.8419398369461 -20.431276976328416 1
      vertex 17.770525626855072 -20.465053382199574 0
      vertex 17.8419398369461 -20.431276976328416 0
    endloop
  endfacet
  facet normal -0.049067674327415774 0.9987954562051724 0
    outer loop
      vertex 18.15 -21.98 1
      vertex 18.228903797965295 -21.97612370497112 0
      vertex 18.15 -21.98 0
    endloop
  endfacet
  facet normal -0.14673047445536383 0.9891765099647807 0
    outer loop
      vertex 18.228903797965295 -21.97612370497112 1
      vertex 18.30704770922298 -21.9645321507246 0
      vertex 18.228903797965295 -21.97612370497112 0
    endloop
  endfacet
  facet normal -0.2429801799032729 0.9700312531945418 0
    outer loop
      vertex 18.30704770922298 -21.9645321507246 1
      vertex 18.38367916518984 -21.945336970264428 0
      vertex 18.30704770922298 -21.9645321507246 0
    endloop
  endfacet
  facet normal -0.3368898533922123 0.9415440651830237 0
    outer loop
      vertex 18.38367916518984 -21.945336970264428 1
      vertex 18.458060163053897 -21.918723023671586 0
      vertex 18.38367916518984 -21.945336970264428 0
    endloop
  endfacet
  facet normal -0.42755509343028 0.9039892931234443 0
    outer loop
      vertex 18.458060163053897 -21.918723023671586 1
      vertex 18.529474373144925 -21.884946617800427 0
      vertex 18.458060163053897 -21.918723023671586 0
    endloop
  endfacet
  facet normal -0.5141027441932133 0.8577286100002772 0
    outer loop
      vertex 18.529474373144925 -21.884946617800427 1
      vertex 18.59723403758078 -21.84433303790355 0
      vertex 18.529474373144925 -21.884946617800427 0
    endloop
  endfacet
  facet normal -0.59569930449243 0.8032075314806474 0
    outer loop
      vertex 18.59723403758078 -21.84433303790355 1
      vertex 18.660686593751734 -21.797273414957004 0
      vertex 18.59723403758078 -21.84433303790355 0
    endloop
  endfacet
  facet normal -0.6715589548470247 0.7409511253549536 0
    outer loop
      vertex 18.660686593751734 -21.797273414957004 1
      vertex 18.719220958855168 -21.744220958855173 0
      vertex 18.660686593751734 -21.797273414957004 0
    endloop
  endfacet
  facet normal -0.7409511253549513 0.6715589548470269 0
    outer loop
      vertex 18.719220958855168 -21.744220958855173 1
      vertex 18.772273414957002 -21.685686593751736 0
      vertex 18.719220958855168 -21.744220958855173 0
    endloop
  endfacet
  facet normal -0.42755509343028 -0.9039892931234443 0
    outer loop
      vertex 18.529474373144925 -20.465053382199574 1
      vertex 18.458060163053897 -20.431276976328416 0
      vertex 18.529474373144925 -20.465053382199574 0
    endloop
  endfacet
  facet normal -0.5141027441932133 -0.8577286100002772 0
    outer loop
      vertex 18.59723403758078 -20.505666962096452 1
      vertex 18.529474373144925 -20.465053382199574 0
      vertex 18.59723403758078 -20.505666962096452 0
    endloop
  endfacet
  facet normal -0.59569930449243 -0.8032075314806474 0
    outer loop
      vertex 18.660686593751734 -20.552726585042997 1
      vertex 18.59723403758078 -20.505666962096452 0
      vertex 18.660686593751734 -20.552726585042997 0
    endloop
  endfacet
  facet normal -0.6715589548470247 -0.7409511253549536 0
    outer loop
      vertex 18.719220958855168 -20.605779041144828 1
      vertex 18.660686593751734 -20.552726585042997 0
      vertex 18.719220958855168 -20.605779041144828 0
    endloop
  endfacet
  facet normal -0.7409511253549513 -0.6715589548470269 0
    outer loop
      vertex 18.772273414957002 -20.664313406248265 1
      vertex 18.719220958855168 -20.605779041144828 0
      vertex 18.772273414957002 -20.664313406248265 0
    endloop
  endfacet
  facet normal -0.8032075314806474 0.59569930449243 0
    outer loop
      vertex 18.772273414957002 -21.685686593751736 1
      vertex 18.819333037903547 -21.62223403758078 0
      vertex 18.772273414957002 -21.685686593751736 0
    endloop
  endfacet
  facet normal -0.8577286100002772 0.5141027441932133 0
    outer loop
      vertex 18.819333037903547 -21.62223403758078 1
      vertex 18.859946617800425 -21.554474373144927 0
      vertex 18.819333037903547 -21.62223403758078 0
    endloop
  endfacet
  facet normal -0.9039892931234443 0.42755509343028 0
    outer loop
      vertex 18.859946617800425 -21.554474373144927 1
      vertex 18.893723023671583 -21.4830601630539 0
      vertex 18.859946617800425 -21.554474373144927 0
    endloop
  endfacet
  facet normal -0.9415440651830237 0.3368898533922123 0
    outer loop
      vertex 18.893723023671583 -21.4830601630539 1
      vertex 18.920336970264426 -21.40867916518984 0
      vertex 18.893723023671583 -21.4830601630539 0
    endloop
  endfacet
  facet normal -0.8032075314806474 -0.59569930449243 0
    outer loop
      vertex 18.819333037903547 -20.72776596241922 1
      vertex 18.772273414957002 -20.664313406248265 0
      vertex 18.819333037903547 -20.72776596241922 0
    endloop
  endfacet
  facet normal -0.8577286100002772 -0.5141027441932133 0
    outer loop
      vertex 18.859946617800425 -20.795525626855074 1
      vertex 18.819333037903547 -20.72776596241922 0
      vertex 18.859946617800425 -20.795525626855074 0
    endloop
  endfacet
  facet normal -0.9415440651830237 -0.3368898533922123 0
    outer loop
      vertex 18.920336970264426 -20.94132083481016 1
      vertex 18.893723023671583 -20.866939836946102 0
      vertex 18.920336970264426 -20.94132083481016 0
    endloop
  endfacet
  facet normal -0.9039892931234443 -0.42755509343028 0
    outer loop
      vertex 18.893723023671583 -20.866939836946102 1
      vertex 18.859946617800425 -20.795525626855074 0
      vertex 18.893723023671583 -20.866939836946102 0
    endloop
  endfacet
  facet normal -0.9700312531945418 0.2429801799032729 0
    outer loop
      vertex 18.920336970264426 -21.40867916518984 1
      vertex 18.9395321507246 -21.332047709222984 0
      vertex 18.920336970264426 -21.40867916518984 0
    endloop
  endfacet
  facet normal -0.9891765099647807 0.14673047445536383 0
    outer loop
      vertex 18.9395321507246 -21.332047709222984 1
      vertex 18.951123704971117 -21.253903797965297 0
      vertex 18.9395321507246 -21.332047709222984 0
    endloop
  endfacet
  facet normal -0.9987954562051724 0.049067674327415774 0
    outer loop
      vertex 18.951123704971117 -21.253903797965297 1
      vertex 18.955 -21.175 0
      vertex 18.951123704971117 -21.253903797965297 0
    endloop
  endfacet
  facet normal -0.9987954562051724 -0.049067674327415774 0
    outer loop
      vertex 18.955 -21.175 1
      vertex 18.951123704971117 -21.096096202034705 0
      vertex 18.955 -21.175 0
    endloop
  endfacet
  facet normal -0.9700312531945418 -0.2429801799032729 0
    outer loop
      vertex 18.9395321507246 -21.017952290777018 1
      vertex 18.920336970264426 -20.94132083481016 0
      vertex 18.9395321507246 -21.017952290777018 0
    endloop
  endfacet
  facet normal -0.9891765099647807 -0.14673047445536383 0
    outer loop
      vertex 18.951123704971117 -21.096096202034705 1
      vertex 18.9395321507246 -21.017952290777018 0
      vertex 18.951123704971117 -21.096096202034705 0
    endloop
  endfacet
  facet normal 0.42755509343028 0.9039892931234443 -1.355403329044783e-18
    outer loop
      vertex 17.770525626855072 -21.884946617800427 1
      vertex 17.8419398369461 -21.918723023671586 1
      vertex 17.8419398369461 -21.918723023671586 0
    endloop
  endfacet
  facet normal 0.3368898533922123 0.9415440651830237 -1.5209092255319046e-18
    outer loop
      vertex 17.8419398369461 -21.918723023671586 1
      vertex 17.916320834810158 -21.945336970264428 1
      vertex 17.916320834810158 -21.945336970264428 0
    endloop
  endfacet
  facet normal 0.2429801799032729 0.9700312531945418 8.919992472428009e-19
    outer loop
      vertex 17.916320834810158 -21.945336970264428 1
      vertex 17.992952290777016 -21.9645321507246 1
      vertex 17.992952290777016 -21.9645321507246 0
    endloop
  endfacet
  facet normal 0.14673047445536383 0.9891765099647807 -2.2865330475657506e-19
    outer loop
      vertex 17.992952290777016 -21.9645321507246 1
      vertex 18.071096202034703 -21.97612370497112 1
      vertex 18.071096202034703 -21.97612370497112 0
    endloop
  endfacet
  facet normal 0.049067674327415774 0.9987954562051724 1.2229393210683948e-19
    outer loop
      vertex 18.071096202034703 -21.97612370497112 1
      vertex 18.15 -21.98 1
      vertex 18.15 -21.98 0
    endloop
  endfacet
  facet normal -0.049067674327415774 0.9987954562051724 -1.2229393210683948e-19
    outer loop
      vertex 18.15 -21.98 1
      vertex 18.228903797965295 -21.97612370497112 1
      vertex 18.228903797965295 -21.97612370497112 0
    endloop
  endfacet
  facet normal -0.14673047445536383 0.9891765099647807 2.2865330475657506e-19
    outer loop
      vertex 18.228903797965295 -21.97612370497112 1
      vertex 18.30704770922298 -21.9645321507246 1
      vertex 18.30704770922298 -21.9645321507246 0
    endloop
  endfacet
  facet normal -0.2429801799032729 0.9700312531945418 -8.919992472428009e-19
    outer loop
      vertex 18.30704770922298 -21.9645321507246 1
      vertex 18.38367916518984 -21.945336970264428 1
      vertex 18.38367916518984 -21.945336970264428 0
    endloop
  endfacet
  facet normal -0.3368898533922123 0.9415440651830237 1.5209092255319046e-18
    outer loop
      vertex 18.38367916518984 -21.945336970264428 1
      vertex 18.458060163053897 -21.918723023671586 1
      vertex 18.458060163053897 -21.918723023671586 0
    endloop
  endfacet
  facet normal -0.42755509343028 0.9039892931234443 1.355403329044783e-18
    outer loop
      vertex 18.458060163053897 -21.918723023671586 1
      vertex 18.529474373144925 -21.884946617800427 1
      vertex 18.529474373144925 -21.884946617800427 0
    endloop
  endfacet
  facet normal -0.5141027441932133 0.8577286100002772 -2.7035622568327807e-18
    outer loop
      vertex 18.529474373144925 -21.884946617800427 1
      vertex 18.59723403758078 -21.84433303790355 1
      vertex 18.59723403758078 -21.84433303790355 0
    endloop
  endfacet
  facet normal -0.59569930449243 0.8032075314806474 1.0446677937847406e-18
    outer loop
      vertex 18.59723403758078 -21.84433303790355 1
      vertex 18.660686593751734 -21.797273414957004 1
      vertex 18.660686593751734 -21.797273414957004 0
    endloop
  endfacet
  facet normal -0.6715589548470247 0.7409511253549536 -4.2323604380745037e-19
    outer loop
      vertex 18.660686593751734 -21.797273414957004 1
      vertex 18.719220958855168 -21.744220958855173 1
      vertex 18.719220958855168 -21.744220958855173 0
    endloop
  endfacet
  facet normal -0.42755509343028 -0.9039892931234443 0
    outer loop
      vertex 18.458060163053897 -20.431276976328416 1
      vertex 18.458060163053897 -20.431276976328416 0
      vertex 18.529474373144925 -20.465053382199574 1
    endloop
  endfacet
  facet normal -0.5141027441932133 -0.8577286100002772 0
    outer loop
      vertex 18.529474373144925 -20.465053382199574 1
      vertex 18.529474373144925 -20.465053382199574 0
      vertex 18.59723403758078 -20.505666962096452 1
    endloop
  endfacet
  facet normal -0.7409511253549513 0.6715589548470269 2.313524717620046e-19
    outer loop
      vertex 18.719220958855168 -21.744220958855173 1
      vertex 18.772273414957002 -21.685686593751736 1
      vertex 18.772273414957002 -21.685686593751736 0
    endloop
  endfacet
  facet normal -0.59569930449243 -0.8032075314806474 -1.0446677937847406e-18
    outer loop
      vertex 18.660686593751734 -20.552726585042997 1
      vertex 18.59723403758078 -20.505666962096452 1
      vertex 18.59723403758078 -20.505666962096452 0
    endloop
  endfacet
  facet normal -0.6715589548470247 -0.7409511253549536 0
    outer loop
      vertex 18.660686593751734 -20.552726585042997 1
      vertex 18.660686593751734 -20.552726585042997 0
      vertex 18.719220958855168 -20.605779041144828 1
    endloop
  endfacet
  facet normal -0.7409511253549513 -0.6715589548470269 0
    outer loop
      vertex 18.719220958855168 -20.605779041144828 1
      vertex 18.719220958855168 -20.605779041144828 0
      vertex 18.772273414957002 -20.664313406248265 1
    endloop
  endfacet
  facet normal -0.8032075314806474 0.59569930449243 1.0446677937847406e-18
    outer loop
      vertex 18.772273414957002 -21.685686593751736 1
      vertex 18.819333037903547 -21.62223403758078 1
      vertex 18.819333037903547 -21.62223403758078 0
    endloop
  endfacet
  facet normal -0.8577286100002772 0.5141027441932133 -2.7035622568327807e-18
    outer loop
      vertex 18.819333037903547 -21.62223403758078 1
      vertex 18.859946617800425 -21.554474373144927 1
      vertex 18.859946617800425 -21.554474373144927 0
    endloop
  endfacet
  facet normal -0.9039892931234443 0.42755509343028 1.355403329044783e-18
    outer loop
      vertex 18.859946617800425 -21.554474373144927 1
      vertex 18.893723023671583 -21.4830601630539 1
      vertex 18.893723023671583 -21.4830601630539 0
    endloop
  endfacet
  facet normal -0.9415440651830237 0.3368898533922123 1.5209092255319046e-18
    outer loop
      vertex 18.893723023671583 -21.4830601630539 1
      vertex 18.920336970264426 -21.40867916518984 1
      vertex 18.920336970264426 -21.40867916518984 0
    endloop
  endfacet
  facet normal -0.8032075314806474 -0.59569930449243 0
    outer loop
      vertex 18.772273414957002 -20.664313406248265 1
      vertex 18.772273414957002 -20.664313406248265 0
      vertex 18.819333037903547 -20.72776596241922 1
    endloop
  endfacet
  facet normal -0.8577286100002772 -0.5141027441932133 0
    outer loop
      vertex 18.819333037903547 -20.72776596241922 1
      vertex 18.819333037903547 -20.72776596241922 0
      vertex 18.859946617800425 -20.795525626855074 1
    endloop
  endfacet
  facet normal -0.9039892931234443 -0.42755509343028 -1.355403329044783e-18
    outer loop
      vertex 18.893723023671583 -20.866939836946102 1
      vertex 18.859946617800425 -20.795525626855074 1
      vertex 18.859946617800425 -20.795525626855074 0
    endloop
  endfacet
  facet normal -0.9415440651830237 -0.3368898533922123 0
    outer loop
      vertex 18.893723023671583 -20.866939836946102 1
      vertex 18.893723023671583 -20.866939836946102 0
      vertex 18.920336970264426 -20.94132083481016 1
    endloop
  endfacet
  facet normal -0.9700312531945418 0.2429801799032729 -8.919992472428009e-19
    outer loop
      vertex 18.920336970264426 -21.40867916518984 1
      vertex 18.9395321507246 -21.332047709222984 1
      vertex 18.9395321507246 -21.332047709222984 0
    endloop
  endfacet
  facet normal -0.9891765099647807 0.14673047445536383 2.2865330475657506e-19
    outer loop
      vertex 18.9395321507246 -21.332047709222984 1
      vertex 18.951123704971117 -21.253903797965297 1
      vertex 18.951123704971117 -21.253903797965297 0
    endloop
  endfacet
  facet normal -0.9987954562051724 0.049067674327415774 -1.2229393210683948e-19
    outer loop
      vertex 18.951123704971117 -21.253903797965297 1
      vertex 18.955 -21.175 1
      vertex 18.955 -21.175 0
    endloop
  endfacet
  facet normal -0.9987954562051724 -0.049067674327415774 1.2229393210683948e-19
    outer loop
      vertex 18.955 -21.175 1
      vertex 18.951123704971117 -21.096096202034705 1
      vertex 18.951123704971117 -21.096096202034705 0
    endloop
  endfacet
  facet normal -0.9700312531945418 -0.2429801799032729 0
    outer loop
      vertex 18.920336970264426 -20.94132083481016 1
      vertex 18.920336970264426 -20.94132083481016 0
      vertex 18.9395321507246 -21.017952290777018 1
    endloop
  endfacet
  facet normal -0.9891765099647807 -0.14673047445536383 -2.2865330475657506e-19
    outer loop
      vertex 18.951123704971117 -21.096096202034705 1
      vertex 18.9395321507246 -21.017952290777018 1
      vertex 18.9395321507246 -21.017952290777018 0
    endloop
  endfacet
  facet normal 0 0 -1
    outer loop
      vertex 17.8419398369461 -21.918723023671586 1
      vertex 17.8419398369461 -20.431276976328416 1
      vertex 17.916320834810158 -21.945336970264428 1
    endloop
  endfacet
  facet normal 0 0 -1
    outer loop
      vertex 17.916320834810158 -21.945336970264428 1
      vertex 17.916320834810158 -20.404663029735573 1
      vertex 17.992952290777016 -21.9645321507246 1
    endloop
  endfacet
  facet normal 0 0 -1
    outer loop
      vertex 17.8419398369461 -21.918723023671586 1
      vertex 17.770525626855072 -20.465053382199574 1
      vertex 17.8419398369461 -20.431276976328416 1
    endloop
  endfacet
  facet normal 0 0 -1
    outer loop
      vertex 17.916320834810158 -21.945336970264428 1
      vertex 17.8419398369461 -20.431276976328416 1
      vertex 17.916320834810158 -20.404663029735573 1
    endloop
  endfacet
  facet normal 0 0 -1
    outer loop
      vertex 17.992952290777016 -21.9645321507246 1
      vertex 17.992952290777016 -20.3854678492754 1
      vertex 18.071096202034703 -21.97612370497112 1
    endloop
  endfacet
  facet normal 0 0 -1
    outer loop
      vertex 18.071096202034703 -21.97612370497112 1
      vertex 18.071096202034703 -20.373876295028882 1
      vertex 18.15 -21.98 1
    endloop
  endfacet
  facet normal 0 0 -1
    outer loop
      vertex 17.992952290777016 -21.9645321507246 1
      vertex 17.916320834810158 -20.404663029735573 1
      vertex 17.992952290777016 -20.3854678492754 1
    endloop
  endfacet
  facet normal 0 0 -1
    outer loop
      vertex 18.071096202034703 -21.97612370497112 1
      vertex 17.992952290777016 -20.3854678492754 1
      vertex 18.071096202034703 -20.373876295028882 1
    endloop
  endfacet
  facet normal 0 0 -1
    outer loop
      vertex 18.15 -21.98 1
      vertex 18.071096202034703 -20.373876295028882 1
      vertex 18.15 -20.37 1
    endloop
  endfacet
  facet normal 0 0 -1
    outer loop
      vertex 18.15 -21.98 1
      vertex 18.15 -20.37 1
      vertex 18.228903797965295 -21.97612370497112 1
    endloop
  endfacet
  facet normal 0 0 -1
    outer loop
      vertex 18.228903797965295 -21.97612370497112 1
      vertex 18.228903797965295 -20.373876295028882 1
      vertex 18.30704770922298 -21.9645321507246 1
    endloop
  endfacet
  facet normal 0 0 -1
    outer loop
      vertex 18.228903797965295 -21.97612370497112 1
      vertex 18.15 -20.37 1
      vertex 18.228903797965295 -20.373876295028882 1
    endloop
  endfacet
  facet normal 0 0 -1
    outer loop
      vertex 18.30704770922298 -21.9645321507246 1
      vertex 18.228903797965295 -20.373876295028882 1
      vertex 18.30704770922298 -20.3854678492754 1
    endloop
  endfacet
  facet normal 0 0 -1
    outer loop
      vertex 18.30704770922298 -21.9645321507246 1
      vertex 18.30704770922298 -20.3854678492754 1
      vertex 18.38367916518984 -21.945336970264428 1
    endloop
  endfacet
  facet normal 0 0 -1
    outer loop
      vertex 18.38367916518984 -21.945336970264428 1
      vertex 18.38367916518984 -20.404663029735573 1
      vertex 18.458060163053897 -21.918723023671586 1
    endloop
  endfacet
  facet normal 0 0 -1
    outer loop
      vertex 18.38367916518984 -21.945336970264428 1
      vertex 18.30704770922298 -20.3854678492754 1
      vertex 18.38367916518984 -20.404663029735573 1
    endloop
  endfacet
  facet normal 0 0 -1
    outer loop
      vertex 18.458060163053897 -21.918723023671586 1
      vertex 18.38367916518984 -20.404663029735573 1
      vertex 18.458060163053897 -20.431276976328416 1
    endloop
  endfacet
  facet normal 0 0 -1
    outer loop
      vertex 18.458060163053897 -21.918723023671586 1
      vertex 18.458060163053897 -20.431276976328416 1
      vertex 18.529474373144925 -21.884946617800427 1
    endloop
  endfacet
  facet normal 0 0 -1
    outer loop
      vertex 18.529474373144925 -21.884946617800427 1
      vertex 18.529474373144925 -20.465053382199574 1
      vertex 18.59723403758078 -21.84433303790355 1
    endloop
  endfacet
  facet normal 0 0 -1
    outer loop
      vertex 18.458060163053897 -20.431276976328416 1
      vertex 18.529474373144925 -20.465053382199574 1
      vertex 18.529474373144925 -21.884946617800427 1
    endloop
  endfacet
  facet normal 0 0 -1
    outer loop
      vertex 18.59723403758078 -21.84433303790355 1
      vertex 18.529474373144925 -20.465053382199574 1
      vertex 18.59723403758078 -20.505666962096452 1
    endloop
  endfacet
  facet normal 0 0 -1
    outer loop
      vertex 18.59723403758078 -21.84433303790355 1
      vertex 18.59723403758078 -20.505666962096452 1
      vertex 18.660686593751734 -21.797273414957004 1
    endloop
  endfacet
  facet normal 0 0 -1
    outer loop
      vertex 18.660686593751734 -21.797273414957004 1
      vertex 18.660686593751734 -20.552726585042997 1
      vertex 18.719220958855168 -21.744220958855173 1
    endloop
  endfacet
  facet normal 0 0 -1
    outer loop
      vertex 18.719220958855168 -21.744220958855173 1
      vertex 18.719220958855168 -20.605779041144828 1
      vertex 18.772273414957002 -21.685686593751736 1
    endloop
  endfacet
  facet normal 0 0 -1
    outer loop
      vertex 18.660686593751734 -21.797273414957004 1
      vertex 18.59723403758078 -20.505666962096452 1
      vertex 18.660686593751734 -20.552726585042997 1
    endloop
  endfacet
  facet normal 0 0 -1
    outer loop
      vertex 18.719220958855168 -21.744220958855173 1
      vertex 18.660686593751734 -20.552726585042997 1
      vertex 18.719220958855168 -20.605779041144828 1
    endloop
  endfacet
  facet normal 0 0 -1
    outer loop
      vertex 18.772273414957002 -21.685686593751736 1
      vertex 18.719220958855168 -20.605779041144828 1
      vertex 18.772273414957002 -20.664313406248265 1
    endloop
  endfacet
  facet normal 0 0 -1
    outer loop
      vertex 18.772273414957002 -21.685686593751736 1
      vertex 18.772273414957002 -20.664313406248265 1
      vertex 18.819333037903547 -21.62223403758078 1
    endloop
  endfacet
  facet normal 0 0 -1
    outer loop
      vertex 18.819333037903547 -21.62223403758078 1
      vertex 18.819333037903547 -20.72776596241922 1
      vertex 18.859946617800425 -21.554474373144927 1
    endloop
  endfacet
  facet normal 0 0 -1
    outer loop
      vertex 18.859946617800425 -21.554474373144927 1
      vertex 18.859946617800425 -20.795525626855074 1
      vertex 18.893723023671583 -21.4830601630539 1
    endloop
  endfacet
  facet normal 0 0 -1
    outer loop
      vertex 18.893723023671583 -21.4830601630539 1
      vertex 18.893723023671583 -20.866939836946102 1
      vertex 18.920336970264426 -21.40867916518984 1
    endloop
  endfacet
  facet normal 0 0 -1
    outer loop
      vertex 18.819333037903547 -21.62223403758078 1
      vertex 18.772273414957002 -20.664313406248265 1
      vertex 18.819333037903547 -20.72776596241922 1
    endloop
  endfacet
  facet normal 0 0 -1
    outer loop
      vertex 18.859946617800425 -21.554474373144927 1
      vertex 18.819333037903547 -20.72776596241922 1
      vertex 18.859946617800425 -20.795525626855074 1
    endloop
  endfacet
  facet normal 0 0 -1
    outer loop
      vertex 18.893723023671583 -21.4830601630539 1
      vertex 18.859946617800425 -20.795525626855074 1
      vertex 18.893723023671583 -20.866939836946102 1
    endloop
  endfacet
  facet normal 0 0 -1
    outer loop
      vertex 18.920336970264426 -21.40867916518984 1
      vertex 18.893723023671583 -20.866939836946102 1
      vertex 18.920336970264426 -20.94132083481016 1
    endloop
  endfacet
  facet normal 0 0 -1
    outer loop
      vertex 18.920336970264426 -21.40867916518984 1
      vertex 18.920336970264426 -20.94132083481016 1
      vertex 18.9395321507246 -21.332047709222984 1
    endloop
  endfacet
  facet normal 0 0 -1
    outer loop
      vertex 18.9395321507246 -21.332047709222984 1
      vertex 18.920336970264426 -20.94132083481016 1
      vertex 18.9395321507246 -21.017952290777018 1
    endloop
  endfacet
  facet normal 0 0 -1
    outer loop
      vertex 18.9395321507246 -21.332047709222984 1
      vertex 18.9395321507246 -21.017952290777018 1
      vertex 18.951123704971117 -21.253903797965297 1
    endloop
  endfacet
  facet normal 0 0 -1
    outer loop
      vertex 18.951123704971117 -21.253903797965297 1
      vertex 18.951123704971117 -21.096096202034705 1
      vertex 18.955 -21.175 1
    endloop
  endfacet
  facet normal 0 0 -1
    outer loop
      vertex 18.951123704971117 -21.253903797965297 1
      vertex 18.9395321507246 -21.017952290777018 1
      vertex 18.951123704971117 -21.096096202034705 1
    endloop
  endfacet
  facet normal 0.3368898533922123 -0.9415440651830237 0
    outer loop
      vertex 17.916320834810158 -20.404663029735573 1
      vertex 17.8419398369461 -20.431276976328416 0
      vertex 17.916320834810158 -20.404663029735573 0
    endloop
  endfacet
  facet normal 0.2429801799032729 -0.9700312531945418 0
    outer loop
      vertex 17.992952290777016 -20.3854678492754 1
      vertex 17.916320834810158 -20.404663029735573 0
      vertex 17.992952290777016 -20.3854678492754 0
    endloop
  endfacet
  facet normal 0.14673047445536383 -0.9891765099647807 0
    outer loop
      vertex 18.071096202034703 -20.373876295028882 1
      vertex 17.992952290777016 -20.3854678492754 0
      vertex 18.071096202034703 -20.373876295028882 0
    endloop
  endfacet
  facet normal 0.049067674327415774 -0.9987954562051724 0
    outer loop
      vertex 18.15 -20.37 1
      vertex 18.071096202034703 -20.373876295028882 0
      vertex 18.15 -20.37 0
    endloop
  endfacet
  facet normal -0.049067674327415774 -0.9987954562051724 0
    outer loop
      vertex 18.228903797965295 -20.373876295028882 1
      vertex 18.15 -20.37 0
      vertex 18.228903797965295 -20.373876295028882 0
    endloop
  endfacet
  facet normal -0.14673047445536383 -0.9891765099647807 0
    outer loop
      vertex 18.30704770922298 -20.3854678492754 1
      vertex 18.228903797965295 -20.373876295028882 0
      vertex 18.30704770922298 -20.3854678492754 0
    endloop
  endfacet
  facet normal -0.2429801799032729 -0.9700312531945418 0
    outer loop
      vertex 18.38367916518984 -20.404663029735573 1
      vertex 18.30704770922298 -20.3854678492754 0
      vertex 18.38367916518984 -20.404663029735573 0
    endloop
  endfacet
  facet normal -0.3368898533922123 -0.9415440651830237 0
    outer loop
      vertex 18.458060163053897 -20.431276976328416 1
      vertex 18.38367916518984 -20.404663029735573 0
      vertex 18.458060163053897 -20.431276976328416 0
    endloop
  endfacet
  facet normal 0.3368898533922123 -0.9415440651830237 0
    outer loop
      vertex 17.8419398369461 -20.431276976328416 1
      vertex 17.8419398369461 -20.431276976328416 0
      vertex 17.916320834810158 -20.404663029735573 1
    endloop
  endfacet
  facet normal 0.2429801799032729 -0.9700312531945418 0
    outer loop
      vertex 17.916320834810158 -20.404663029735573 1
      vertex 17.916320834810158 -20.404663029735573 0
      vertex 17.992952290777016 -20.3854678492754 1
    endloop
  endfacet
  facet normal 0.14673047445536383 -0.9891765099647807 0
    outer loop
      vertex 17.992952290777016 -20.3854678492754 1
      vertex 17.992952290777016 -20.3854678492754 0
      vertex 18.071096202034703 -20.373876295028882 1
    endloop
  endfacet
  facet normal 0.049067674327415774 -0.9987954562051724 0
    outer loop
      vertex 18.071096202034703 -20.373876295028882 1
      vertex 18.071096202034703 -20.373876295028882 0
      vertex 18.15 -20.37 1
    endloop
  endfacet
  facet normal -0.049067674327415774 -0.9987954562051724 0
    outer loop
      vertex 18.15 -20.37 1
      vertex 18.15 -20.37 0
      vertex 18.228903797965295 -20.373876295028882 1
    endloop
  endfacet
  facet normal -0.14673047445536383 -0.9891765099647807 0
    outer loop
      vertex 18.228903797965295 -20.373876295028882 1
      vertex 18.228903797965295 -20.373876295028882 0
      vertex 18.30704770922298 -20.3854678492754 1
    endloop
  endfacet
  facet normal -0.2429801799032729 -0.9700312531945418 0
    outer loop
      vertex 18.30704770922298 -20.3854678492754 1
      vertex 18.30704770922298 -20.3854678492754 0
      vertex 18.38367916518984 -20.404663029735573 1
    endloop
  endfacet
  facet normal -0.3368898533922123 -0.9415440651830237 0
    outer loop
      vertex 18.38367916518984 -20.404663029735573 1
      vertex 18.38367916518984 -20.404663029735573 0
      vertex 18.458060163053897 -20.431276976328416 1
    endloop
  endfacet
  facet normal 0.9039892931234542 0.42755509343025894 0
    outer loop
      vertex 1.6062769763284144 -68.98306016305389 1
      vertex 1.6400533821995742 -69.05447437314493 0
      vertex 1.6062769763284144 -68.98306016305389 0
    endloop
  endfacet
  facet normal 0.8577286100002809 0.514102744193207 0
    outer loop
      vertex 1.6400533821995742 -69.05447437314493 1
      vertex 1.6806669620964512 -69.12223403758078 0
      vertex 1.6400533821995742 -69.05447437314493 0
    endloop
  endfacet
  facet normal 0.8032075314805955 0.5956993044925 0
    outer loop
      vertex 1.6806669620964512 -69.12223403758078 1
      vertex 1.7277265850429968 -69.18568659375173 0
      vertex 1.6806669620964512 -69.12223403758078 0
    endloop
  endfacet
  facet normal 0.7409511253549856 0.6715589548469891 0
    outer loop
      vertex 1.7277265850429968 -69.18568659375173 1
      vertex 1.7807790411448292 -69.24422095885517 0
      vertex 1.7277265850429968 -69.18568659375173 0
    endloop
  endfacet
  facet normal 0.6715589548470573 0.740951125354924 0
    outer loop
      vertex 1.7807790411448292 -69.24422095885517 1
      vertex 1.8393134062482654 -69.297273414957 0
      vertex 1.7807790411448292 -69.24422095885517 0
    endloop
  endfacet
  facet normal 0.5956993044924563 0.803207531480628 0
    outer loop
      vertex 1.8393134062482654 -69.297273414957 1
      vertex 1.9027659624192204 -69.34433303790355 0
      vertex 1.8393134062482654 -69.297273414957 0
    endloop
  endfacet
  facet normal 0.9987954562051724 0.049067674327418584 0
    outer loop
      vertex 1.545 -68.675 1
      vertex 1.5488762950288815 -68.7539037979653 0
      vertex 1.545 -68.675 0
    endloop
  endfacet
  facet normal 0.9700312531945456 0.242980179903257 0
    outer loop
      vertex 1.5604678492753994 -68.83204770922298 1
      vertex 1.5796630297355718 -68.90867916518984 0
      vertex 1.5604678492753994 -68.83204770922298 0
    endloop
  endfacet
  facet normal 0.9415440651830186 0.33688985339222655 0
    outer loop
      vertex 1.5796630297355718 -68.90867916518984 1
      vertex 1.6062769763284144 -68.98306016305389 0
      vertex 1.5796630297355718 -68.90867916518984 0
    endloop
  endfacet
  facet normal 0.9891765099647802 0.1467304744553676 0
    outer loop
      vertex 1.5488762950288815 -68.7539037979653 1
      vertex 1.5604678492753994 -68.83204770922298 0
      vertex 1.5488762950288815 -68.7539037979653 0
    endloop
  endfacet
  facet normal 0.9987954562051724 -0.049067674327418584 0
    outer loop
      vertex 1.5488762950288815 -68.5960962020347 1
      vertex 1.545 -68.675 0
      vertex 1.5488762950288815 -68.5960962020347 0
    endloop
  endfacet
  facet normal 0.9891765099647802 -0.1467304744553676 0
    outer loop
      vertex 1.5604678492753994 -68.51795229077702 1
      vertex 1.5488762950288815 -68.5960962020347 0
      vertex 1.5604678492753994 -68.51795229077702 0
    endloop
  endfacet
  facet normal 0.9700312531945456 -0.242980179903257 0
    outer loop
      vertex 1.5796630297355718 -68.44132083481016 1
      vertex 1.5604678492753994 -68.51795229077702 0
      vertex 1.5796630297355718 -68.44132083481016 0
    endloop
  endfacet
  facet normal 0.9415440651830186 -0.33688985339222655 0
    outer loop
      vertex 1.6062769763284144 -68.3669398369461 1
      vertex 1.5796630297355718 -68.44132083481016 0
      vertex 1.6062769763284144 -68.3669398369461 0
    endloop
  endfacet
  facet normal 0.9039892931234542 -0.42755509343025894 0
    outer loop
      vertex 1.6400533821995742 -68.29552562685507 1
      vertex 1.6062769763284144 -68.3669398369461 0
      vertex 1.6400533821995742 -68.29552562685507 0
    endloop
  endfacet
  facet normal 0.8577286100002809 -0.514102744193207 0
    outer loop
      vertex 1.6806669620964512 -68.22776596241921 1
      vertex 1.6400533821995742 -68.29552562685507 0
      vertex 1.6806669620964512 -68.22776596241921 0
    endloop
  endfacet
  facet normal 0.8032075314805955 -0.5956993044925 0
    outer loop
      vertex 1.7277265850429968 -68.16431340624827 1
      vertex 1.6806669620964512 -68.22776596241921 0
      vertex 1.7277265850429968 -68.16431340624827 0
    endloop
  endfacet
  facet normal 0.7409511253549856 -0.6715589548469891 0
    outer loop
      vertex 1.7807790411448292 -68.10577904114483 1
      vertex 1.7277265850429968 -68.16431340624827 0
      vertex 1.7807790411448292 -68.10577904114483 0
    endloop
  endfacet
  facet normal 0.6715589548470573 -0.740951125354924 0
    outer loop
      vertex 1.8393134062482654 -68.05272658504299 1
      vertex 1.7807790411448292 -68.10577904114483 0
      vertex 1.8393134062482654 -68.05272658504299 0
    endloop
  endfacet
  facet normal 0.5956993044924563 -0.803207531480628 0
    outer loop
      vertex 1.9027659624192204 -68.00566696209644 1
      vertex 1.8393134062482654 -68.05272658504299 0
      vertex 1.9027659624192204 -68.00566696209644 0
    endloop
  endfacet
  facet normal 0.5141027441931632 0.8577286100003071 0
    outer loop
      vertex 1.9027659624192204 -69.34433303790355 1
      vertex 1.970525626855072 -69.38494661780042 0
      vertex 1.9027659624192204 -69.34433303790355 0
    endloop
  endfacet
  facet normal 0.4275550934303393 0.9039892931234162 0
    outer loop
      vertex 1.970525626855072 -69.38494661780042 1
      vertex 2.041939836946103 -69.41872302367159 0
      vertex 1.970525626855072 -69.38494661780042 0
    endloop
  endfacet
  facet normal 0.3368898533921033 0.9415440651830626 0
    outer loop
      vertex 2.041939836946103 -69.41872302367159 1
      vertex 2.116320834810158 -69.44533697026442 0
      vertex 2.041939836946103 -69.41872302367159 0
    endloop
  endfacet
  facet normal 0.24298017990327025 0.9700312531945424 0
    outer loop
      vertex 2.116320834810158 -69.44533697026442 1
      vertex 2.1929522907770167 -69.4645321507246 0
      vertex 2.116320834810158 -69.44533697026442 0
    endloop
  endfacet
  facet normal 0.14673047445540782 0.9891765099647741 0
    outer loop
      vertex 2.1929522907770167 -69.4645321507246 1
      vertex 2.2710962020347036 -69.47612370497112 0
      vertex 2.1929522907770167 -69.4645321507246 0
    endloop
  endfacet
  facet normal 0.04906767432750523 0.9987954562051682 0
    outer loop
      vertex 2.2710962020347036 -69.47612370497112 1
      vertex 2.35 -69.48 0
      vertex 2.2710962020347036 -69.47612370497112 0
    endloop
  endfacet
  facet normal -0.04906767432750523 0.9987954562051682 0
    outer loop
      vertex 2.35 -69.48 1
      vertex 2.4289037979652965 -69.47612370497112 0
      vertex 2.35 -69.48 0
    endloop
  endfacet
  facet normal -0.14673047445540782 0.9891765099647741 0
    outer loop
      vertex 2.4289037979652965 -69.47612370497112 1
      vertex 2.5070477092229835 -69.4645321507246 0
      vertex 2.4289037979652965 -69.47612370497112 0
    endloop
  endfacet
  facet normal -0.24298017990327025 0.9700312531945424 0
    outer loop
      vertex 2.5070477092229835 -69.4645321507246 1
      vertex 2.5836791651898423 -69.44533697026442 0
      vertex 2.5070477092229835 -69.4645321507246 0
    endloop
  endfacet
  facet normal 0.5141027441931632 -0.8577286100003071 0
    outer loop
      vertex 1.970525626855072 -67.96505338219957 1
      vertex 1.9027659624192204 -68.00566696209644 0
      vertex 1.970525626855072 -67.96505338219957 0
    endloop
  endfacet
  facet normal 0.4275550934303393 -0.9039892931234162 0
    outer loop
      vertex 2.041939836946103 -67.9312769763284 1
      vertex 1.970525626855072 -67.96505338219957 0
      vertex 2.041939836946103 -67.9312769763284 0
    endloop
  endfacet
  facet normal 0.3368898533921033 -0.9415440651830626 0
    outer loop
      vertex 2.116320834810158 -67.90466302973557 1
      vertex 2.041939836946103 -67.9312769763284 0
      vertex 2.116320834810158 -67.90466302973557 0
    endloop
  endfacet
  facet normal 0.24298017990327025 -0.9700312531945424 0
    outer loop
      vertex 2.1929522907770167 -67.8854678492754 1
      vertex 2.116320834810158 -67.90466302973557 0
      vertex 2.1929522907770167 -67.8854678492754 0
    endloop
  endfacet
  facet normal 0.14673047445540782 -0.9891765099647741 0
    outer loop
      vertex 2.2710962020347036 -67.87387629502888 1
      vertex 2.1929522907770167 -67.8854678492754 0
      vertex 2.2710962020347036 -67.87387629502888 0
    endloop
  endfacet
  facet normal 0.04906767432750523 -0.9987954562051682 0
    outer loop
      vertex 2.35 -67.86999999999999 1
      vertex 2.2710962020347036 -67.87387629502888 0
      vertex 2.35 -67.86999999999999 0
    endloop
  endfacet
  facet normal -0.04906767432750523 -0.9987954562051682 0
    outer loop
      vertex 2.4289037979652965 -67.87387629502888 1
      vertex 2.35 -67.86999999999999 0
      vertex 2.4289037979652965 -67.87387629502888 0
    endloop
  endfacet
  facet normal -0.14673047445540782 -0.9891765099647741 0
    outer loop
      vertex 2.5070477092229835 -67.8854678492754 1
      vertex 2.4289037979652965 -67.87387629502888 0
      vertex 2.5070477092229835 -67.8854678492754 0
    endloop
  endfacet
  facet normal 0.9039892931234542 0.42755509343025894 -1.3167803857080942e-19
    outer loop
      vertex 1.6062769763284144 -68.98306016305389 1
      vertex 1.6400533821995742 -69.05447437314493 1
      vertex 1.6400533821995742 -69.05447437314493 0
    endloop
  endfacet
  facet normal 0.8577286100002809 0.514102744193207 -2.353308210397105e-18
    outer loop
      vertex 1.6400533821995742 -69.05447437314493 1
      vertex 1.6806669620964512 -69.12223403758078 1
      vertex 1.6806669620964512 -69.12223403758078 0
    endloop
  endfacet
  facet normal 0.8032075314805955 0.5956993044925 -6.375115264672795e-19
    outer loop
      vertex 1.6806669620964512 -69.12223403758078 1
      vertex 1.7277265850429968 -69.18568659375173 1
      vertex 1.7277265850429968 -69.18568659375173 0
    endloop
  endfacet
  facet normal 0.7409511253549856 0.6715589548469891 2.6397770375823496e-19
    outer loop
      vertex 1.7277265850429968 -69.18568659375173 1
      vertex 1.7807790411448292 -69.24422095885517 1
      vertex 1.7807790411448292 -69.24422095885517 0
    endloop
  endfacet
  facet normal 0.6715589548470573 0.740951125354924 5.257390011681291e-19
    outer loop
      vertex 1.7807790411448292 -69.24422095885517 1
      vertex 1.8393134062482654 -69.297273414957 1
      vertex 1.8393134062482654 -69.297273414957 0
    endloop
  endfacet
  facet normal 0.5956993044924563 0.803207531480628 -1.0029133794754166e-18
    outer loop
      vertex 1.8393134062482654 -69.297273414957 1
      vertex 1.9027659624192204 -69.34433303790355 1
      vertex 1.9027659624192204 -69.34433303790355 0
    endloop
  endfacet
  facet normal 0.9987954562051724 0.049067674327418584 0
    outer loop
      vertex 1.5488762950288815 -68.7539037979653 1
      vertex 1.5488762950288815 -68.7539037979653 0
      vertex 1.545 -68.675 1
    endloop
  endfacet
  facet normal 0.9700312531945456 0.242980179903257 -6.248466510364583e-19
    outer loop
      vertex 1.5604678492753994 -68.83204770922298 1
      vertex 1.5796630297355718 -68.90867916518984 1
      vertex 1.5796630297355718 -68.90867916518984 0
    endloop
  endfacet
  facet normal 0.9891765099647802 0.1467304744553676 0
    outer loop
      vertex 1.5604678492753994 -68.83204770922298 1
      vertex 1.5604678492753994 -68.83204770922298 0
      vertex 1.5488762950288815 -68.7539037979653 1
    endloop
  endfacet
  facet normal 0.9987954562051724 -0.049067674327418584 0
    outer loop
      vertex 1.545 -68.675 1
      vertex 1.545 -68.675 0
      vertex 1.5488762950288815 -68.5960962020347 1
    endloop
  endfacet
  facet normal 0.9891765099647802 -0.1467304744553676 0
    outer loop
      vertex 1.5488762950288815 -68.5960962020347 1
      vertex 1.5488762950288815 -68.5960962020347 0
      vertex 1.5604678492753994 -68.51795229077702 1
    endloop
  endfacet
  facet normal 0.9700312531945456 -0.242980179903257 0
    outer loop
      vertex 1.5604678492753994 -68.51795229077702 1
      vertex 1.5604678492753994 -68.51795229077702 0
      vertex 1.5796630297355718 -68.44132083481016 1
    endloop
  endfacet
  facet normal 0.9415440651830186 -0.33688985339222655 0
    outer loop
      vertex 1.5796630297355718 -68.44132083481016 1
      vertex 1.5796630297355718 -68.44132083481016 0
      vertex 1.6062769763284144 -68.3669398369461 1
    endloop
  endfacet
  facet normal 0.9415440651830186 0.33688985339222655 0
    outer loop
      vertex 1.6062769763284144 -68.98306016305389 1
      vertex 1.6062769763284144 -68.98306016305389 0
      vertex 1.5796630297355718 -68.90867916518984 1
    endloop
  endfacet
  facet normal 0.9039892931234542 -0.42755509343025894 0
    outer loop
      vertex 1.6062769763284144 -68.3669398369461 1
      vertex 1.6062769763284144 -68.3669398369461 0
      vertex 1.6400533821995742 -68.29552562685507 1
    endloop
  endfacet
  facet normal 0.8577286100002809 -0.514102744193207 0
    outer loop
      vertex 1.6400533821995742 -68.29552562685507 1
      vertex 1.6400533821995742 -68.29552562685507 0
      vertex 1.6806669620964512 -68.22776596241921 1
    endloop
  endfacet
  facet normal 0.8032075314805955 -0.5956993044925 0
    outer loop
      vertex 1.6806669620964512 -68.22776596241921 1
      vertex 1.6806669620964512 -68.22776596241921 0
      vertex 1.7277265850429968 -68.16431340624827 1
    endloop
  endfacet
  facet normal 0.7409511253549856 -0.6715589548469891 0
    outer loop
      vertex 1.7277265850429968 -68.16431340624827 1
      vertex 1.7277265850429968 -68.16431340624827 0
      vertex 1.7807790411448292 -68.10577904114483 1
    endloop
  endfacet
  facet normal 0.6715589548470573 -0.740951125354924 0
    outer loop
      vertex 1.7807790411448292 -68.10577904114483 1
      vertex 1.7807790411448292 -68.10577904114483 0
      vertex 1.8393134062482654 -68.05272658504299 1
    endloop
  endfacet
  facet normal 0.5956993044924563 -0.803207531480628 0
    outer loop
      vertex 1.8393134062482654 -68.05272658504299 1
      vertex 1.8393134062482654 -68.05272658504299 0
      vertex 1.9027659624192204 -68.00566696209644 1
    endloop
  endfacet
  facet normal 0.5141027441931632 0.8577286100003071 -5.0457951128550356e-20
    outer loop
      vertex 1.9027659624192204 -69.34433303790355 1
      vertex 1.970525626855072 -69.38494661780042 1
      vertex 1.970525626855072 -69.38494661780042 0
    endloop
  endfacet
  facet normal 0.4275550934303393 0.9039892931234162 -6.207470629035092e-19
    outer loop
      vertex 1.970525626855072 -69.38494661780042 1
      vertex 2.041939836946103 -69.41872302367159 1
      vertex 2.041939836946103 -69.41872302367159 0
    endloop
  endfacet
  facet normal 0.3368898533921033 0.9415440651830626 1.243109292450552e-18
    outer loop
      vertex 2.041939836946103 -69.41872302367159 1
      vertex 2.116320834810158 -69.44533697026442 1
      vertex 2.116320834810158 -69.44533697026442 0
    endloop
  endfacet
  facet normal 0.24298017990327025 0.9700312531945424 -8.193038334057632e-19
    outer loop
      vertex 2.116320834810158 -69.44533697026442 1
      vertex 2.1929522907770167 -69.4645321507246 1
      vertex 2.1929522907770167 -69.4645321507246 0
    endloop
  endfacet
  facet normal 0.14673047445540782 0.9891765099647741 2.933021189908244e-19
    outer loop
      vertex 2.1929522907770167 -69.4645321507246 1
      vertex 2.2710962020347036 -69.47612370497112 1
      vertex 2.2710962020347036 -69.47612370497112 0
    endloop
  endfacet
  facet normal 0.04906767432750523 0.9987954562051682 2.367434256918266e-19
    outer loop
      vertex 2.2710962020347036 -69.47612370497112 1
      vertex 2.35 -69.48 1
      vertex 2.35 -69.48 0
    endloop
  endfacet
  facet normal -0.04906767432750523 0.9987954562051682 -2.367434256918266e-19
    outer loop
      vertex 2.35 -69.48 1
      vertex 2.4289037979652965 -69.47612370497112 1
      vertex 2.4289037979652965 -69.47612370497112 0
    endloop
  endfacet
  facet normal -0.14673047445540782 0.9891765099647741 -2.933021189908244e-19
    outer loop
      vertex 2.4289037979652965 -69.47612370497112 1
      vertex 2.5070477092229835 -69.4645321507246 1
      vertex 2.5070477092229835 -69.4645321507246 0
    endloop
  endfacet
  facet normal 0.5141027441931632 -0.8577286100003071 0
    outer loop
      vertex 1.9027659624192204 -68.00566696209644 1
      vertex 1.9027659624192204 -68.00566696209644 0
      vertex 1.970525626855072 -67.96505338219957 1
    endloop
  endfacet
  facet normal 0.4275550934303393 -0.9039892931234162 0
    outer loop
      vertex 1.970525626855072 -67.96505338219957 1
      vertex 1.970525626855072 -67.96505338219957 0
      vertex 2.041939836946103 -67.9312769763284 1
    endloop
  endfacet
  facet normal 0.3368898533921033 -0.9415440651830626 0
    outer loop
      vertex 2.041939836946103 -67.9312769763284 1
      vertex 2.041939836946103 -67.9312769763284 0
      vertex 2.116320834810158 -67.90466302973557 1
    endloop
  endfacet
  facet normal 0.24298017990327025 -0.9700312531945424 0
    outer loop
      vertex 2.116320834810158 -67.90466302973557 1
      vertex 2.116320834810158 -67.90466302973557 0
      vertex 2.1929522907770167 -67.8854678492754 1
    endloop
  endfacet
  facet normal 0.14673047445540782 -0.9891765099647741 0
    outer loop
      vertex 2.1929522907770167 -67.8854678492754 1
      vertex 2.1929522907770167 -67.8854678492754 0
      vertex 2.2710962020347036 -67.87387629502888 1
    endloop
  endfacet
  facet normal 0.04906767432750523 -0.9987954562051682 0
    outer loop
      vertex 2.2710962020347036 -67.87387629502888 1
      vertex 2.2710962020347036 -67.87387629502888 0
      vertex 2.35 -67.86999999999999 1
    endloop
  endfacet
  facet normal -0.04906767432750523 -0.9987954562051682 0
    outer loop
      vertex 2.35 -67.86999999999999 1
      vertex 2.35 -67.86999999999999 0
      vertex 2.4289037979652965 -67.87387629502888 1
    endloop
  endfacet
  facet normal -0.14673047445540782 -0.9891765099647741 0
    outer loop
      vertex 2.4289037979652965 -67.87387629502888 1
      vertex 2.4289037979652965 -67.87387629502888 0
      vertex 2.5070477092229835 -67.8854678492754 1
    endloop
  endfacet
  facet normal -0.24298017990327025 -0.9700312531945424 0
    outer loop
      vertex 2.5070477092229835 -67.8854678492754 1
      vertex 2.5070477092229835 -67.8854678492754 0
      vertex 2.5836791651898423 -67.90466302973557 1
    endloop
  endfacet
  facet normal 0 0 -1
    outer loop
      vertex 1.5488762950288815 -68.7539037979653 1
      vertex 1.545 -68.675 1
      vertex 1.5488762950288815 -68.5960962020347 1
    endloop
  endfacet
  facet normal 0 0 -1
    outer loop
      vertex 1.5604678492753994 -68.83204770922298 1
      vertex 1.5604678492753994 -68.51795229077702 1
      vertex 1.5796630297355718 -68.90867916518984 1
    endloop
  endfacet
  facet normal 0 0 -1
    outer loop
      vertex 1.5604678492753994 -68.83204770922298 1
      vertex 1.5488762950288815 -68.7539037979653 1
      vertex 1.5488762950288815 -68.5960962020347 1
    endloop
  endfacet
  facet normal 0 0 -1
    outer loop
      vertex 1.6062769763284144 -68.98306016305389 1
      vertex 1.5796630297355718 -68.90867916518984 1
      vertex 1.5796630297355718 -68.44132083481016 1
    endloop
  endfacet
  facet normal 0 0 -1
    outer loop
      vertex 1.5604678492753994 -68.83204770922298 1
      vertex 1.5488762950288815 -68.5960962020347 1
      vertex 1.5604678492753994 -68.51795229077702 1
    endloop
  endfacet
  facet normal 0 0 -1
    outer loop
      vertex 1.5604678492753994 -68.51795229077702 1
      vertex 1.5796630297355718 -68.44132083481016 1
      vertex 1.5796630297355718 -68.90867916518984 1
    endloop
  endfacet
  facet normal 0 0 -1
    outer loop
      vertex 1.6062769763284144 -68.98306016305389 1
      vertex 1.6062769763284144 -68.3669398369461 1
      vertex 1.6400533821995742 -69.05447437314493 1
    endloop
  endfacet
  facet normal 0 0 -1
    outer loop
      vertex 1.6400533821995742 -69.05447437314493 1
      vertex 1.6400533821995742 -68.29552562685507 1
      vertex 1.6806669620964512 -69.12223403758078 1
    endloop
  endfacet
  facet normal 0 0 -1
    outer loop
      vertex 1.6062769763284144 -68.98306016305389 1
      vertex 1.5796630297355718 -68.44132083481016 1
      vertex 1.6062769763284144 -68.3669398369461 1
    endloop
  endfacet
  facet normal 0 0 -1
    outer loop
      vertex 1.6400533821995742 -69.05447437314493 1
      vertex 1.6062769763284144 -68.3669398369461 1
      vertex 1.6400533821995742 -68.29552562685507 1
    endloop
  endfacet
  facet normal 0 0 -1
    outer loop
      vertex 1.6400533821995742 -68.29552562685507 1
      vertex 1.6806669620964512 -68.22776596241921 1
      vertex 1.6806669620964512 -69.12223403758078 1
    endloop
  endfacet
  facet normal 0 0 -1
    outer loop
      vertex 1.6806669620964512 -69.12223403758078 1
      vertex 1.6806669620964512 -68.22776596241921 1
      vertex 1.7277265850429968 -69.18568659375173 1
    endloop
  endfacet
  facet normal 0 0 -1
    outer loop
      vertex 1.7277265850429968 -69.18568659375173 1
      vertex 1.7277265850429968 -68.16431340624827 1
      vertex 1.7807790411448292 -69.24422095885517 1
    endloop
  endfacet
  facet normal 0 0 -1
    outer loop
      vertex 1.7277265850429968 -69.18568659375173 1
      vertex 1.6806669620964512 -68.22776596241921 1
      vertex 1.7277265850429968 -68.16431340624827 1
    endloop
  endfacet
  facet normal 0 0 -1
    outer loop
      vertex 1.7807790411448292 -69.24422095885517 1
      vertex 1.7807790411448292 -68.10577904114483 1
      vertex 1.8393134062482654 -69.297273414957 1
    endloop
  endfacet
  facet normal 0 0 -1
    outer loop
      vertex 1.7807790411448292 -69.24422095885517 1
      vertex 1.7277265850429968 -68.16431340624827 1
      vertex 1.7807790411448292 -68.10577904114483 1
    endloop
  endfacet
  facet normal 0 0 -1
    outer loop
      vertex 1.8393134062482654 -69.297273414957 1
      vertex 1.7807790411448292 -68.10577904114483 1
      vertex 1.8393134062482654 -68.05272658504299 1
    endloop
  endfacet
  facet normal 0 0 -1
    outer loop
      vertex 1.8393134062482654 -69.297273414957 1
      vertex 1.8393134062482654 -68.05272658504299 1
      vertex 1.9027659624192204 -69.34433303790355 1
    endloop
  endfacet
  facet normal 0 0 -1
    outer loop
      vertex 1.9027659624192204 -69.34433303790355 1
      vertex 1.8393134062482654 -68.05272658504299 1
      vertex 1.9027659624192204 -68.00566696209644 1
    endloop
  endfacet
  facet normal 0 0 -1
    outer loop
      vertex 1.9027659624192204 -69.34433303790355 1
      vertex 1.9027659624192204 -68.00566696209644 1
      vertex 1.970525626855072 -69.38494661780042 1
    endloop
  endfacet
  facet normal 0 0 -1
    outer loop
      vertex 1.970525626855072 -69.38494661780042 1
      vertex 1.9027659624192204 -68.00566696209644 1
      vertex 1.970525626855072 -67.96505338219957 1
    endloop
  endfacet
  facet normal 0 0 -1
    outer loop
      vertex 1.970525626855072 -69.38494661780042 1
      vertex 1.970525626855072 -67.96505338219957 1
      vertex 2.041939836946103 -69.41872302367159 1
    endloop
  endfacet
  facet normal 0 0 -1
    outer loop
      vertex 2.041939836946103 -69.41872302367159 1
      vertex 2.041939836946103 -67.9312769763284 1
      vertex 2.116320834810158 -69.44533697026442 1
    endloop
  endfacet
  facet normal 0 0 -1
    outer loop
      vertex 1.970525626855072 -67.96505338219957 1
      vertex 2.041939836946103 -67.9312769763284 1
      vertex 2.041939836946103 -69.41872302367159 1
    endloop
  endfacet
  facet normal 0 0 -1
    outer loop
      vertex 2.116320834810158 -69.44533697026442 1
      vertex 2.116320834810158 -67.90466302973557 1
      vertex 2.1929522907770167 -69.4645321507246 1
    endloop
  endfacet
  facet normal 0 0 -1
    outer loop
      vertex 2.116320834810158 -69.44533697026442 1
      vertex 2.041939836946103 -67.9312769763284 1
      vertex 2.116320834810158 -67.90466302973557 1
    endloop
  endfacet
  facet normal 0 0 -1
    outer loop
      vertex 2.1929522907770167 -69.4645321507246 1
      vertex 2.1929522907770167 -67.8854678492754 1
      vertex 2.2710962020347036 -69.47612370497112 1
    endloop
  endfacet
  facet normal 0 0 -1
    outer loop
      vertex 2.1929522907770167 -69.4645321507246 1
      vertex 2.116320834810158 -67.90466302973557 1
      vertex 2.1929522907770167 -67.8854678492754 1
    endloop
  endfacet
  facet normal 0 0 -1
    outer loop
      vertex 2.2710962020347036 -69.47612370497112 1
      vertex 2.2710962020347036 -67.87387629502888 1
      vertex 2.35 -69.48 1
    endloop
  endfacet
  facet normal 0 0 -1
    outer loop
      vertex 2.2710962020347036 -69.47612370497112 1
      vertex 2.1929522907770167 -67.8854678492754 1
      vertex 2.2710962020347036 -67.87387629502888 1
    endloop
  endfacet
  facet normal 0 0 -1
    outer loop
      vertex 2.35 -69.48 1
      vertex 2.35 -67.86999999999999 1
      vertex 2.4289037979652965 -69.47612370497112 1
    endloop
  endfacet
  facet normal 0 0 -1
    outer loop
      vertex 2.2710962020347036 -67.87387629502888 1
      vertex 2.35 -67.86999999999999 1
      vertex 2.35 -69.48 1
    endloop
  endfacet
  facet normal 0 0 -1
    outer loop
      vertex 2.4289037979652965 -69.47612370497112 1
      vertex 2.4289037979652965 -67.87387629502888 1
      vertex 2.5070477092229835 -69.4645321507246 1
    endloop
  endfacet
  facet normal 0 0 -1
    outer loop
      vertex 2.4289037979652965 -69.47612370497112 1
      vertex 2.35 -67.86999999999999 1
      vertex 2.4289037979652965 -67.87387629502888 1
    endloop
  endfacet
  facet normal 0 0 -1
    outer loop
      vertex 2.5070477092229835 -69.4645321507246 1
      vertex 2.5070477092229835 -67.8854678492754 1
      vertex 2.5836791651898423 -69.44533697026442 1
    endloop
  endfacet
  facet normal 0 0 -1
    outer loop
      vertex 2.5070477092229835 -69.4645321507246 1
      vertex 2.4289037979652965 -67.87387629502888 1
      vertex 2.5070477092229835 -67.8854678492754 1
    endloop
  endfacet
  facet normal -0.3368898533921033 0.9415440651830626 0
    outer loop
      vertex 2.5836791651898423 -69.44533697026442 1
      vertex 2.6580601630538974 -69.41872302367159 0
      vertex 2.5836791651898423 -69.44533697026442 0
    endloop
  endfacet
  facet normal -0.42755509343034037 0.9039892931234157 0
    outer loop
      vertex 2.6580601630538974 -69.41872302367159 1
      vertex 2.729474373144928 -69.38494661780042 0
      vertex 2.6580601630538974 -69.41872302367159 0
    endloop
  endfacet
  facet normal -0.5141027441931619 0.8577286100003079 0
    outer loop
      vertex 2.729474373144928 -69.38494661780042 1
      vertex 2.79723403758078 -69.34433303790355 0
      vertex 2.729474373144928 -69.38494661780042 0
    endloop
  endfacet
  facet normal -0.5956993044924563 0.803207531480628 0
    outer loop
      vertex 2.79723403758078 -69.34433303790355 1
      vertex 2.8606865937517347 -69.297273414957 0
      vertex 2.79723403758078 -69.34433303790355 0
    endloop
  endfacet
  facet normal -0.6715589548470573 0.740951125354924 0
    outer loop
      vertex 2.8606865937517347 -69.297273414957 1
      vertex 2.919220958855171 -69.24422095885517 0
      vertex 2.8606865937517347 -69.297273414957 0
    endloop
  endfacet
  facet normal -0.7409511253549856 0.6715589548469891 0
    outer loop
      vertex 2.919220958855171 -69.24422095885517 1
      vertex 2.9722734149570034 -69.18568659375173 0
      vertex 2.919220958855171 -69.24422095885517 0
    endloop
  endfacet
  facet normal -0.8032075314805942 0.5956993044925019 0
    outer loop
      vertex 2.9722734149570034 -69.18568659375173 1
      vertex 3.0193330379035492 -69.12223403758078 0
      vertex 2.9722734149570034 -69.18568659375173 0
    endloop
  endfacet
  facet normal -0.8577286100002821 0.514102744193205 0
    outer loop
      vertex 3.0193330379035492 -69.12223403758078 1
      vertex 3.059946617800426 -69.05447437314493 0
      vertex 3.0193330379035492 -69.12223403758078 0
    endloop
  endfacet
  facet normal -0.9039892931234542 0.42755509343025894 0
    outer loop
      vertex 3.059946617800426 -69.05447437314493 1
      vertex 3.093723023671586 -68.98306016305389 0
      vertex 3.059946617800426 -69.05447437314493 0
    endloop
  endfacet
  facet normal -0.24298017990327025 -0.9700312531945424 0
    outer loop
      vertex 2.5836791651898423 -67.90466302973557 1
      vertex 2.5070477092229835 -67.8854678492754 0
      vertex 2.5836791651898423 -67.90466302973557 0
    endloop
  endfacet
  facet normal -0.3368898533921033 -0.9415440651830626 0
    outer loop
      vertex 2.6580601630538974 -67.9312769763284 1
      vertex 2.5836791651898423 -67.90466302973557 0
      vertex 2.6580601630538974 -67.9312769763284 0
    endloop
  endfacet
  facet normal -0.42755509343034037 -0.9039892931234157 0
    outer loop
      vertex 2.729474373144928 -67.96505338219957 1
      vertex 2.6580601630538974 -67.9312769763284 0
      vertex 2.729474373144928 -67.96505338219957 0
    endloop
  endfacet
  facet normal -0.5141027441931619 -0.8577286100003079 0
    outer loop
      vertex 2.79723403758078 -68.00566696209644 1
      vertex 2.729474373144928 -67.96505338219957 0
      vertex 2.79723403758078 -68.00566696209644 0
    endloop
  endfacet
  facet normal -0.5956993044924563 -0.803207531480628 0
    outer loop
      vertex 2.8606865937517347 -68.05272658504299 1
      vertex 2.79723403758078 -68.00566696209644 0
      vertex 2.8606865937517347 -68.05272658504299 0
    endloop
  endfacet
  facet normal -0.6715589548470573 -0.740951125354924 0
    outer loop
      vertex 2.919220958855171 -68.10577904114483 1
      vertex 2.8606865937517347 -68.05272658504299 0
      vertex 2.919220958855171 -68.10577904114483 0
    endloop
  endfacet
  facet normal -0.7409511253549856 -0.6715589548469891 0
    outer loop
      vertex 2.9722734149570034 -68.16431340624827 1
      vertex 2.919220958855171 -68.10577904114483 0
      vertex 2.9722734149570034 -68.16431340624827 0
    endloop
  endfacet
  facet normal -0.8032075314805942 -0.5956993044925019 0
    outer loop
      vertex 3.0193330379035492 -68.22776596241921 1
      vertex 2.9722734149570034 -68.16431340624827 0
      vertex 3.0193330379035492 -68.22776596241921 0
    endloop
  endfacet
  facet normal -0.9039892931234542 -0.42755509343025894 0
    outer loop
      vertex 3.093723023671586 -68.3669398369461 1
      vertex 3.059946617800426 -68.29552562685507 0
      vertex 3.093723023671586 -68.3669398369461 0
    endloop
  endfacet
  facet normal -0.9415440651830186 0.33688985339222655 0
    outer loop
      vertex 3.093723023671586 -68.98306016305389 1
      vertex 3.1203369702644284 -68.90867916518984 0
      vertex 3.093723023671586 -68.98306016305389 0
    endloop
  endfacet
  facet normal -0.9700312531945456 0.242980179903257 0
    outer loop
      vertex 3.1203369702644284 -68.90867916518984 1
      vertex 3.139532150724601 -68.83204770922298 0
      vertex 3.1203369702644284 -68.90867916518984 0
    endloop
  endfacet
  facet normal -0.9891765099647797 0.14673047445537035 0
    outer loop
      vertex 3.139532150724601 -68.83204770922298 1
      vertex 3.151123704971119 -68.7539037979653 0
      vertex 3.139532150724601 -68.83204770922298 0
    endloop
  endfacet
  facet normal -0.9987954562051724 0.049067674327415774 0
    outer loop
      vertex 3.151123704971119 -68.7539037979653 1
      vertex 3.1550000000000002 -68.675 0
      vertex 3.151123704971119 -68.7539037979653 0
    endloop
  endfacet
  facet normal -0.9415440651830186 -0.33688985339222655 0
    outer loop
      vertex 3.1203369702644284 -68.44132083481016 1
      vertex 3.093723023671586 -68.3669398369461 0
      vertex 3.1203369702644284 -68.44132083481016 0
    endloop
  endfacet
  facet normal -0.9700312531945456 -0.242980179903257 0
    outer loop
      vertex 3.139532150724601 -68.51795229077702 1
      vertex 3.1203369702644284 -68.44132083481016 0
      vertex 3.139532150724601 -68.51795229077702 0
    endloop
  endfacet
  facet normal -0.9987954562051724 -0.049067674327415774 0
    outer loop
      vertex 3.1550000000000002 -68.675 1
      vertex 3.151123704971119 -68.5960962020347 0
      vertex 3.1550000000000002 -68.675 0
    endloop
  endfacet
  facet normal -0.9891765099647797 -0.14673047445537035 0
    outer loop
      vertex 3.151123704971119 -68.5960962020347 1
      vertex 3.139532150724601 -68.51795229077702 0
      vertex 3.151123704971119 -68.5960962020347 0
    endloop
  endfacet
  facet normal -0.8577286100002821 -0.514102744193205 0
    outer loop
      vertex 3.059946617800426 -68.29552562685507 1
      vertex 3.0193330379035492 -68.22776596241921 0
      vertex 3.059946617800426 -68.29552562685507 0
    endloop
  endfacet
  facet normal -0.24298017990327025 0.9700312531945424 8.193038334057632e-19
    outer loop
      vertex 2.5070477092229835 -69.4645321507246 1
      vertex 2.5836791651898423 -69.44533697026442 1
      vertex 2.5836791651898423 -69.44533697026442 0
    endloop
  endfacet
  facet normal -0.3368898533921033 0.9415440651830626 -1.243109292450552e-18
    outer loop
      vertex 2.5836791651898423 -69.44533697026442 1
      vertex 2.6580601630538974 -69.41872302367159 1
      vertex 2.6580601630538974 -69.41872302367159 0
    endloop
  endfacet
  facet normal -0.42755509343034037 0.9039892931234157 -9.905897386281844e-19
    outer loop
      vertex 2.6580601630538974 -69.41872302367159 1
      vertex 2.729474373144928 -69.38494661780042 1
      vertex 2.729474373144928 -69.38494661780042 0
    endloop
  endfacet
  facet normal -0.5141027441931619 0.8577286100003079 -1.0795816213256871e-18
    outer loop
      vertex 2.729474373144928 -69.38494661780042 1
      vertex 2.79723403758078 -69.34433303790355 1
      vertex 2.79723403758078 -69.34433303790355 0
    endloop
  endfacet
  facet normal -0.5956993044924563 0.803207531480628 1.0029133794754166e-18
    outer loop
      vertex 2.79723403758078 -69.34433303790355 1
      vertex 2.8606865937517347 -69.297273414957 1
      vertex 2.8606865937517347 -69.297273414957 0
    endloop
  endfacet
  facet normal -0.6715589548470573 0.740951125354924 -5.257390011681291e-19
    outer loop
      vertex 2.8606865937517347 -69.297273414957 1
      vertex 2.919220958855171 -69.24422095885517 1
      vertex 2.919220958855171 -69.24422095885517 0
    endloop
  endfacet
  facet normal -0.7409511253549856 0.6715589548469891 -2.6397770375823496e-19
    outer loop
      vertex 2.919220958855171 -69.24422095885517 1
      vertex 2.9722734149570034 -69.18568659375173 1
      vertex 2.9722734149570034 -69.18568659375173 0
    endloop
  endfacet
  facet normal -0.8032075314805942 0.5956993044925019 -2.1748156552262456e-18
    outer loop
      vertex 2.9722734149570034 -69.18568659375173 1
      vertex 3.0193330379035492 -69.12223403758078 1
      vertex 3.0193330379035492 -69.12223403758078 0
    endloop
  endfacet
  facet normal -0.8577286100002821 0.514102744193205 -1.4507721242258433e-18
    outer loop
      vertex 3.0193330379035492 -69.12223403758078 1
      vertex 3.059946617800426 -69.05447437314493 1
      vertex 3.059946617800426 -69.05447437314493 0
    endloop
  endfacet
  facet normal -0.9039892931234542 0.42755509343025894 1.3167803857080942e-19
    outer loop
      vertex 3.059946617800426 -69.05447437314493 1
      vertex 3.093723023671586 -68.98306016305389 1
      vertex 3.093723023671586 -68.98306016305389 0
    endloop
  endfacet
  facet normal -0.3368898533921033 -0.9415440651830626 0
    outer loop
      vertex 2.5836791651898423 -67.90466302973557 1
      vertex 2.5836791651898423 -67.90466302973557 0
      vertex 2.6580601630538974 -67.9312769763284 1
    endloop
  endfacet
  facet normal -0.42755509343034037 -0.9039892931234157 0
    outer loop
      vertex 2.6580601630538974 -67.9312769763284 1
      vertex 2.6580601630538974 -67.9312769763284 0
      vertex 2.729474373144928 -67.96505338219957 1
    endloop
  endfacet
  facet normal -0.5141027441931619 -0.8577286100003079 0
    outer loop
      vertex 2.729474373144928 -67.96505338219957 1
      vertex 2.729474373144928 -67.96505338219957 0
      vertex 2.79723403758078 -68.00566696209644 1
    endloop
  endfacet
  facet normal -0.5956993044924563 -0.803207531480628 0
    outer loop
      vertex 2.79723403758078 -68.00566696209644 1
      vertex 2.79723403758078 -68.00566696209644 0
      vertex 2.8606865937517347 -68.05272658504299 1
    endloop
  endfacet
  facet normal -0.6715589548470573 -0.740951125354924 5.257390011681291e-19
    outer loop
      vertex 2.919220958855171 -68.10577904114483 1
      vertex 2.8606865937517347 -68.05272658504299 1
      vertex 2.8606865937517347 -68.05272658504299 0
    endloop
  endfacet
  facet normal -0.7409511253549856 -0.6715589548469891 0
    outer loop
      vertex 2.919220958855171 -68.10577904114483 1
      vertex 2.919220958855171 -68.10577904114483 0
      vertex 2.9722734149570034 -68.16431340624827 1
    endloop
  endfacet
  facet normal -0.8032075314805942 -0.5956993044925019 0
    outer loop
      vertex 2.9722734149570034 -68.16431340624827 1
      vertex 2.9722734149570034 -68.16431340624827 0
      vertex 3.0193330379035492 -68.22776596241921 1
    endloop
  endfacet
  facet normal -0.9415440651830186 0.33688985339222655 1.4031523964299372e-18
    outer loop
      vertex 3.093723023671586 -68.98306016305389 1
      vertex 3.1203369702644284 -68.90867916518984 1
      vertex 3.1203369702644284 -68.90867916518984 0
    endloop
  endfacet
  facet normal -0.9700312531945456 0.242980179903257 6.248466510364583e-19
    outer loop
      vertex 3.1203369702644284 -68.90867916518984 1
      vertex 3.139532150724601 -68.83204770922298 1
      vertex 3.139532150724601 -68.83204770922298 0
    endloop
  endfacet
  facet normal -0.9891765099647797 0.14673047445537035 4.591528617741706e-19
    outer loop
      vertex 3.139532150724601 -68.83204770922298 1
      vertex 3.151123704971119 -68.7539037979653 1
      vertex 3.151123704971119 -68.7539037979653 0
    endloop
  endfacet
  facet normal -0.9987954562051724 0.049067674327415774 -1.2229393210683948e-19
    outer loop
      vertex 3.151123704971119 -68.7539037979653 1
      vertex 3.1550000000000002 -68.675 1
      vertex 3.1550000000000002 -68.675 0
    endloop
  endfacet
  facet normal -0.9415440651830186 -0.33688985339222655 -1.4031523964299372e-18
    outer loop
      vertex 3.1203369702644284 -68.44132083481016 1
      vertex 3.093723023671586 -68.3669398369461 1
      vertex 3.093723023671586 -68.3669398369461 0
    endloop
  endfacet
  facet normal -0.9700312531945456 -0.242980179903257 0
    outer loop
      vertex 3.1203369702644284 -68.44132083481016 1
      vertex 3.1203369702644284 -68.44132083481016 0
      vertex 3.139532150724601 -68.51795229077702 1
    endloop
  endfacet
  facet normal -0.9987954562051724 -0.049067674327415774 1.2229393210683948e-19
    outer loop
      vertex 3.1550000000000002 -68.675 1
      vertex 3.151123704971119 -68.5960962020347 1
      vertex 3.151123704971119 -68.5960962020347 0
    endloop
  endfacet
  facet normal -0.9891765099647797 -0.14673047445537035 0
    outer loop
      vertex 3.139532150724601 -68.51795229077702 1
      vertex 3.139532150724601 -68.51795229077702 0
      vertex 3.151123704971119 -68.5960962020347 1
    endloop
  endfacet
  facet normal -0.8577286100002821 -0.514102744193205 0
    outer loop
      vertex 3.0193330379035492 -68.22776596241921 1
      vertex 3.0193330379035492 -68.22776596241921 0
      vertex 3.059946617800426 -68.29552562685507 1
    endloop
  endfacet
  facet normal -0.9039892931234542 -0.42755509343025894 0
    outer loop
      vertex 3.059946617800426 -68.29552562685507 1
      vertex 3.059946617800426 -68.29552562685507 0
      vertex 3.093723023671586 -68.3669398369461 1
    endloop
  endfacet
  facet normal 0 0 -1
    outer loop
      vertex 2.5836791651898423 -69.44533697026442 1
      vertex 2.5836791651898423 -67.90466302973557 1
      vertex 2.6580601630538974 -69.41872302367159 1
    endloop
  endfacet
  facet normal 0 0 -1
    outer loop
      vertex 2.5836791651898423 -69.44533697026442 1
      vertex 2.5070477092229835 -67.8854678492754 1
      vertex 2.5836791651898423 -67.90466302973557 1
    endloop
  endfacet
  facet normal 0 0 -1
    outer loop
      vertex 2.6580601630538974 -69.41872302367159 1
      vertex 2.6580601630538974 -67.9312769763284 1
      vertex 2.729474373144928 -69.38494661780042 1
    endloop
  endfacet
  facet normal 0 0 -1
    outer loop
      vertex 2.5836791651898423 -67.90466302973557 1
      vertex 2.6580601630538974 -67.9312769763284 1
      vertex 2.6580601630538974 -69.41872302367159 1
    endloop
  endfacet
  facet normal 0 0 -1
    outer loop
      vertex 2.729474373144928 -69.38494661780042 1
      vertex 2.729474373144928 -67.96505338219957 1
      vertex 2.79723403758078 -69.34433303790355 1
    endloop
  endfacet
  facet normal 0 0 -1
    outer loop
      vertex 2.729474373144928 -69.38494661780042 1
      vertex 2.6580601630538974 -67.9312769763284 1
      vertex 2.729474373144928 -67.96505338219957 1
    endloop
  endfacet
  facet normal 0 0 -1
    outer loop
      vertex 2.79723403758078 -69.34433303790355 1
      vertex 2.729474373144928 -67.96505338219957 1
      vertex 2.79723403758078 -68.00566696209644 1
    endloop
  endfacet
  facet normal 0 0 -1
    outer loop
      vertex 2.79723403758078 -69.34433303790355 1
      vertex 2.79723403758078 -68.00566696209644 1
      vertex 2.8606865937517347 -69.297273414957 1
    endloop
  endfacet
  facet normal 0 0 -1
    outer loop
      vertex 2.8606865937517347 -69.297273414957 1
      vertex 2.79723403758078 -68.00566696209644 1
      vertex 2.8606865937517347 -68.05272658504299 1
    endloop
  endfacet
  facet normal 0 0 -1
    outer loop
      vertex 2.8606865937517347 -69.297273414957 1
      vertex 2.8606865937517347 -68.05272658504299 1
      vertex 2.919220958855171 -69.24422095885517 1
    endloop
  endfacet
  facet normal 0 0 -1
    outer loop
      vertex 2.919220958855171 -69.24422095885517 1
      vertex 2.919220958855171 -68.10577904114483 1
      vertex 2.9722734149570034 -69.18568659375173 1
    endloop
  endfacet
  facet normal 0 0 -1
    outer loop
      vertex 2.919220958855171 -69.24422095885517 1
      vertex 2.8606865937517347 -68.05272658504299 1
      vertex 2.919220958855171 -68.10577904114483 1
    endloop
  endfacet
  facet normal 0 0 -1
    outer loop
      vertex 2.9722734149570034 -69.18568659375173 1
      vertex 2.9722734149570034 -68.16431340624827 1
      vertex 3.0193330379035492 -69.12223403758078 1
    endloop
  endfacet
  facet normal 0 0 -1
    outer loop
      vertex 2.919220958855171 -68.10577904114483 1
      vertex 2.9722734149570034 -68.16431340624827 1
      vertex 2.9722734149570034 -69.18568659375173 1
    endloop
  endfacet
  facet normal 0 0 -1
    outer loop
      vertex 3.0193330379035492 -69.12223403758078 1
      vertex 2.9722734149570034 -68.16431340624827 1
      vertex 3.0193330379035492 -68.22776596241921 1
    endloop
  endfacet
  facet normal 0 0 -1
    outer loop
      vertex 3.0193330379035492 -69.12223403758078 1
      vertex 3.0193330379035492 -68.22776596241921 1
      vertex 3.059946617800426 -69.05447437314493 1
    endloop
  endfacet
  facet normal 0 0 -1
    outer loop
      vertex 3.059946617800426 -69.05447437314493 1
      vertex 3.059946617800426 -68.29552562685507 1
      vertex 3.093723023671586 -68.98306016305389 1
    endloop
  endfacet
  facet normal 0 0 -1
    outer loop
      vertex 3.059946617800426 -69.05447437314493 1
      vertex 3.0193330379035492 -68.22776596241921 1
      vertex 3.059946617800426 -68.29552562685507 1
    endloop
  endfacet
  facet normal 0 0 -1
    outer loop
      vertex 3.093723023671586 -68.98306016305389 1
      vertex 3.059946617800426 -68.29552562685507 1
      vertex 3.093723023671586 -68.3669398369461 1
    endloop
  endfacet
  facet normal 0 0 -1
    outer loop
      vertex 3.093723023671586 -68.98306016305389 1
      vertex 3.093723023671586 -68.3669398369461 1
      vertex 3.1203369702644284 -68.90867916518984 1
    endloop
  endfacet
  facet normal 0 0 -1
    outer loop
      vertex 3.1203369702644284 -68.90867916518984 1
      vertex 3.1203369702644284 -68.44132083481016 1
      vertex 3.139532150724601 -68.83204770922298 1
    endloop
  endfacet
  facet normal 0 0 -1
    outer loop
      vertex 3.139532150724601 -68.83204770922298 1
      vertex 3.139532150724601 -68.51795229077702 1
      vertex 3.151123704971119 -68.7539037979653 1
    endloop
  endfacet
  facet normal 0 0 -1
    outer loop
      vertex 3.151123704971119 -68.7539037979653 1
      vertex 3.151123704971119 -68.5960962020347 1
      vertex 3.1550000000000002 -68.675 1
    endloop
  endfacet
  facet normal 0 0 -1
    outer loop
      vertex 3.1203369702644284 -68.90867916518984 1
      vertex 3.093723023671586 -68.3669398369461 1
      vertex 3.1203369702644284 -68.44132083481016 1
    endloop
  endfacet
  facet normal 0 0 -1
    outer loop
      vertex 3.139532150724601 -68.83204770922298 1
      vertex 3.1203369702644284 -68.44132083481016 1
      vertex 3.139532150724601 -68.51795229077702 1
    endloop
  endfacet
  facet normal 0 0 -1
    outer loop
      vertex 3.151123704971119 -68.7539037979653 1
      vertex 3.139532150724601 -68.51795229077702 1
      vertex 3.151123704971119 -68.5960962020347 1
    endloop
  endfacet
  facet normal 0.9039892931234608 0.42755509343024517 0
    outer loop
      vertex 17.406276976328414 -68.98306016305389 1
      vertex 17.440053382199572 -69.05447437314493 0
      vertex 17.406276976328414 -68.98306016305389 0
    endloop
  endfacet
  facet normal 0.8577286100002772 0.5141027441932133 0
    outer loop
      vertex 17.440053382199572 -69.05447437314493 1
      vertex 17.48066696209645 -69.12223403758078 0
      vertex 17.440053382199572 -69.05447437314493 0
    endloop
  endfacet
  facet normal 0.8032075314805995 0.5956993044924945 0
    outer loop
      vertex 17.48066696209645 -69.12223403758078 1
      vertex 17.527726585042995 -69.18568659375173 0
      vertex 17.48066696209645 -69.12223403758078 0
    endloop
  endfacet
  facet normal 0.7409511253549717 0.6715589548470045 0
    outer loop
      vertex 17.527726585042995 -69.18568659375173 1
      vertex 17.58077904114483 -69.24422095885517 0
      vertex 17.527726585042995 -69.18568659375173 0
    endloop
  endfacet
  facet normal 0.671558954847074 0.7409511253549087 0
    outer loop
      vertex 17.58077904114483 -69.24422095885517 1
      vertex 17.639313406248263 -69.297273414957 0
      vertex 17.58077904114483 -69.24422095885517 0
    endloop
  endfacet
  facet normal 0.595699304492459 0.8032075314806258 0
    outer loop
      vertex 17.639313406248263 -69.297273414957 1
      vertex 17.702765962419218 -69.34433303790355 0
      vertex 17.639313406248263 -69.297273414957 0
    endloop
  endfacet
  facet normal 0.5141027441931472 0.8577286100003169 0
    outer loop
      vertex 17.702765962419218 -69.34433303790355 1
      vertex 17.770525626855072 -69.38494661780042 0
      vertex 17.702765962419218 -69.34433303790355 0
    endloop
  endfacet
  facet normal 0.4275550934303535 0.9039892931234096 0
    outer loop
      vertex 17.770525626855072 -69.38494661780042 1
      vertex 17.8419398369461 -69.41872302367159 0
      vertex 17.770525626855072 -69.38494661780042 0
    endloop
  endfacet
  facet normal 0.9700312531945443 0.24298017990326226 0
    outer loop
      vertex 17.3604678492754 -68.83204770922298 1
      vertex 17.37966302973557 -68.90867916518984 0
      vertex 17.3604678492754 -68.83204770922298 0
    endloop
  endfacet
  facet normal 0.9987954562051724 0.049067674327415774 0
    outer loop
      vertex 17.345 -68.675 1
      vertex 17.34887629502888 -68.7539037979653 0
      vertex 17.345 -68.675 0
    endloop
  endfacet
  facet normal 0.9891765099647797 0.14673047445537035 0
    outer loop
      vertex 17.34887629502888 -68.7539037979653 1
      vertex 17.3604678492754 -68.83204770922298 0
      vertex 17.34887629502888 -68.7539037979653 0
    endloop
  endfacet
  facet normal 0.9415440651830186 0.33688985339222655 0
    outer loop
      vertex 17.37966302973557 -68.90867916518984 1
      vertex 17.406276976328414 -68.98306016305389 0
      vertex 17.37966302973557 -68.90867916518984 0
    endloop
  endfacet
  facet normal 0.9987954562051724 -0.049067674327415774 0
    outer loop
      vertex 17.34887629502888 -68.5960962020347 1
      vertex 17.345 -68.675 0
      vertex 17.34887629502888 -68.5960962020347 0
    endloop
  endfacet
  facet normal 0.9891765099647797 -0.14673047445537035 0
    outer loop
      vertex 17.3604678492754 -68.51795229077702 1
      vertex 17.34887629502888 -68.5960962020347 0
      vertex 17.3604678492754 -68.51795229077702 0
    endloop
  endfacet
  facet normal 0.9700312531945443 -0.24298017990326226 0
    outer loop
      vertex 17.37966302973557 -68.44132083481016 1
      vertex 17.3604678492754 -68.51795229077702 0
      vertex 17.37966302973557 -68.44132083481016 0
    endloop
  endfacet
  facet normal 0.9415440651830186 -0.33688985339222655 0
    outer loop
      vertex 17.406276976328414 -68.3669398369461 1
      vertex 17.37966302973557 -68.44132083481016 0
      vertex 17.406276976328414 -68.3669398369461 0
    endloop
  endfacet
  facet normal 0.9039892931234608 -0.42755509343024517 0
    outer loop
      vertex 17.440053382199572 -68.29552562685507 1
      vertex 17.406276976328414 -68.3669398369461 0
      vertex 17.440053382199572 -68.29552562685507 0
    endloop
  endfacet
  facet normal 0.8577286100002772 -0.5141027441932133 0
    outer loop
      vertex 17.48066696209645 -68.22776596241921 1
      vertex 17.440053382199572 -68.29552562685507 0
      vertex 17.48066696209645 -68.22776596241921 0
    endloop
  endfacet
  facet normal 0.8032075314805995 -0.5956993044924945 0
    outer loop
      vertex 17.527726585042995 -68.16431340624827 1
      vertex 17.48066696209645 -68.22776596241921 0
      vertex 17.527726585042995 -68.16431340624827 0
    endloop
  endfacet
  facet normal 0.7409511253549717 -0.6715589548470045 0
    outer loop
      vertex 17.58077904114483 -68.10577904114483 1
      vertex 17.527726585042995 -68.16431340624827 0
      vertex 17.58077904114483 -68.10577904114483 0
    endloop
  endfacet
  facet normal 0.671558954847074 -0.7409511253549087 0
    outer loop
      vertex 17.639313406248263 -68.05272658504299 1
      vertex 17.58077904114483 -68.10577904114483 0
      vertex 17.639313406248263 -68.05272658504299 0
    endloop
  endfacet
  facet normal 0.595699304492459 -0.8032075314806258 0
    outer loop
      vertex 17.702765962419218 -68.00566696209644 1
      vertex 17.639313406248263 -68.05272658504299 0
      vertex 17.702765962419218 -68.00566696209644 0
    endloop
  endfacet
  facet normal 0.5141027441931472 -0.8577286100003169 0
    outer loop
      vertex 17.770525626855072 -67.96505338219957 1
      vertex 17.702765962419218 -68.00566696209644 0
      vertex 17.770525626855072 -67.96505338219957 0
    endloop
  endfacet
  facet normal 0.9039892931234608 0.42755509343024517 1.9788572595760565e-18
    outer loop
      vertex 17.406276976328414 -68.98306016305389 1
      vertex 17.440053382199572 -69.05447437314493 1
      vertex 17.440053382199572 -69.05447437314493 0
    endloop
  endfacet
  facet normal 0.8577286100002772 0.5141027441932133 2.7035622568327807e-18
    outer loop
      vertex 17.440053382199572 -69.05447437314493 1
      vertex 17.48066696209645 -69.12223403758078 1
      vertex 17.48066696209645 -69.12223403758078 0
    endloop
  endfacet
  facet normal 0.8032075314805995 0.5956993044924945 1.904914575852872e-18
    outer loop
      vertex 17.48066696209645 -69.12223403758078 1
      vertex 17.527726585042995 -69.18568659375173 1
      vertex 17.527726585042995 -69.18568659375173 0
    endloop
  endfacet
  facet normal 0.7409511253549717 0.6715589548470045 1.9331258315621678e-18
    outer loop
      vertex 17.527726585042995 -69.18568659375173 1
      vertex 17.58077904114483 -69.24422095885517 1
      vertex 17.58077904114483 -69.24422095885517 0
    endloop
  endfacet
  facet normal 0.671558954847074 0.7409511253549087 2.7480622971969167e-19
    outer loop
      vertex 17.58077904114483 -69.24422095885517 1
      vertex 17.639313406248263 -69.297273414957 1
      vertex 17.639313406248263 -69.297273414957 0
    endloop
  endfacet
  facet normal 0.595699304492459 0.8032075314806258 3.4936523229380507e-20
    outer loop
      vertex 17.639313406248263 -69.297273414957 1
      vertex 17.702765962419218 -69.34433303790355 1
      vertex 17.702765962419218 -69.34433303790355 0
    endloop
  endfacet
  facet normal 0.5141027441931472 0.8577286100003169 -1.829054980323313e-18
    outer loop
      vertex 17.702765962419218 -69.34433303790355 1
      vertex 17.770525626855072 -69.38494661780042 1
      vertex 17.770525626855072 -69.38494661780042 0
    endloop
  endfacet
  facet normal 0.9987954562051724 0.049067674327415774 0
    outer loop
      vertex 17.34887629502888 -68.7539037979653 1
      vertex 17.34887629502888 -68.7539037979653 0
      vertex 17.345 -68.675 1
    endloop
  endfacet
  facet normal 0.9891765099647797 0.14673047445537035 -4.591528617741706e-19
    outer loop
      vertex 17.34887629502888 -68.7539037979653 1
      vertex 17.3604678492754 -68.83204770922298 1
      vertex 17.3604678492754 -68.83204770922298 0
    endloop
  endfacet
  facet normal 0.9700312531945443 0.24298017990326226 -4.635092516516638e-19
    outer loop
      vertex 17.3604678492754 -68.83204770922298 1
      vertex 17.37966302973557 -68.90867916518984 1
      vertex 17.37966302973557 -68.90867916518984 0
    endloop
  endfacet
  facet normal 0.9415440651830186 0.33688985339222655 -1.4031523964299372e-18
    outer loop
      vertex 17.37966302973557 -68.90867916518984 1
      vertex 17.406276976328414 -68.98306016305389 1
      vertex 17.406276976328414 -68.98306016305389 0
    endloop
  endfacet
  facet normal 0.9987954562051724 -0.049067674327415774 0
    outer loop
      vertex 17.345 -68.675 1
      vertex 17.345 -68.675 0
      vertex 17.34887629502888 -68.5960962020347 1
    endloop
  endfacet
  facet normal 0.9891765099647797 -0.14673047445537035 0
    outer loop
      vertex 17.34887629502888 -68.5960962020347 1
      vertex 17.34887629502888 -68.5960962020347 0
      vertex 17.3604678492754 -68.51795229077702 1
    endloop
  endfacet
  facet normal 0.9700312531945443 -0.24298017990326226 0
    outer loop
      vertex 17.3604678492754 -68.51795229077702 1
      vertex 17.3604678492754 -68.51795229077702 0
      vertex 17.37966302973557 -68.44132083481016 1
    endloop
  endfacet
  facet normal 0.9415440651830186 -0.33688985339222655 0
    outer loop
      vertex 17.37966302973557 -68.44132083481016 1
      vertex 17.37966302973557 -68.44132083481016 0
      vertex 17.406276976328414 -68.3669398369461 1
    endloop
  endfacet
  facet normal 0.9039892931234608 -0.42755509343024517 0
    outer loop
      vertex 17.406276976328414 -68.3669398369461 1
      vertex 17.406276976328414 -68.3669398369461 0
      vertex 17.440053382199572 -68.29552562685507 1
    endloop
  endfacet
  facet normal 0.8577286100002772 -0.5141027441932133 0
    outer loop
      vertex 17.440053382199572 -68.29552562685507 1
      vertex 17.440053382199572 -68.29552562685507 0
      vertex 17.48066696209645 -68.22776596241921 1
    endloop
  endfacet
  facet normal 0.8032075314805995 -0.5956993044924945 0
    outer loop
      vertex 17.48066696209645 -68.22776596241921 1
      vertex 17.48066696209645 -68.22776596241921 0
      vertex 17.527726585042995 -68.16431340624827 1
    endloop
  endfacet
  facet normal 0.7409511253549717 -0.6715589548470045 0
    outer loop
      vertex 17.527726585042995 -68.16431340624827 1
      vertex 17.527726585042995 -68.16431340624827 0
      vertex 17.58077904114483 -68.10577904114483 1
    endloop
  endfacet
  facet normal 0.671558954847074 -0.7409511253549087 0
    outer loop
      vertex 17.58077904114483 -68.10577904114483 1
      vertex 17.58077904114483 -68.10577904114483 0
      vertex 17.639313406248263 -68.05272658504299 1
    endloop
  endfacet
  facet normal 0.595699304492459 -0.8032075314806258 0
    outer loop
      vertex 17.639313406248263 -68.05272658504299 1
      vertex 17.639313406248263 -68.05272658504299 0
      vertex 17.702765962419218 -68.00566696209644 1
    endloop
  endfacet
  facet normal 0.5141027441931472 -0.8577286100003169 0
    outer loop
      vertex 17.702765962419218 -68.00566696209644 1
      vertex 17.702765962419218 -68.00566696209644 0
      vertex 17.770525626855072 -67.96505338219957 1
    endloop
  endfacet
  facet normal 0.4275550934303535 -0.9039892931234096 0
    outer loop
      vertex 17.770525626855072 -67.96505338219957 1
      vertex 17.770525626855072 -67.96505338219957 0
      vertex 17.8419398369461 -67.9312769763284 1
    endloop
  endfacet
  facet normal 0 0 -1
    outer loop
      vertex 17.34887629502888 -68.7539037979653 1
      vertex 17.345 -68.675 1
      vertex 17.34887629502888 -68.5960962020347 1
    endloop
  endfacet
  facet normal 0 0 -1
    outer loop
      vertex 17.3604678492754 -68.83204770922298 1
      vertex 17.3604678492754 -68.51795229077702 1
      vertex 17.37966302973557 -68.90867916518984 1
    endloop
  endfacet
  facet normal 0 0 -1
    outer loop
      vertex 17.34887629502888 -68.7539037979653 1
      vertex 17.34887629502888 -68.5960962020347 1
      vertex 17.3604678492754 -68.83204770922298 1
    endloop
  endfacet
  facet normal 0 0 -1
    outer loop
      vertex 17.37966302973557 -68.90867916518984 1
      vertex 17.37966302973557 -68.44132083481016 1
      vertex 17.406276976328414 -68.98306016305389 1
    endloop
  endfacet
  facet normal 0 0 -1
    outer loop
      vertex 17.3604678492754 -68.83204770922298 1
      vertex 17.34887629502888 -68.5960962020347 1
      vertex 17.3604678492754 -68.51795229077702 1
    endloop
  endfacet
  facet normal 0 0 -1
    outer loop
      vertex 17.37966302973557 -68.90867916518984 1
      vertex 17.3604678492754 -68.51795229077702 1
      vertex 17.37966302973557 -68.44132083481016 1
    endloop
  endfacet
  facet normal 0 0 -1
    outer loop
      vertex 17.37966302973557 -68.44132083481016 1
      vertex 17.406276976328414 -68.3669398369461 1
      vertex 17.406276976328414 -68.98306016305389 1
    endloop
  endfacet
  facet normal 0 0 -1
    outer loop
      vertex 17.406276976328414 -68.98306016305389 1
      vertex 17.406276976328414 -68.3669398369461 1
      vertex 17.440053382199572 -69.05447437314493 1
    endloop
  endfacet
  facet normal 0 0 -1
    outer loop
      vertex 17.440053382199572 -69.05447437314493 1
      vertex 17.440053382199572 -68.29552562685507 1
      vertex 17.48066696209645 -69.12223403758078 1
    endloop
  endfacet
  facet normal 0 0 -1
    outer loop
      vertex 17.440053382199572 -69.05447437314493 1
      vertex 17.406276976328414 -68.3669398369461 1
      vertex 17.440053382199572 -68.29552562685507 1
    endloop
  endfacet
  facet normal 0 0 -1
    outer loop
      vertex 17.48066696209645 -69.12223403758078 1
      vertex 17.440053382199572 -68.29552562685507 1
      vertex 17.48066696209645 -68.22776596241921 1
    endloop
  endfacet
  facet normal 0 0 -1
    outer loop
      vertex 17.48066696209645 -69.12223403758078 1
      vertex 17.48066696209645 -68.22776596241921 1
      vertex 17.527726585042995 -69.18568659375173 1
    endloop
  endfacet
  facet normal 0 0 -1
    outer loop
      vertex 17.527726585042995 -69.18568659375173 1
      vertex 17.527726585042995 -68.16431340624827 1
      vertex 17.58077904114483 -69.24422095885517 1
    endloop
  endfacet
  facet normal 0 0 -1
    outer loop
      vertex 17.527726585042995 -69.18568659375173 1
      vertex 17.48066696209645 -68.22776596241921 1
      vertex 17.527726585042995 -68.16431340624827 1
    endloop
  endfacet
  facet normal 0 0 -1
    outer loop
      vertex 17.527726585042995 -68.16431340624827 1
      vertex 17.58077904114483 -68.10577904114483 1
      vertex 17.58077904114483 -69.24422095885517 1
    endloop
  endfacet
  facet normal 0 0 -1
    outer loop
      vertex 17.58077904114483 -69.24422095885517 1
      vertex 17.58077904114483 -68.10577904114483 1
      vertex 17.639313406248263 -69.297273414957 1
    endloop
  endfacet
  facet normal 0 0 -1
    outer loop
      vertex 17.639313406248263 -69.297273414957 1
      vertex 17.58077904114483 -68.10577904114483 1
      vertex 17.639313406248263 -68.05272658504299 1
    endloop
  endfacet
  facet normal 0 0 -1
    outer loop
      vertex 17.639313406248263 -69.297273414957 1
      vertex 17.639313406248263 -68.05272658504299 1
      vertex 17.702765962419218 -69.34433303790355 1
    endloop
  endfacet
  facet normal 0 0 -1
    outer loop
      vertex 17.702765962419218 -69.34433303790355 1
      vertex 17.702765962419218 -68.00566696209644 1
      vertex 17.770525626855072 -69.38494661780042 1
    endloop
  endfacet
  facet normal 0 0 -1
    outer loop
      vertex 17.702765962419218 -69.34433303790355 1
      vertex 17.639313406248263 -68.05272658504299 1
      vertex 17.702765962419218 -68.00566696209644 1
    endloop
  endfacet
  facet normal 0 0 -1
    outer loop
      vertex 17.770525626855072 -69.38494661780042 1
      vertex 17.770525626855072 -67.96505338219957 1
      vertex 17.8419398369461 -69.41872302367159 1
    endloop
  endfacet
  facet normal 0 0 -1
    outer loop
      vertex 17.770525626855072 -69.38494661780042 1
      vertex 17.702765962419218 -68.00566696209644 1
      vertex 17.770525626855072 -67.96505338219957 1
    endloop
  endfacet
  facet normal 0.3368898533920926 0.9415440651830663 0
    outer loop
      vertex 17.8419398369461 -69.41872302367159 1
      vertex 17.916320834810158 -69.44533697026442 0
      vertex 17.8419398369461 -69.41872302367159 0
    endloop
  endfacet
  facet normal 0.2429801799032729 0.9700312531945418 0
    outer loop
      vertex 17.916320834810158 -69.44533697026442 1
      vertex 17.992952290777016 -69.4645321507246 0
      vertex 17.916320834810158 -69.44533697026442 0
    endloop
  endfacet
  facet normal 0.14673047445540782 0.9891765099647741 0
    outer loop
      vertex 17.992952290777016 -69.4645321507246 1
      vertex 18.071096202034703 -69.47612370497112 0
      vertex 17.992952290777016 -69.4645321507246 0
    endloop
  endfacet
  facet normal 0.04906767432750551 0.9987954562051682 0
    outer loop
      vertex 18.071096202034703 -69.47612370497112 1
      vertex 18.15 -69.48 0
      vertex 18.071096202034703 -69.47612370497112 0
    endloop
  endfacet
  facet normal -0.04906767432750551 0.9987954562051682 0
    outer loop
      vertex 18.15 -69.48 1
      vertex 18.228903797965295 -69.47612370497112 0
      vertex 18.15 -69.48 0
    endloop
  endfacet
  facet normal -0.14673047445540782 0.9891765099647741 0
    outer loop
      vertex 18.228903797965295 -69.47612370497112 1
      vertex 18.30704770922298 -69.4645321507246 0
      vertex 18.228903797965295 -69.47612370497112 0
    endloop
  endfacet
  facet normal -0.2429801799032729 0.9700312531945418 0
    outer loop
      vertex 18.30704770922298 -69.4645321507246 1
      vertex 18.38367916518984 -69.44533697026442 0
      vertex 18.30704770922298 -69.4645321507246 0
    endloop
  endfacet
  facet normal -0.3368898533920926 0.9415440651830663 0
    outer loop
      vertex 18.38367916518984 -69.44533697026442 1
      vertex 18.458060163053897 -69.41872302367159 0
      vertex 18.38367916518984 -69.44533697026442 0
    endloop
  endfacet
  facet normal 0.4275550934303535 -0.9039892931234096 0
    outer loop
      vertex 17.8419398369461 -67.9312769763284 1
      vertex 17.770525626855072 -67.96505338219957 0
      vertex 17.8419398369461 -67.9312769763284 0
    endloop
  endfacet
  facet normal 0.3368898533920926 -0.9415440651830663 0
    outer loop
      vertex 17.916320834810158 -67.90466302973557 1
      vertex 17.8419398369461 -67.9312769763284 0
      vertex 17.916320834810158 -67.90466302973557 0
    endloop
  endfacet
  facet normal 0.2429801799032729 -0.9700312531945418 0
    outer loop
      vertex 17.992952290777016 -67.8854678492754 1
      vertex 17.916320834810158 -67.90466302973557 0
      vertex 17.992952290777016 -67.8854678492754 0
    endloop
  endfacet
  facet normal 0.14673047445540782 -0.9891765099647741 0
    outer loop
      vertex 18.071096202034703 -67.87387629502888 1
      vertex 17.992952290777016 -67.8854678492754 0
      vertex 18.071096202034703 -67.87387629502888 0
    endloop
  endfacet
  facet normal 0.04906767432750551 -0.9987954562051682 0
    outer loop
      vertex 18.15 -67.86999999999999 1
      vertex 18.071096202034703 -67.87387629502888 0
      vertex 18.15 -67.86999999999999 0
    endloop
  endfacet
  facet normal -0.04906767432750551 -0.9987954562051682 0
    outer loop
      vertex 18.228903797965295 -67.87387629502888 1
      vertex 18.15 -67.86999999999999 0
      vertex 18.228903797965295 -67.87387629502888 0
    endloop
  endfacet
  facet normal -0.14673047445540782 -0.9891765099647741 0
    outer loop
      vertex 18.30704770922298 -67.8854678492754 1
      vertex 18.228903797965295 -67.87387629502888 0
      vertex 18.30704770922298 -67.8854678492754 0
    endloop
  endfacet
  facet normal -0.2429801799032729 -0.9700312531945418 0
    outer loop
      vertex 18.38367916518984 -67.90466302973557 1
      vertex 18.30704770922298 -67.8854678492754 0
      vertex 18.38367916518984 -67.90466302973557 0
    endloop
  endfacet
  facet normal -0.3368898533920926 -0.9415440651830663 0
    outer loop
      vertex 18.458060163053897 -67.9312769763284 1
      vertex 18.38367916518984 -67.90466302973557 0
      vertex 18.458060163053897 -67.9312769763284 0
    endloop
  endfacet
  facet normal -0.4275550934303535 0.9039892931234096 0
    outer loop
      vertex 18.458060163053897 -69.41872302367159 1
      vertex 18.529474373144925 -69.38494661780042 0
      vertex 18.458060163053897 -69.41872302367159 0
    endloop
  endfacet
  facet normal -0.5141027441931472 0.8577286100003169 0
    outer loop
      vertex 18.529474373144925 -69.38494661780042 1
      vertex 18.59723403758078 -69.34433303790355 0
      vertex 18.529474373144925 -69.38494661780042 0
    endloop
  endfacet
  facet normal -0.595699304492459 0.8032075314806258 0
    outer loop
      vertex 18.59723403758078 -69.34433303790355 1
      vertex 18.660686593751734 -69.297273414957 0
      vertex 18.59723403758078 -69.34433303790355 0
    endloop
  endfacet
  facet normal -0.671558954847074 0.7409511253549087 0
    outer loop
      vertex 18.660686593751734 -69.297273414957 1
      vertex 18.719220958855168 -69.24422095885517 0
      vertex 18.660686593751734 -69.297273414957 0
    endloop
  endfacet
  facet normal -0.7409511253549717 0.6715589548470045 0
    outer loop
      vertex 18.719220958855168 -69.24422095885517 1
      vertex 18.772273414957002 -69.18568659375173 0
      vertex 18.719220958855168 -69.24422095885517 0
    endloop
  endfacet
  facet normal -0.8032075314805995 0.5956993044924945 0
    outer loop
      vertex 18.772273414957002 -69.18568659375173 1
      vertex 18.819333037903547 -69.12223403758078 0
      vertex 18.772273414957002 -69.18568659375173 0
    endloop
  endfacet
  facet normal -0.8577286100002772 0.5141027441932133 0
    outer loop
      vertex 18.819333037903547 -69.12223403758078 1
      vertex 18.859946617800425 -69.05447437314493 0
      vertex 18.819333037903547 -69.12223403758078 0
    endloop
  endfacet
  facet normal -0.9039892931234608 0.42755509343024517 0
    outer loop
      vertex 18.859946617800425 -69.05447437314493 1
      vertex 18.893723023671583 -68.98306016305389 0
      vertex 18.859946617800425 -69.05447437314493 0
    endloop
  endfacet
  facet normal -0.4275550934303535 -0.9039892931234096 0
    outer loop
      vertex 18.529474373144925 -67.96505338219957 1
      vertex 18.458060163053897 -67.9312769763284 0
      vertex 18.529474373144925 -67.96505338219957 0
    endloop
  endfacet
  facet normal -0.5141027441931472 -0.8577286100003169 0
    outer loop
      vertex 18.59723403758078 -68.00566696209644 1
      vertex 18.529474373144925 -67.96505338219957 0
      vertex 18.59723403758078 -68.00566696209644 0
    endloop
  endfacet
  facet normal -0.595699304492459 -0.8032075314806258 0
    outer loop
      vertex 18.660686593751734 -68.05272658504299 1
      vertex 18.59723403758078 -68.00566696209644 0
      vertex 18.660686593751734 -68.05272658504299 0
    endloop
  endfacet
  facet normal -0.671558954847074 -0.7409511253549087 0
    outer loop
      vertex 18.719220958855168 -68.10577904114483 1
      vertex 18.660686593751734 -68.05272658504299 0
      vertex 18.719220958855168 -68.10577904114483 0
    endloop
  endfacet
  facet normal -0.7409511253549717 -0.6715589548470045 0
    outer loop
      vertex 18.772273414957002 -68.16431340624827 1
      vertex 18.719220958855168 -68.10577904114483 0
      vertex 18.772273414957002 -68.16431340624827 0
    endloop
  endfacet
  facet normal -0.9415440651830186 0.33688985339222655 0
    outer loop
      vertex 18.893723023671583 -68.98306016305389 1
      vertex 18.920336970264426 -68.90867916518984 0
      vertex 18.893723023671583 -68.98306016305389 0
    endloop
  endfacet
  facet normal -0.9039892931234608 -0.42755509343024517 0
    outer loop
      vertex 18.893723023671583 -68.3669398369461 1
      vertex 18.859946617800425 -68.29552562685507 0
      vertex 18.893723023671583 -68.3669398369461 0
    endloop
  endfacet
  facet normal -0.9415440651830186 -0.33688985339222655 0
    outer loop
      vertex 18.920336970264426 -68.44132083481016 1
      vertex 18.893723023671583 -68.3669398369461 0
      vertex 18.920336970264426 -68.44132083481016 0
    endloop
  endfacet
  facet normal -0.8032075314805995 -0.5956993044924945 0
    outer loop
      vertex 18.819333037903547 -68.22776596241921 1
      vertex 18.772273414957002 -68.16431340624827 0
      vertex 18.819333037903547 -68.22776596241921 0
    endloop
  endfacet
  facet normal -0.8577286100002772 -0.5141027441932133 0
    outer loop
      vertex 18.859946617800425 -68.29552562685507 1
      vertex 18.819333037903547 -68.22776596241921 0
      vertex 18.859946617800425 -68.29552562685507 0
    endloop
  endfacet
  facet normal -0.9700312531945443 0.24298017990326226 0
    outer loop
      vertex 18.920336970264426 -68.90867916518984 1
      vertex 18.9395321507246 -68.83204770922298 0
      vertex 18.920336970264426 -68.90867916518984 0
    endloop
  endfacet
  facet normal -0.9891765099647797 0.14673047445537035 0
    outer loop
      vertex 18.9395321507246 -68.83204770922298 1
      vertex 18.951123704971117 -68.7539037979653 0
      vertex 18.9395321507246 -68.83204770922298 0
    endloop
  endfacet
  facet normal -0.9987954562051724 0.049067674327415774 0
    outer loop
      vertex 18.951123704971117 -68.7539037979653 1
      vertex 18.955 -68.675 0
      vertex 18.951123704971117 -68.7539037979653 0
    endloop
  endfacet
  facet normal -0.9987954562051724 -0.049067674327415774 0
    outer loop
      vertex 18.955 -68.675 1
      vertex 18.951123704971117 -68.5960962020347 0
      vertex 18.955 -68.675 0
    endloop
  endfacet
  facet normal -0.9891765099647797 -0.14673047445537035 0
    outer loop
      vertex 18.951123704971117 -68.5960962020347 1
      vertex 18.9395321507246 -68.51795229077702 0
      vertex 18.951123704971117 -68.5960962020347 0
    endloop
  endfacet
  facet normal -0.9700312531945443 -0.24298017990326226 0
    outer loop
      vertex 18.9395321507246 -68.51795229077702 1
      vertex 18.920336970264426 -68.44132083481016 0
      vertex 18.9395321507246 -68.51795229077702 0
    endloop
  endfacet
  facet normal 0.4275550934303535 0.9039892931234096 -1.6321839377898955e-18
    outer loop
      vertex 17.770525626855072 -69.38494661780042 1
      vertex 17.8419398369461 -69.41872302367159 1
      vertex 17.8419398369461 -69.41872302367159 0
    endloop
  endfacet
  facet normal 0.3368898533920926 0.9415440651830663 -1.5900602408664345e-18
    outer loop
      vertex 17.8419398369461 -69.41872302367159 1
      vertex 17.916320834810158 -69.44533697026442 1
      vertex 17.916320834810158 -69.44533697026442 0
    endloop
  endfacet
  facet normal 0.2429801799032729 0.9700312531945418 8.919992472428009e-19
    outer loop
      vertex 17.916320834810158 -69.44533697026442 1
      vertex 17.992952290777016 -69.4645321507246 1
      vertex 17.992952290777016 -69.4645321507246 0
    endloop
  endfacet
  facet normal 0.14673047445540782 0.9891765099647741 2.933021189908244e-19
    outer loop
      vertex 17.992952290777016 -69.4645321507246 1
      vertex 18.071096202034703 -69.47612370497112 1
      vertex 18.071096202034703 -69.47612370497112 0
    endloop
  endfacet
  facet normal 0.04906767432750551 0.9987954562051682 6.835285217497758e-20
    outer loop
      vertex 18.071096202034703 -69.47612370497112 1
      vertex 18.15 -69.48 1
      vertex 18.15 -69.48 0
    endloop
  endfacet
  facet normal -0.04906767432750551 0.9987954562051682 -6.835285217497758e-20
    outer loop
      vertex 18.15 -69.48 1
      vertex 18.228903797965295 -69.47612370497112 1
      vertex 18.228903797965295 -69.47612370497112 0
    endloop
  endfacet
  facet normal -0.14673047445540782 0.9891765099647741 -2.933021189908244e-19
    outer loop
      vertex 18.228903797965295 -69.47612370497112 1
      vertex 18.30704770922298 -69.4645321507246 1
      vertex 18.30704770922298 -69.4645321507246 0
    endloop
  endfacet
  facet normal -0.2429801799032729 0.9700312531945418 -8.919992472428009e-19
    outer loop
      vertex 18.30704770922298 -69.4645321507246 1
      vertex 18.38367916518984 -69.44533697026442 1
      vertex 18.38367916518984 -69.44533697026442 0
    endloop
  endfacet
  facet normal -0.3368898533920926 0.9415440651830663 1.5900602408664345e-18
    outer loop
      vertex 18.38367916518984 -69.44533697026442 1
      vertex 18.458060163053897 -69.41872302367159 1
      vertex 18.458060163053897 -69.41872302367159 0
    endloop
  endfacet
  facet normal 0.3368898533920926 -0.9415440651830663 0
    outer loop
      vertex 17.8419398369461 -67.9312769763284 1
      vertex 17.8419398369461 -67.9312769763284 0
      vertex 17.916320834810158 -67.90466302973557 1
    endloop
  endfacet
  facet normal 0.2429801799032729 -0.9700312531945418 0
    outer loop
      vertex 17.916320834810158 -67.90466302973557 1
      vertex 17.916320834810158 -67.90466302973557 0
      vertex 17.992952290777016 -67.8854678492754 1
    endloop
  endfacet
  facet normal 0.14673047445540782 -0.9891765099647741 0
    outer loop
      vertex 17.992952290777016 -67.8854678492754 1
      vertex 17.992952290777016 -67.8854678492754 0
      vertex 18.071096202034703 -67.87387629502888 1
    endloop
  endfacet
  facet normal 0.04906767432750551 -0.9987954562051682 0
    outer loop
      vertex 18.071096202034703 -67.87387629502888 1
      vertex 18.071096202034703 -67.87387629502888 0
      vertex 18.15 -67.86999999999999 1
    endloop
  endfacet
  facet normal -0.04906767432750551 -0.9987954562051682 0
    outer loop
      vertex 18.15 -67.86999999999999 1
      vertex 18.15 -67.86999999999999 0
      vertex 18.228903797965295 -67.87387629502888 1
    endloop
  endfacet
  facet normal -0.14673047445540782 -0.9891765099647741 0
    outer loop
      vertex 18.228903797965295 -67.87387629502888 1
      vertex 18.228903797965295 -67.87387629502888 0
      vertex 18.30704770922298 -67.8854678492754 1
    endloop
  endfacet
  facet normal -0.2429801799032729 -0.9700312531945418 0
    outer loop
      vertex 18.30704770922298 -67.8854678492754 1
      vertex 18.30704770922298 -67.8854678492754 0
      vertex 18.38367916518984 -67.90466302973557 1
    endloop
  endfacet
  facet normal -0.3368898533920926 -0.9415440651830663 0
    outer loop
      vertex 18.38367916518984 -67.90466302973557 1
      vertex 18.38367916518984 -67.90466302973557 0
      vertex 18.458060163053897 -67.9312769763284 1
    endloop
  endfacet
  facet normal -0.4275550934303535 0.9039892931234096 1.6321839377898955e-18
    outer loop
      vertex 18.458060163053897 -69.41872302367159 1
      vertex 18.529474373144925 -69.38494661780042 1
      vertex 18.529474373144925 -69.38494661780042 0
    endloop
  endfacet
  facet normal -0.5141027441931472 0.8577286100003169 1.829054980323313e-18
    outer loop
      vertex 18.529474373144925 -69.38494661780042 1
      vertex 18.59723403758078 -69.34433303790355 1
      vertex 18.59723403758078 -69.34433303790355 0
    endloop
  endfacet
  facet normal -0.595699304492459 0.8032075314806258 -3.4936523229380507e-20
    outer loop
      vertex 18.59723403758078 -69.34433303790355 1
      vertex 18.660686593751734 -69.297273414957 1
      vertex 18.660686593751734 -69.297273414957 0
    endloop
  endfacet
  facet normal -0.671558954847074 0.7409511253549087 -2.7480622971969167e-19
    outer loop
      vertex 18.660686593751734 -69.297273414957 1
      vertex 18.719220958855168 -69.24422095885517 1
      vertex 18.719220958855168 -69.24422095885517 0
    endloop
  endfacet
  facet normal -0.7409511253549717 0.6715589548470045 -1.9331258315621678e-18
    outer loop
      vertex 18.719220958855168 -69.24422095885517 1
      vertex 18.772273414957002 -69.18568659375173 1
      vertex 18.772273414957002 -69.18568659375173 0
    endloop
  endfacet
  facet normal -0.8032075314805995 0.5956993044924945 -1.904914575852872e-18
    outer loop
      vertex 18.772273414957002 -69.18568659375173 1
      vertex 18.819333037903547 -69.12223403758078 1
      vertex 18.819333037903547 -69.12223403758078 0
    endloop
  endfacet
  facet normal -0.8577286100002772 0.5141027441932133 -2.7035622568327807e-18
    outer loop
      vertex 18.819333037903547 -69.12223403758078 1
      vertex 18.859946617800425 -69.05447437314493 1
      vertex 18.859946617800425 -69.05447437314493 0
    endloop
  endfacet
  facet normal -0.9039892931234608 0.42755509343024517 -1.9788572595760565e-18
    outer loop
      vertex 18.859946617800425 -69.05447437314493 1
      vertex 18.893723023671583 -68.98306016305389 1
      vertex 18.893723023671583 -68.98306016305389 0
    endloop
  endfacet
  facet normal -0.4275550934303535 -0.9039892931234096 0
    outer loop
      vertex 18.458060163053897 -67.9312769763284 1
      vertex 18.458060163053897 -67.9312769763284 0
      vertex 18.529474373144925 -67.96505338219957 1
    endloop
  endfacet
  facet normal -0.5141027441931472 -0.8577286100003169 0
    outer loop
      vertex 18.529474373144925 -67.96505338219957 1
      vertex 18.529474373144925 -67.96505338219957 0
      vertex 18.59723403758078 -68.00566696209644 1
    endloop
  endfacet
  facet normal -0.595699304492459 -0.8032075314806258 0
    outer loop
      vertex 18.59723403758078 -68.00566696209644 1
      vertex 18.59723403758078 -68.00566696209644 0
      vertex 18.660686593751734 -68.05272658504299 1
    endloop
  endfacet
  facet normal -0.671558954847074 -0.7409511253549087 0
    outer loop
      vertex 18.660686593751734 -68.05272658504299 1
      vertex 18.660686593751734 -68.05272658504299 0
      vertex 18.719220958855168 -68.10577904114483 1
    endloop
  endfacet
  facet normal -0.7409511253549717 -0.6715589548470045 0
    outer loop
      vertex 18.719220958855168 -68.10577904114483 1
      vertex 18.719220958855168 -68.10577904114483 0
      vertex 18.772273414957002 -68.16431340624827 1
    endloop
  endfacet
  facet normal -0.9415440651830186 0.33688985339222655 1.4031523964299372e-18
    outer loop
      vertex 18.893723023671583 -68.98306016305389 1
      vertex 18.920336970264426 -68.90867916518984 1
      vertex 18.920336970264426 -68.90867916518984 0
    endloop
  endfacet
  facet normal -0.9415440651830186 -0.33688985339222655 -1.4031523964299372e-18
    outer loop
      vertex 18.920336970264426 -68.44132083481016 1
      vertex 18.893723023671583 -68.3669398369461 1
      vertex 18.893723023671583 -68.3669398369461 0
    endloop
  endfacet
  facet normal -0.8032075314805995 -0.5956993044924945 0
    outer loop
      vertex 18.772273414957002 -68.16431340624827 1
      vertex 18.772273414957002 -68.16431340624827 0
      vertex 18.819333037903547 -68.22776596241921 1
    endloop
  endfacet
  facet normal -0.8577286100002772 -0.5141027441932133 0
    outer loop
      vertex 18.819333037903547 -68.22776596241921 1
      vertex 18.819333037903547 -68.22776596241921 0
      vertex 18.859946617800425 -68.29552562685507 1
    endloop
  endfacet
  facet normal -0.9039892931234608 -0.42755509343024517 0
    outer loop
      vertex 18.859946617800425 -68.29552562685507 1
      vertex 18.859946617800425 -68.29552562685507 0
      vertex 18.893723023671583 -68.3669398369461 1
    endloop
  endfacet
  facet normal -0.9700312531945443 0.24298017990326226 4.635092516516638e-19
    outer loop
      vertex 18.920336970264426 -68.90867916518984 1
      vertex 18.9395321507246 -68.83204770922298 1
      vertex 18.9395321507246 -68.83204770922298 0
    endloop
  endfacet
  facet normal -0.9891765099647797 0.14673047445537035 4.591528617741706e-19
    outer loop
      vertex 18.9395321507246 -68.83204770922298 1
      vertex 18.951123704971117 -68.7539037979653 1
      vertex 18.951123704971117 -68.7539037979653 0
    endloop
  endfacet
  facet normal -0.9987954562051724 0.049067674327415774 -1.2229393210683948e-19
    outer loop
      vertex 18.951123704971117 -68.7539037979653 1
      vertex 18.955 -68.675 1
      vertex 18.955 -68.675 0
    endloop
  endfacet
  facet normal -0.9987954562051724 -0.049067674327415774 1.2229393210683948e-19
    outer loop
      vertex 18.955 -68.675 1
      vertex 18.951123704971117 -68.5960962020347 1
      vertex 18.951123704971117 -68.5960962020347 0
    endloop
  endfacet
  facet normal -0.9891765099647797 -0.14673047445537035 -4.591528617741706e-19
    outer loop
      vertex 18.951123704971117 -68.5960962020347 1
      vertex 18.9395321507246 -68.51795229077702 1
      vertex 18.9395321507246 -68.51795229077702 0
    endloop
  endfacet
  facet normal -0.9700312531945443 -0.24298017990326226 0
    outer loop
      vertex 18.920336970264426 -68.44132083481016 1
      vertex 18.920336970264426 -68.44132083481016 0
      vertex 18.9395321507246 -68.51795229077702 1
    endloop
  endfacet
  facet normal 0 0 -1
    outer loop
      vertex 17.8419398369461 -69.41872302367159 1
      vertex 17.8419398369461 -67.9312769763284 1
      vertex 17.916320834810158 -69.44533697026442 1
    endloop
  endfacet
  facet normal 0 0 -1
    outer loop
      vertex 17.8419398369461 -69.41872302367159 1
      vertex 17.770525626855072 -67.96505338219957 1
      vertex 17.8419398369461 -67.9312769763284 1
    endloop
  endfacet
  facet normal 0 0 -1
    outer loop
      vertex 17.916320834810158 -69.44533697026442 1
      vertex 17.916320834810158 -67.90466302973557 1
      vertex 17.992952290777016 -69.4645321507246 1
    endloop
  endfacet
  facet normal 0 0 -1
    outer loop
      vertex 17.8419398369461 -67.9312769763284 1
      vertex 17.916320834810158 -67.90466302973557 1
      vertex 17.916320834810158 -69.44533697026442 1
    endloop
  endfacet
  facet normal 0 0 -1
    outer loop
      vertex 17.992952290777016 -69.4645321507246 1
      vertex 17.992952290777016 -67.8854678492754 1
      vertex 18.071096202034703 -69.47612370497112 1
    endloop
  endfacet
  facet normal 0 0 -1
    outer loop
      vertex 17.992952290777016 -69.4645321507246 1
      vertex 17.916320834810158 -67.90466302973557 1
      vertex 17.992952290777016 -67.8854678492754 1
    endloop
  endfacet
  facet normal 0 0 -1
    outer loop
      vertex 18.071096202034703 -69.47612370497112 1
      vertex 18.071096202034703 -67.87387629502888 1
      vertex 18.15 -69.48 1
    endloop
  endfacet
  facet normal 0 0 -1
    outer loop
      vertex 18.071096202034703 -69.47612370497112 1
      vertex 17.992952290777016 -67.8854678492754 1
      vertex 18.071096202034703 -67.87387629502888 1
    endloop
  endfacet
  facet normal 0 0 -1
    outer loop
      vertex 18.15 -69.48 1
      vertex 18.071096202034703 -67.87387629502888 1
      vertex 18.15 -67.86999999999999 1
    endloop
  endfacet
  facet normal 0 0 -1
    outer loop
      vertex 18.15 -69.48 1
      vertex 18.15 -67.86999999999999 1
      vertex 18.228903797965295 -69.47612370497112 1
    endloop
  endfacet
  facet normal 0 0 -1
    outer loop
      vertex 18.15 -67.86999999999999 1
      vertex 18.228903797965295 -67.87387629502888 1
      vertex 18.228903797965295 -69.47612370497112 1
    endloop
  endfacet
  facet normal 0 0 -1
    outer loop
      vertex 18.228903797965295 -69.47612370497112 1
      vertex 18.228903797965295 -67.87387629502888 1
      vertex 18.30704770922298 -69.4645321507246 1
    endloop
  endfacet
  facet normal 0 0 -1
    outer loop
      vertex 18.30704770922298 -69.4645321507246 1
      vertex 18.228903797965295 -67.87387629502888 1
      vertex 18.30704770922298 -67.8854678492754 1
    endloop
  endfacet
  facet normal 0 0 -1
    outer loop
      vertex 18.30704770922298 -69.4645321507246 1
      vertex 18.30704770922298 -67.8854678492754 1
      vertex 18.38367916518984 -69.44533697026442 1
    endloop
  endfacet
  facet normal 0 0 -1
    outer loop
      vertex 18.38367916518984 -69.44533697026442 1
      vertex 18.30704770922298 -67.8854678492754 1
      vertex 18.38367916518984 -67.90466302973557 1
    endloop
  endfacet
  facet normal 0 0 -1
    outer loop
      vertex 18.38367916518984 -69.44533697026442 1
      vertex 18.38367916518984 -67.90466302973557 1
      vertex 18.458060163053897 -69.41872302367159 1
    endloop
  endfacet
  facet normal 0 0 -1
    outer loop
      vertex 18.458060163053897 -69.41872302367159 1
      vertex 18.38367916518984 -67.90466302973557 1
      vertex 18.458060163053897 -67.9312769763284 1
    endloop
  endfacet
  facet normal 0 0 -1
    outer loop
      vertex 18.458060163053897 -69.41872302367159 1
      vertex 18.458060163053897 -67.9312769763284 1
      vertex 18.529474373144925 -69.38494661780042 1
    endloop
  endfacet
  facet normal 0 0 -1
    outer loop
      vertex 18.458060163053897 -67.9312769763284 1
      vertex 18.529474373144925 -67.96505338219957 1
      vertex 18.529474373144925 -69.38494661780042 1
    endloop
  endfacet
  facet normal 0 0 -1
    outer loop
      vertex 18.529474373144925 -69.38494661780042 1
      vertex 18.529474373144925 -67.96505338219957 1
      vertex 18.59723403758078 -69.34433303790355 1
    endloop
  endfacet
  facet normal 0 0 -1
    outer loop
      vertex 18.59723403758078 -69.34433303790355 1
      vertex 18.529474373144925 -67.96505338219957 1
      vertex 18.59723403758078 -68.00566696209644 1
    endloop
  endfacet
  facet normal 0 0 -1
    outer loop
      vertex 18.59723403758078 -69.34433303790355 1
      vertex 18.59723403758078 -68.00566696209644 1
      vertex 18.660686593751734 -69.297273414957 1
    endloop
  endfacet
  facet normal 0 0 -1
    outer loop
      vertex 18.660686593751734 -69.297273414957 1
      vertex 18.660686593751734 -68.05272658504299 1
      vertex 18.719220958855168 -69.24422095885517 1
    endloop
  endfacet
  facet normal 0 0 -1
    outer loop
      vertex 18.660686593751734 -69.297273414957 1
      vertex 18.59723403758078 -68.00566696209644 1
      vertex 18.660686593751734 -68.05272658504299 1
    endloop
  endfacet
  facet normal 0 0 -1
    outer loop
      vertex 18.719220958855168 -69.24422095885517 1
      vertex 18.719220958855168 -68.10577904114483 1
      vertex 18.772273414957002 -69.18568659375173 1
    endloop
  endfacet
  facet normal 0 0 -1
    outer loop
      vertex 18.719220958855168 -69.24422095885517 1
      vertex 18.660686593751734 -68.05272658504299 1
      vertex 18.719220958855168 -68.10577904114483 1
    endloop
  endfacet
  facet normal 0 0 -1
    outer loop
      vertex 18.772273414957002 -69.18568659375173 1
      vertex 18.719220958855168 -68.10577904114483 1
      vertex 18.772273414957002 -68.16431340624827 1
    endloop
  endfacet
  facet normal 0 0 -1
    outer loop
      vertex 18.772273414957002 -69.18568659375173 1
      vertex 18.772273414957002 -68.16431340624827 1
      vertex 18.819333037903547 -69.12223403758078 1
    endloop
  endfacet
  facet normal 0 0 -1
    outer loop
      vertex 18.819333037903547 -69.12223403758078 1
      vertex 18.819333037903547 -68.22776596241921 1
      vertex 18.859946617800425 -69.05447437314493 1
    endloop
  endfacet
  facet normal 0 0 -1
    outer loop
      vertex 18.819333037903547 -69.12223403758078 1
      vertex 18.772273414957002 -68.16431340624827 1
      vertex 18.819333037903547 -68.22776596241921 1
    endloop
  endfacet
  facet normal 0 0 -1
    outer loop
      vertex 18.859946617800425 -69.05447437314493 1
      vertex 18.859946617800425 -68.29552562685507 1
      vertex 18.893723023671583 -68.98306016305389 1
    endloop
  endfacet
  facet normal 0 0 -1
    outer loop
      vertex 18.893723023671583 -68.98306016305389 1
      vertex 18.893723023671583 -68.3669398369461 1
      vertex 18.920336970264426 -68.90867916518984 1
    endloop
  endfacet
  facet normal 0 0 -1
    outer loop
      vertex 18.819333037903547 -68.22776596241921 1
      vertex 18.859946617800425 -68.29552562685507 1
      vertex 18.859946617800425 -69.05447437314493 1
    endloop
  endfacet
  facet normal 0 0 -1
    outer loop
      vertex 18.893723023671583 -68.98306016305389 1
      vertex 18.859946617800425 -68.29552562685507 1
      vertex 18.893723023671583 -68.3669398369461 1
    endloop
  endfacet
  facet normal 0 0 -1
    outer loop
      vertex 18.920336970264426 -68.90867916518984 1
      vertex 18.893723023671583 -68.3669398369461 1
      vertex 18.920336970264426 -68.44132083481016 1
    endloop
  endfacet
  facet normal 0 0 -1
    outer loop
      vertex 18.920336970264426 -68.90867916518984 1
      vertex 18.920336970264426 -68.44132083481016 1
      vertex 18.9395321507246 -68.83204770922298 1
    endloop
  endfacet
  facet normal 0 0 -1
    outer loop
      vertex 18.9395321507246 -68.83204770922298 1
      vertex 18.9395321507246 -68.51795229077702 1
      vertex 18.951123704971117 -68.7539037979653 1
    endloop
  endfacet
  facet normal 0 0 -1
    outer loop
      vertex 18.951123704971117 -68.7539037979653 1
      vertex 18.951123704971117 -68.5960962020347 1
      vertex 18.955 -68.675 1
    endloop
  endfacet
  facet normal 0 0 -1
    outer loop
      vertex 18.9395321507246 -68.83204770922298 1
      vertex 18.920336970264426 -68.44132083481016 1
      vertex 18.9395321507246 -68.51795229077702 1
    endloop
  endfacet
  facet normal 0 0 -1
    outer loop
      vertex 18.951123704971117 -68.7539037979653 1
      vertex 18.9395321507246 -68.51795229077702 1
      vertex 18.951123704971117 -68.5960962020347 1
    endloop
  endfacet
  facet normal 0 0 -1
    outer loop
      vertex 0 -75.2998046875 0
      vertex 1.545 -68.675 0
      vertex 1.5488762950288815 -68.7539037979653 0
    endloop
  endfacet
  facet normal 0 0 -1
    outer loop
      vertex 0 -75.2998046875 0
      vertex 1.5796630297355718 -68.90867916518984 0
      vertex 1.6062769763284144 -68.98306016305389 0
    endloop
  endfacet
  facet normal 0 0 -1
    outer loop
      vertex 0 -75.2998046875 0
      vertex 1.5604678492753994 -68.83204770922298 0
      vertex 1.5796630297355718 -68.90867916518984 0
    endloop
  endfacet
  facet normal 0 0 -1
    outer loop
      vertex 0 -75.2998046875 0
      vertex 1.5488762950288815 -68.7539037979653 0
      vertex 1.5604678492753994 -68.83204770922298 0
    endloop
  endfacet
  facet normal 0 0 -1
    outer loop
      vertex 0 -75.2998046875 0
      vertex 1.6062769763284144 -68.98306016305389 0
      vertex 1.6400533821995742 -69.05447437314493 0
    endloop
  endfacet
  facet normal 0 0 -1
    outer loop
      vertex 0 -75.2998046875 0
      vertex 1.6400533821995742 -69.05447437314493 0
      vertex 1.6806669620964512 -69.12223403758078 0
    endloop
  endfacet
  facet normal 0 0 -1
    outer loop
      vertex 0 -75.2998046875 0
      vertex 1.5488762950288815 -68.5960962020347 0
      vertex 1.545 -68.675 0
    endloop
  endfacet
  facet normal 0 0 -1
    outer loop
      vertex 0 -75.2998046875 0
      vertex 1.7277265850429968 -69.18568659375173 0
      vertex 1.7807790411448292 -69.24422095885517 0
    endloop
  endfacet
  facet normal 0 0 -1
    outer loop
      vertex 0 -75.2998046875 0
      vertex 1.6806669620964512 -69.12223403758078 0
      vertex 1.7277265850429968 -69.18568659375173 0
    endloop
  endfacet
  facet normal 0 0 -1
    outer loop
      vertex 0 -75.2998046875 0
      vertex 1.7807790411448292 -69.24422095885517 0
      vertex 1.8393134062482654 -69.297273414957 0
    endloop
  endfacet
  facet normal 0 0 -1
    outer loop
      vertex 0 -75.2998046875 0
      vertex 1.8393134062482654 -69.297273414957 0
      vertex 1.9027659624192204 -69.34433303790355 0
    endloop
  endfacet
  facet normal 0 0 -1
    outer loop
      vertex 0 -75.2998046875 0
      vertex 0.7001953125 -58.384765625 0
      vertex 1.5488762950288815 -68.5960962020347 0
    endloop
  endfacet
  facet normal 0 0 -1
    outer loop
      vertex 1.5488762950288815 -68.5960962020347 0
      vertex 0.7001953125 -58.384765625 0
      vertex 1.5604678492753994 -68.51795229077702 0
    endloop
  endfacet
  facet normal 0 0 -1
    outer loop
      vertex 0 -75.2998046875 0
      vertex 1.9027659624192204 -69.34433303790355 0
      vertex 1.970525626855072 -69.38494661780042 0
    endloop
  endfacet
  facet normal 0 0 -1
    outer loop
      vertex 0 -75.2998046875 0
      vertex 1.970525626855072 -69.38494661780042 0
      vertex 2.041939836946103 -69.41872302367159 0
    endloop
  endfacet
  facet normal 0 0 -1
    outer loop
      vertex 0 -75.2998046875 0
      vertex 2.041939836946103 -69.41872302367159 0
      vertex 2.116320834810158 -69.44533697026442 0
    endloop
  endfacet
  facet normal 0 0 -1
    outer loop
      vertex 0 -75.2998046875 0
      vertex 2.116320834810158 -69.44533697026442 0
      vertex 2.1929522907770167 -69.4645321507246 0
    endloop
  endfacet
  facet normal 0 0 -1
    outer loop
      vertex 0 -75.2998046875 0
      vertex 2.1929522907770167 -69.4645321507246 0
      vertex 2.2710962020347036 -69.47612370497112 0
    endloop
  endfacet
  facet normal 0 0 -1
    outer loop
      vertex 0 -75.2998046875 0
      vertex 2.2710962020347036 -69.47612370497112 0
      vertex 2.35 -69.48 0
    endloop
  endfacet
  facet normal 0 0 -1
    outer loop
      vertex 1.5604678492753994 -68.51795229077702 0
      vertex 0.7001953125 -58.384765625 0
      vertex 1.5796630297355718 -68.44132083481016 0
    endloop
  endfacet
  facet normal 0 0 -1
    outer loop
      vertex 1.5796630297355718 -68.44132083481016 0
      vertex 0.7001953125 -58.384765625 0
      vertex 1.6062769763284144 -68.3669398369461 0
    endloop
  endfacet
  facet normal 0 0 -1
    outer loop
      vertex 1.6062769763284144 -68.3669398369461 0
      vertex 0.7001953125 -58.384765625 0
      vertex 1.6400533821995742 -68.29552562685507 0
    endloop
  endfacet
  facet normal 0 0 -1
    outer loop
      vertex 1.6400533821995742 -68.29552562685507 0
      vertex 0.7001953125 -58.384765625 0
      vertex 1.6806669620964512 -68.22776596241921 0
    endloop
  endfacet
  facet normal 0 0 -1
    outer loop
      vertex 1.6806669620964512 -68.22776596241921 0
      vertex 0.7001953125 -58.384765625 0
      vertex 1.7277265850429968 -68.16431340624827 0
    endloop
  endfacet
  facet normal 0 0 -1
    outer loop
      vertex 1.7277265850429968 -68.16431340624827 0
      vertex 0.7001953125 -58.384765625 0
      vertex 1.7807790411448292 -68.10577904114483 0
    endloop
  endfacet
  facet normal 0 0 -1
    outer loop
      vertex 1.8393134062482654 -68.05272658504299 0
      vertex 1.7807790411448292 -68.10577904114483 0
      vertex 0.7001953125 -58.384765625 0
    endloop
  endfacet
  facet normal 0 0 -1
    outer loop
      vertex 1.9027659624192204 -68.00566696209644 0
      vertex 1.8393134062482654 -68.05272658504299 0
      vertex 0.7001953125 -58.384765625 0
    endloop
  endfacet
  facet normal 0 0 -1
    outer loop
      vertex 1.970525626855072 -67.96505338219957 0
      vertex 1.9027659624192204 -68.00566696209644 0
      vertex 0.7001953125 -58.384765625 0
    endloop
  endfacet
  facet normal 0 0 -1
    outer loop
      vertex 0 -75.2998046875 0
      vertex 0 0 0
      vertex 0.7001953125 -58.384765625 0
    endloop
  endfacet
  facet normal 0 0 -1
    outer loop
      vertex 0 -75.2998046875 0
      vertex 2.35 -69.48 0
      vertex 20.349609375 -81.75 0
    endloop
  endfacet
  facet normal 0 0 -1
    outer loop
      vertex 18.3984375 -58.384765625 0
      vertex 2.041939836946103 -67.9312769763284 0
      vertex 1.970525626855072 -67.96505338219957 0
    endloop
  endfacet
  facet normal 0 0 -1
    outer loop
      vertex 18.3984375 -58.384765625 0
      vertex 2.116320834810158 -67.90466302973557 0
      vertex 2.041939836946103 -67.9312769763284 0
    endloop
  endfacet
  facet normal 0 0 -1
    outer loop
      vertex 18.3984375 -58.384765625 0
      vertex 2.1929522907770167 -67.8854678492754 0
      vertex 2.116320834810158 -67.90466302973557 0
    endloop
  endfacet
  facet normal 0 0 -1
    outer loop
      vertex 18.3984375 -58.384765625 0
      vertex 2.2710962020347036 -67.87387629502888 0
      vertex 2.1929522907770167 -67.8854678492754 0
    endloop
  endfacet
  facet normal 0 0 -1
    outer loop
      vertex 1.970525626855072 -67.96505338219957 0
      vertex 0.7001953125 -58.384765625 0
      vertex 18.3984375 -58.384765625 0
    endloop
  endfacet
  facet normal 0 0 -1
    outer loop
      vertex 20.349609375 -81.75 0
      vertex 2.35 -69.48 0
      vertex 2.4289037979652965 -69.47612370497112 0
    endloop
  endfacet
  facet normal 0 0 -1
    outer loop
      vertex 20.349609375 -81.75 0
      vertex 2.4289037979652965 -69.47612370497112 0
      vertex 2.5070477092229835 -69.4645321507246 0
    endloop
  endfacet
  facet normal 0 0 -1
    outer loop
      vertex 20.349609375 -81.75 0
      vertex 2.5070477092229835 -69.4645321507246 0
      vertex 2.5836791651898423 -69.44533697026442 0
    endloop
  endfacet
  facet normal 0 0 -1
    outer loop
      vertex 20.349609375 -81.75 0
      vertex 2.5836791651898423 -69.44533697026442 0
      vertex 2.6580601630538974 -69.41872302367159 0
    endloop
  endfacet
  facet normal 0 0 -1
    outer loop
      vertex 20.349609375 -81.75 0
      vertex 2.6580601630538974 -69.41872302367159 0
      vertex 2.729474373144928 -69.38494661780042 0
    endloop
  endfacet
  facet normal 0 0 -1
    outer loop
      vertex 20.349609375 -81.75 0
      vertex 2.729474373144928 -69.38494661780042 0
      vertex 2.79723403758078 -69.34433303790355 0
    endloop
  endfacet
  facet normal 0 0 -1
    outer loop
      vertex 20.349609375 -81.75 0
      vertex 2.79723403758078 -69.34433303790355 0
      vertex 2.8606865937517347 -69.297273414957 0
    endloop
  endfacet
  facet normal 0 0 -1
    outer loop
      vertex 20.349609375 -81.75 0
      vertex 2.8606865937517347 -69.297273414957 0
      vertex 2.919220958855171 -69.24422095885517 0
    endloop
  endfacet
  facet normal 0 0 -1
    outer loop
      vertex 20.349609375 -81.75 0
      vertex 2.919220958855171 -69.24422095885517 0
      vertex 2.9722734149570034 -69.18568659375173 0
    endloop
  endfacet
  facet normal 0 0 -1
    outer loop
      vertex 20.349609375 -81.75 0
      vertex 2.9722734149570034 -69.18568659375173 0
      vertex 3.0193330379035492 -69.12223403758078 0
    endloop
  endfacet
  facet normal 0 0 -1
    outer loop
      vertex 20.349609375 -81.75 0
      vertex 3.0193330379035492 -69.12223403758078 0
      vertex 3.059946617800426 -69.05447437314493 0
    endloop
  endfacet
  facet normal 0 0 -1
    outer loop
      vertex 20.349609375 -81.75 0
      vertex 3.059946617800426 -69.05447437314493 0
      vertex 3.093723023671586 -68.98306016305389 0
    endloop
  endfacet
  facet normal 0 0 -1
    outer loop
      vertex 3.1203369702644284 -68.90867916518984 0
      vertex 17.406276976328414 -68.98306016305389 0
      vertex 3.093723023671586 -68.98306016305389 0
    endloop
  endfacet
  facet normal 0 0 -1
    outer loop
      vertex 3.139532150724601 -68.83204770922298 0
      vertex 17.37966302973557 -68.90867916518984 0
      vertex 3.1203369702644284 -68.90867916518984 0
    endloop
  endfacet
  facet normal 0 0 -1
    outer loop
      vertex 3.151123704971119 -68.7539037979653 0
      vertex 17.3604678492754 -68.83204770922298 0
      vertex 3.139532150724601 -68.83204770922298 0
    endloop
  endfacet
  facet normal 0 0 -1
    outer loop
      vertex 3.1550000000000002 -68.675 0
      vertex 17.34887629502888 -68.7539037979653 0
      vertex 3.151123704971119 -68.7539037979653 0
    endloop
  endfacet
  facet normal 0 0 -1
    outer loop
      vertex 3.151123704971119 -68.5960962020347 0
      vertex 17.345 -68.675 0
      vertex 3.1550000000000002 -68.675 0
    endloop
  endfacet
  facet normal 0 0 -1
    outer loop
      vertex 3.139532150724601 -68.51795229077702 0
      vertex 17.34887629502888 -68.5960962020347 0
      vertex 3.151123704971119 -68.5960962020347 0
    endloop
  endfacet
  facet normal 0 0 -1
    outer loop
      vertex 3.1203369702644284 -68.44132083481016 0
      vertex 17.3604678492754 -68.51795229077702 0
      vertex 3.139532150724601 -68.51795229077702 0
    endloop
  endfacet
  facet normal 0 0 -1
    outer loop
      vertex 18.3984375 -58.384765625 0
      vertex 2.35 -67.86999999999999 0
      vertex 2.2710962020347036 -67.87387629502888 0
    endloop
  endfacet
  facet normal 0 0 -1
    outer loop
      vertex 18.3984375 -58.384765625 0
      vertex 2.4289037979652965 -67.87387629502888 0
      vertex 2.35 -67.86999999999999 0
    endloop
  endfacet
  facet normal 0 0 -1
    outer loop
      vertex 18.3984375 -58.384765625 0
      vertex 2.5070477092229835 -67.8854678492754 0
      vertex 2.4289037979652965 -67.87387629502888 0
    endloop
  endfacet
  facet normal 0 0 -1
    outer loop
      vertex 18.3984375 -58.384765625 0
      vertex 2.5836791651898423 -67.90466302973557 0
      vertex 2.5070477092229835 -67.8854678492754 0
    endloop
  endfacet
  facet normal 0 0 -1
    outer loop
      vertex 18.3984375 -58.384765625 0
      vertex 2.6580601630538974 -67.9312769763284 0
      vertex 2.5836791651898423 -67.90466302973557 0
    endloop
  endfacet
  facet normal 0 0 -1
    outer loop
      vertex 2.729474373144928 -67.96505338219957 0
      vertex 2.6580601630538974 -67.9312769763284 0
      vertex 18.3984375 -58.384765625 0
    endloop
  endfacet
  facet normal 0 0 -1
    outer loop
      vertex 2.79723403758078 -68.00566696209644 0
      vertex 2.729474373144928 -67.96505338219957 0
      vertex 18.3984375 -58.384765625 0
    endloop
  endfacet
  facet normal 0 0 -1
    outer loop
      vertex 2.8606865937517347 -68.05272658504299 0
      vertex 2.79723403758078 -68.00566696209644 0
      vertex 18.3984375 -58.384765625 0
    endloop
  endfacet
  facet normal 0 0 -1
    outer loop
      vertex 2.8606865937517347 -68.05272658504299 0
      vertex 18.3984375 -58.384765625 0
      vertex 2.919220958855171 -68.10577904114483 0
    endloop
  endfacet
  facet normal 0 0 -1
    outer loop
      vertex 2.919220958855171 -68.10577904114483 0
      vertex 18.3984375 -58.384765625 0
      vertex 2.9722734149570034 -68.16431340624827 0
    endloop
  endfacet
  facet normal 0 0 -1
    outer loop
      vertex 2.9722734149570034 -68.16431340624827 0
      vertex 18.3984375 -58.384765625 0
      vertex 3.0193330379035492 -68.22776596241921 0
    endloop
  endfacet
  facet normal 0 0 -1
    outer loop
      vertex 3.059946617800426 -68.29552562685507 0
      vertex 18.3984375 -58.384765625 0
      vertex 3.093723023671586 -68.3669398369461 0
    endloop
  endfacet
  facet normal 0 0 -1
    outer loop
      vertex 3.0193330379035492 -68.22776596241921 0
      vertex 18.3984375 -58.384765625 0
      vertex 3.059946617800426 -68.29552562685507 0
    endloop
  endfacet
  facet normal 0 0 -1
    outer loop
      vertex 3.093723023671586 -68.3669398369461 0
      vertex 18.3984375 -58.384765625 0
      vertex 3.1203369702644284 -68.44132083481016 0
    endloop
  endfacet
  facet normal -0.3021536280981442 -0.9532592433473323 0
    outer loop
      vertex 0 -75.2998046875 0
      vertex 20.349609375 -81.75 0
      vertex 0 -75.2998046875 5
    endloop
  endfacet
  facet normal -1 0 0
    outer loop
      vertex 0 -75.2998046875 0
      vertex 0 -75.2998046875 5
      vertex 0 0 5
    endloop
  endfacet
  facet normal 0 0 -1
    outer loop
      vertex 0 0 0
      vertex 0.7001953125 -39.408203125 0
      vertex 0.7001953125 -58.384765625 0
    endloop
  endfacet
  facet normal 0 0 -1
    outer loop
      vertex 0.7001953125 -39.408203125 0
      vertex 1.5488762950288815 -21.253903797965297 0
      vertex 1.5604678492753994 -21.332047709222984 0
    endloop
  endfacet
  facet normal 0 0 -1
    outer loop
      vertex 0.7001953125 -39.408203125 0
      vertex 1.6062769763284144 -21.4830601630539 0
      vertex 1.6400533821995742 -21.554474373144927 0
    endloop
  endfacet
  facet normal 0 0 -1
    outer loop
      vertex 0.7001953125 -39.408203125 0
      vertex 1.6400533821995742 -21.554474373144927 0
      vertex 1.6806669620964512 -21.62223403758078 0
    endloop
  endfacet
  facet normal 0 0 -1
    outer loop
      vertex 0.7001953125 -39.408203125 0
      vertex 1.6806669620964512 -21.62223403758078 0
      vertex 1.7277265850429968 -21.685686593751736 0
    endloop
  endfacet
  facet normal 0 0 -1
    outer loop
      vertex 0.7001953125 -39.408203125 0
      vertex 1.7277265850429968 -21.685686593751736 0
      vertex 1.7807790411448292 -21.744220958855173 0
    endloop
  endfacet
  facet normal 0 0 -1
    outer loop
      vertex 0.7001953125 -39.408203125 0
      vertex 1.5604678492753994 -21.332047709222984 0
      vertex 1.5796630297355718 -21.40867916518984 0
    endloop
  endfacet
  facet normal 0 0 -1
    outer loop
      vertex 0.7001953125 -39.408203125 0
      vertex 1.5796630297355718 -21.40867916518984 0
      vertex 1.6062769763284144 -21.4830601630539 0
    endloop
  endfacet
  facet normal 0 0 -1
    outer loop
      vertex 0.7001953125 -39.408203125 0
      vertex 1.7807790411448292 -21.744220958855173 0
      vertex 1.8393134062482654 -21.797273414957004 0
    endloop
  endfacet
  facet normal 0 0 -1
    outer loop
      vertex 0.7001953125 -39.408203125 0
      vertex 1.8393134062482654 -21.797273414957004 0
      vertex 4.11328125 -29.7734375 0
    endloop
  endfacet
  facet normal 0 0 -1
    outer loop
      vertex 1.8393134062482654 -21.797273414957004 0
      vertex 1.9027659624192204 -21.84433303790355 0
      vertex 4.11328125 -29.7734375 0
    endloop
  endfacet
  facet normal 0 0 -1
    outer loop
      vertex 1.9027659624192204 -21.84433303790355 0
      vertex 1.970525626855072 -21.884946617800427 0
      vertex 4.11328125 -29.7734375 0
    endloop
  endfacet
  facet normal 0 0 -1
    outer loop
      vertex 1.970525626855072 -21.884946617800427 0
      vertex 2.041939836946103 -21.918723023671586 0
      vertex 4.11328125 -29.7734375 0
    endloop
  endfacet
  facet normal 0 0 -1
    outer loop
      vertex 2.041939836946103 -21.918723023671586 0
      vertex 2.116320834810158 -21.945336970264428 0
      vertex 4.11328125 -29.7734375 0
    endloop
  endfacet
  facet normal 0 0 -1
    outer loop
      vertex 2.116320834810158 -21.945336970264428 0
      vertex 2.1929522907770167 -21.9645321507246 0
      vertex 4.11328125 -29.7734375 0
    endloop
  endfacet
  facet normal 0 0 -1
    outer loop
      vertex 2.1929522907770167 -21.9645321507246 0
      vertex 2.2710962020347036 -21.97612370497112 0
      vertex 4.11328125 -29.7734375 0
    endloop
  endfacet
  facet normal 0 0 -1
    outer loop
      vertex 2.2710962020347036 -21.97612370497112 0
      vertex 2.35 -21.98 0
      vertex 4.11328125 -29.7734375 0
    endloop
  endfacet
  facet normal 0 0 -1
    outer loop
      vertex 2.35 -21.98 0
      vertex 2.4289037979652965 -21.97612370497112 0
      vertex 4.11328125 -29.7734375 0
    endloop
  endfacet
  facet normal 0 0 -1
    outer loop
      vertex 2.4289037979652965 -21.97612370497112 0
      vertex 2.5070477092229835 -21.9645321507246 0
      vertex 4.11328125 -29.7734375 0
    endloop
  endfacet
  facet normal 0 0 -1
    outer loop
      vertex 2.5070477092229835 -21.9645321507246 0
      vertex 2.5836791651898423 -21.945336970264428 0
      vertex 4.11328125 -29.7734375 0
    endloop
  endfacet
  facet normal 0 0 -1
    outer loop
      vertex 2.5836791651898423 -21.945336970264428 0
      vertex 2.6580601630538974 -21.918723023671586 0
      vertex 4.11328125 -29.7734375 0
    endloop
  endfacet
  facet normal 0 0 -1
    outer loop
      vertex 2.6580601630538974 -21.918723023671586 0
      vertex 2.729474373144928 -21.884946617800427 0
      vertex 4.11328125 -29.7734375 0
    endloop
  endfacet
  facet normal 0 0 -1
    outer loop
      vertex 2.729474373144928 -21.884946617800427 0
      vertex 2.79723403758078 -21.84433303790355 0
      vertex 4.11328125 -29.7734375 0
    endloop
  endfacet
  facet normal 0 0 -1
    outer loop
      vertex 2.79723403758078 -21.84433303790355 0
      vertex 2.8606865937517347 -21.797273414957004 0
      vertex 4.11328125 -29.7734375 0
    endloop
  endfacet
  facet normal 0 0 -1
    outer loop
      vertex 2.8606865937517347 -21.797273414957004 0
      vertex 2.919220958855171 -21.744220958855173 0
      vertex 4.11328125 -29.7734375 0
    endloop
  endfacet
  facet normal 0 0 -1
    outer loop
      vertex 2.919220958855171 -21.744220958855173 0
      vertex 2.9722734149570034 -21.685686593751736 0
      vertex 4.11328125 -29.7734375 0
    endloop
  endfacet
  facet normal 0 0 -1
    outer loop
      vertex 3.0193330379035492 -21.62223403758078 0
      vertex 4.11328125 -29.7734375 0
      vertex 2.9722734149570034 -21.685686593751736 0
    endloop
  endfacet
  facet normal 0 0 -1
    outer loop
      vertex 3.059946617800426 -21.554474373144927 0
      vertex 4.11328125 -29.7734375 0
      vertex 3.0193330379035492 -21.62223403758078 0
    endloop
  endfacet
  facet normal 0 0 -1
    outer loop
      vertex 3.093723023671586 -21.4830601630539 0
      vertex 4.11328125 -29.7734375 0
      vertex 3.059946617800426 -21.554474373144927 0
    endloop
  endfacet
  facet normal 0 0 -1
    outer loop
      vertex 3.1203369702644284 -21.40867916518984 0
      vertex 4.11328125 -29.7734375 0
      vertex 3.093723023671586 -21.4830601630539 0
    endloop
  endfacet
  facet normal 0 0 -1
    outer loop
      vertex 3.139532150724601 -21.332047709222984 0
      vertex 4.11328125 -29.7734375 0
      vertex 3.1203369702644284 -21.40867916518984 0
    endloop
  endfacet
  facet normal 0 0 -1
    outer loop
      vertex 3.151123704971119 -21.253903797965297 0
      vertex 4.11328125 -29.7734375 0
      vertex 3.139532150724601 -21.332047709222984 0
    endloop
  endfacet
  facet normal 0 0 -1
    outer loop
      vertex 3.1550000000000002 -21.175 0
      vertex 4.11328125 -29.7734375 0
      vertex 3.151123704971119 -21.253903797965297 0
    endloop
  endfacet
  facet normal 0 0 -1
    outer loop
      vertex 3.151123704971119 -21.096096202034705 0
      vertex 4.11328125 -29.7734375 0
      vertex 3.1550000000000002 -21.175 0
    endloop
  endfacet
  facet normal -1 0 0
    outer loop
      vertex 0 -75.2998046875 0
      vertex 0 0 5
      vertex 0 0 0
    endloop
  endfacet
  facet normal 0 0 -1
    outer loop
      vertex 0 0 0
      vertex 1.5488762950288815 -21.253903797965297 0
      vertex 0.7001953125 -39.408203125 0
    endloop
  endfacet
  facet normal 0 0 -1
    outer loop
      vertex 0 0 0
      vertex 1.545 -21.175 0
      vertex 1.5488762950288815 -21.253903797965297 0
    endloop
  endfacet
  facet normal 0 0 -1
    outer loop
      vertex 1.545 -21.175 0
      vertex 1.5498046875 -3.1171875 0
      vertex 1.5488762950288815 -21.096096202034705 0
    endloop
  endfacet
  facet normal 0 0 -1
    outer loop
      vertex 1.5488762950288815 -21.096096202034705 0
      vertex 2.5361328125 -3.5400390625 0
      vertex 1.5604678492753994 -21.017952290777018 0
    endloop
  endfacet
  facet normal 0 0 -1
    outer loop
      vertex 1.5604678492753994 -21.017952290777018 0
      vertex 2.5361328125 -3.5400390625 0
      vertex 1.5796630297355718 -20.94132083481016 0
    endloop
  endfacet
  facet normal 0 0 -1
    outer loop
      vertex 1.5796630297355718 -20.94132083481016 0
      vertex 2.5361328125 -3.5400390625 0
      vertex 1.6062769763284144 -20.866939836946102 0
    endloop
  endfacet
  facet normal 0 0 -1
    outer loop
      vertex 1.6062769763284144 -20.866939836946102 0
      vertex 2.5361328125 -3.5400390625 0
      vertex 1.6400533821995742 -20.795525626855074 0
    endloop
  endfacet
  facet normal 0 0 -1
    outer loop
      vertex 1.6400533821995742 -20.795525626855074 0
      vertex 2.5361328125 -3.5400390625 0
      vertex 1.6806669620964512 -20.72776596241922 0
    endloop
  endfacet
  facet normal 0 0 -1
    outer loop
      vertex 1.6806669620964512 -20.72776596241922 0
      vertex 2.5361328125 -3.5400390625 0
      vertex 1.7277265850429968 -20.664313406248265 0
    endloop
  endfacet
  facet normal 0 0 -1
    outer loop
      vertex 1.7277265850429968 -20.664313406248265 0
      vertex 2.5361328125 -3.5400390625 0
      vertex 1.7807790411448292 -20.605779041144828 0
    endloop
  endfacet
  facet normal 0 0 -1
    outer loop
      vertex 1.8393134062482654 -20.552726585042997 0
      vertex 1.7807790411448292 -20.605779041144828 0
      vertex 2.5361328125 -3.5400390625 0
    endloop
  endfacet
  facet normal 0 0 -1
    outer loop
      vertex 1.9027659624192204 -20.505666962096452 0
      vertex 1.8393134062482654 -20.552726585042997 0
      vertex 2.5361328125 -3.5400390625 0
    endloop
  endfacet
  facet normal 0 0 -1
    outer loop
      vertex 1.970525626855072 -20.465053382199574 0
      vertex 1.9027659624192204 -20.505666962096452 0
      vertex 2.5361328125 -3.5400390625 0
    endloop
  endfacet
  facet normal 0 0 -1
    outer loop
      vertex 2.041939836946103 -20.431276976328416 0
      vertex 1.970525626855072 -20.465053382199574 0
      vertex 2.5361328125 -3.5400390625 0
    endloop
  endfacet
  facet normal 0 0 -1
    outer loop
      vertex 2.116320834810158 -20.404663029735573 0
      vertex 2.041939836946103 -20.431276976328416 0
      vertex 2.5361328125 -3.5400390625 0
    endloop
  endfacet
  facet normal 0 0 -1
    outer loop
      vertex 2.1929522907770167 -20.3854678492754 0
      vertex 2.116320834810158 -20.404663029735573 0
      vertex 2.5361328125 -3.5400390625 0
    endloop
  endfacet
  facet normal 0 0 -1
    outer loop
      vertex 2.2710962020347036 -20.373876295028882 0
      vertex 2.1929522907770167 -20.3854678492754 0
      vertex 2.5361328125 -3.5400390625 0
    endloop
  endfacet
  facet normal 0 0 -1
    outer loop
      vertex 2.35 -20.37 0
      vertex 2.2710962020347036 -20.373876295028882 0
      vertex 2.5361328125 -3.5400390625 0
    endloop
  endfacet
  facet normal 0 0 -1
    outer loop
      vertex 2.4289037979652965 -20.373876295028882 0
      vertex 2.35 -20.37 0
      vertex 2.5361328125 -3.5400390625 0
    endloop
  endfacet
  facet normal 0 0 -1
    outer loop
      vertex 2.5070477092229835 -20.3854678492754 0
      vertex 2.4289037979652965 -20.373876295028882 0
      vertex 2.5361328125 -3.5400390625 0
    endloop
  endfacet
  facet normal 0 0 -1
    outer loop
      vertex 2.5836791651898423 -20.404663029735573 0
      vertex 2.5070477092229835 -20.3854678492754 0
      vertex 2.5361328125 -3.5400390625 0
    endloop
  endfacet
  facet normal 0 0 -1
    outer loop
      vertex 0 0 0
      vertex 1.5498046875 -3.1171875 0
      vertex 1.545 -21.175 0
    endloop
  endfacet
  facet normal 0 0 -1
    outer loop
      vertex 0 0 0
      vertex 1.5498046875 0 0
      vertex 1.5498046875 -3.1171875 0
    endloop
  endfacet
  facet normal 0 0 -1
    outer loop
      vertex 1.5488762950288815 -21.096096202034705 0
      vertex 1.5498046875 -3.1171875 0
      vertex 2.5361328125 -3.5400390625 0
    endloop
  endfacet
  facet normal 0 0 -1
    outer loop
      vertex 2.5361328125 -3.1171875 0
      vertex 2.5361328125 -3.5400390625 0
      vertex 1.5498046875 -3.1171875 0
    endloop
  endfacet
  facet normal 0 0 -1
    outer loop
      vertex 3.151123704971119 -21.096096202034705 0
      vertex 4.11328125 -5.576171875 0
      vertex 4.11328125 -29.7734375 0
    endloop
  endfacet
  facet normal 0 0 -1
    outer loop
      vertex 2.79723403758078 -20.505666962096452 0
      vertex 2.729474373144928 -20.465053382199574 0
      vertex 4.11328125 -5.576171875 0
    endloop
  endfacet
  facet normal 0 0 -1
    outer loop
      vertex 2.8606865937517347 -20.552726585042997 0
      vertex 2.79723403758078 -20.505666962096452 0
      vertex 4.11328125 -5.576171875 0
    endloop
  endfacet
  facet normal 0 0 -1
    outer loop
      vertex 2.8606865937517347 -20.552726585042997 0
      vertex 4.11328125 -5.576171875 0
      vertex 2.919220958855171 -20.605779041144828 0
    endloop
  endfacet
  facet normal 0 0 -1
    outer loop
      vertex 2.919220958855171 -20.605779041144828 0
      vertex 4.11328125 -5.576171875 0
      vertex 2.9722734149570034 -20.664313406248265 0
    endloop
  endfacet
  facet normal 0 0 -1
    outer loop
      vertex 2.9722734149570034 -20.664313406248265 0
      vertex 4.11328125 -5.576171875 0
      vertex 3.0193330379035492 -20.72776596241922 0
    endloop
  endfacet
  facet normal 0 0 -1
    outer loop
      vertex 3.0193330379035492 -20.72776596241922 0
      vertex 4.11328125 -5.576171875 0
      vertex 3.059946617800426 -20.795525626855074 0
    endloop
  endfacet
  facet normal 0 0 -1
    outer loop
      vertex 3.1203369702644284 -20.94132083481016 0
      vertex 4.11328125 -5.576171875 0
      vertex 3.139532150724601 -21.017952290777018 0
    endloop
  endfacet
  facet normal 0 0 -1
    outer loop
      vertex 3.059946617800426 -20.795525626855074 0
      vertex 4.11328125 -5.576171875 0
      vertex 3.093723023671586 -20.866939836946102 0
    endloop
  endfacet
  facet normal 0 0 -1
    outer loop
      vertex 3.093723023671586 -20.866939836946102 0
      vertex 4.11328125 -5.576171875 0
      vertex 3.1203369702644284 -20.94132083481016 0
    endloop
  endfacet
  facet normal 0 0 -1
    outer loop
      vertex 3.139532150724601 -21.017952290777018 0
      vertex 4.11328125 -5.576171875 0
      vertex 3.151123704971119 -21.096096202034705 0
    endloop
  endfacet
  facet normal 0 0 -1
    outer loop
      vertex 2.6580601630538974 -20.431276976328416 0
      vertex 2.5836791651898423 -20.404663029735573 0
      vertex 2.5361328125 -3.5400390625 0
    endloop
  endfacet
  facet normal 0 0 -1
    outer loop
      vertex 2.729474373144928 -20.465053382199574 0
      vertex 2.6580601630538974 -20.431276976328416 0
      vertex 2.5361328125 -3.5400390625 0
    endloop
  endfacet
  facet normal 0 0 -1
    outer loop
      vertex 2.729474373144928 -20.465053382199574 0
      vertex 2.5361328125 -3.5400390625 0
      vertex 4.11328125 -5.576171875 0
    endloop
  endfacet
  facet normal 0 0 -1
    outer loop
      vertex 2.5361328125 -3.5400390625 0
      vertex 5.982421875 -3.5400390625 0
      vertex 4.11328125 -5.576171875 0
    endloop
  endfacet
  facet normal 0 1 0
    outer loop
      vertex 0 0 0
      vertex 0 0 5
      vertex 1.5498046875 0 0
    endloop
  endfacet
  facet normal 0 0 -1
    outer loop
      vertex 0.7001953125 -39.408203125 0
      vertex 4.11328125 -29.7734375 0
      vertex 12.9228515625 -29.7734375 0
    endloop
  endfacet
  facet normal 0 0 -1
    outer loop
      vertex 0.7001953125 -39.408203125 0
      vertex 12.9228515625 -29.7734375 0
      vertex 12.9228515625 -39.408203125 0
    endloop
  endfacet
  facet normal 0 0 -1
    outer loop
      vertex 5.982421875 -3.5400390625 0
      vertex 8.650390625 -5.576171875 0
      vertex 4.11328125 -5.576171875 0
    endloop
  endfacet
  facet normal 0 0 -1
    outer loop
      vertex 5.982421875 -3.5400390625 0
      vertex 5.982421875 -3.1171875 0
      vertex 6.9501953125 -3.1171875 0
    endloop
  endfacet
  facet normal 0 0 -1
    outer loop
      vertex 5.982421875 -3.5400390625 0
      vertex 6.9501953125 -3.1171875 0
      vertex 8.650390625 -4.5595703125 0
    endloop
  endfacet
  facet normal 0 0 -1
    outer loop
      vertex 6.9501953125 0 0
      vertex 8.650390625 -2.4599609375 0
      vertex 6.9501953125 -3.1171875 0
    endloop
  endfacet
  facet normal 0 1 0
    outer loop
      vertex 6.9501953125 0 0
      vertex 6.9501953125 0 3.5
      vertex 8.9501953125 0 0
    endloop
  endfacet
  facet normal 0 0 -1
    outer loop
      vertex 5.982421875 -3.5400390625 0
      vertex 8.650390625 -4.5595703125 0
      vertex 8.650390625 -5.576171875 0
    endloop
  endfacet
  facet normal 0 0 -1
    outer loop
      vertex 6.9501953125 -3.1171875 0
      vertex 8.650390625 -2.4599609375 0
      vertex 8.650390625 -4.5595703125 0
    endloop
  endfacet
  facet normal 0 0 -1
    outer loop
      vertex 6.9501953125 0 0
      vertex 8.650390625 -0.66015625 0
      vertex 8.650390625 -2.4599609375 0
    endloop
  endfacet
  facet normal 0 0 -1
    outer loop
      vertex 6.9501953125 0 0
      vertex 8.9501953125 -0.66015625 0
      vertex 8.650390625 -0.66015625 0
    endloop
  endfacet
  facet normal 0 0 -1
    outer loop
      vertex 8.650390625 -4.5595703125 0
      vertex 8.650390625 -2.4599609375 0
      vertex 8.9501953125 -4.5595703125 0
    endloop
  endfacet
  facet normal 0 0 -1
    outer loop
      vertex 8.9501953125 -4.5595703125 0
      vertex 8.650390625 -2.4599609375 0
      vertex 8.9501953125 -2.4599609375 0
    endloop
  endfacet
  facet normal 0 0 -1
    outer loop
      vertex 8.9501953125 0 0
      vertex 8.9501953125 -0.66015625 0
      vertex 6.9501953125 0 0
    endloop
  endfacet
  facet normal 0 1 0
    outer loop
      vertex 8.9501953125 0 0
      vertex 6.9501953125 0 3.5
      vertex 8.9501953125 0 3.5
    endloop
  endfacet
  facet normal 0 0 1
    outer loop
      vertex 0 -75.2998046875 5
      vertex 6.9453125 -12.2998046875 5
      vertex 0 0 5
    endloop
  endfacet
  facet normal 0 0 1
    outer loop
      vertex 0 -75.2998046875 5
      vertex 8.2451171875 -18.5 5
      vertex 6.9453125 -18.5 5
    endloop
  endfacet
  facet normal 0 0 1
    outer loop
      vertex 0 -75.2998046875 5
      vertex 6.9453125 -18.5 5
      vertex 6.9453125 -12.2998046875 5
    endloop
  endfacet
  facet normal 0 1 0
    outer loop
      vertex 0 0 5
      vertex 1.5498046875 0 3.5
      vertex 1.5498046875 0 0
    endloop
  endfacet
  facet normal 0 1 0
    outer loop
      vertex 0 0 5
      vertex 6.9501953125 0 3.5
      vertex 1.5498046875 0 3.5
    endloop
  endfacet
  facet normal 0 0 1
    outer loop
      vertex 0 0 5
      vertex 6.9453125 -12.2998046875 5
      vertex 7.14453125 -12.2998046875 5
    endloop
  endfacet
  facet normal 0 0 1
    outer loop
      vertex 0 -75.2998046875 5
      vertex 9.4453125 -18.5 5
      vertex 8.2451171875 -18.5 5
    endloop
  endfacet
  facet normal 0 0 1
    outer loop
      vertex 0 -75.2998046875 5
      vertex 12.2451171875 -18.5 5
      vertex 9.4453125 -18.5 5
    endloop
  endfacet
  facet normal 0 0 1
    outer loop
      vertex 0 -75.2998046875 5
      vertex 13.4453125 -18.5 5
      vertex 12.2451171875 -18.5 5
    endloop
  endfacet
  facet normal 0 0 1
    outer loop
      vertex 0 -75.2998046875 5
      vertex 15.2451171875 -18.5 5
      vertex 13.4453125 -18.5 5
    endloop
  endfacet
  facet normal 0 0 1
    outer loop
      vertex 7.14453125 -12.2998046875 5
      vertex 7.14453125 -13.400390625 5
      vertex 8.3447265625 -13.400390625 5
    endloop
  endfacet
  facet normal 0 1 0
    outer loop
      vertex 0 0 5
      vertex 8.9501953125 0 3.5
      vertex 6.9501953125 0 3.5
    endloop
  endfacet
  facet normal 0 0 1
    outer loop
      vertex 0 0 5
      vertex 7.14453125 -12.2998046875 5
      vertex 8.3447265625 -12.2998046875 5
    endloop
  endfacet
  facet normal 0 0 1
    outer loop
      vertex 8.2451171875 -18.5 5
      vertex 9.4453125 -18.5 5
      vertex 8.2451171875 -17.400390625 5
    endloop
  endfacet
  facet normal 0 0 1
    outer loop
      vertex 7.14453125 -12.2998046875 5
      vertex 8.3447265625 -13.400390625 5
      vertex 8.3447265625 -12.2998046875 5
    endloop
  endfacet
  facet normal 0 0 1
    outer loop
      vertex 8.2451171875 -17.400390625 5
      vertex 9.4453125 -18.5 5
      vertex 9.4453125 -17.400390625 5
    endloop
  endfacet
  facet normal 0 1 0
    outer loop
      vertex 0 0 5
      vertex 19.849609375 0 5
      vertex 8.9501953125 0 3.5
    endloop
  endfacet
  facet normal 0 0 1
    outer loop
      vertex 0 0 5
      vertex 8.3447265625 -12.2998046875 5
      vertex 20.32421875 -0.3388671875 5
    endloop
  endfacet
  facet normal 0 0 -1
    outer loop
      vertex 3.1203369702644284 -68.90867916518984 0
      vertex 17.37966302973557 -68.90867916518984 0
      vertex 17.406276976328414 -68.98306016305389 0
    endloop
  endfacet
  facet normal 0 0 -1
    outer loop
      vertex 3.139532150724601 -68.83204770922298 0
      vertex 17.3604678492754 -68.83204770922298 0
      vertex 17.37966302973557 -68.90867916518984 0
    endloop
  endfacet
  facet normal 0 0 -1
    outer loop
      vertex 3.1550000000000002 -68.675 0
      vertex 17.345 -68.675 0
      vertex 17.34887629502888 -68.7539037979653 0
    endloop
  endfacet
  facet normal 0 0 -1
    outer loop
      vertex 3.151123704971119 -68.7539037979653 0
      vertex 17.34887629502888 -68.7539037979653 0
      vertex 17.3604678492754 -68.83204770922298 0
    endloop
  endfacet
  facet normal 0 0 -1
    outer loop
      vertex 3.151123704971119 -68.5960962020347 0
      vertex 17.34887629502888 -68.5960962020347 0
      vertex 17.345 -68.675 0
    endloop
  endfacet
  facet normal 0 0 -1
    outer loop
      vertex 3.139532150724601 -68.51795229077702 0
      vertex 17.3604678492754 -68.51795229077702 0
      vertex 17.34887629502888 -68.5960962020347 0
    endloop
  endfacet
  facet normal 0 0 -1
    outer loop
      vertex 20.349609375 -81.75 0
      vertex 3.093723023671586 -68.98306016305389 0
      vertex 17.406276976328414 -68.98306016305389 0
    endloop
  endfacet
  facet normal 0 0 -1
    outer loop
      vertex 3.1203369702644284 -68.44132083481016 0
      vertex 18.3984375 -58.384765625 0
      vertex 17.3604678492754 -68.51795229077702 0
    endloop
  endfacet
  facet normal 0 0 -1
    outer loop
      vertex 18.3984375 -58.384765625 0
      vertex 17.37966302973557 -68.44132083481016 0
      vertex 17.3604678492754 -68.51795229077702 0
    endloop
  endfacet
  facet normal 0 0 -1
    outer loop
      vertex 18.3984375 -58.384765625 0
      vertex 17.406276976328414 -68.3669398369461 0
      vertex 17.37966302973557 -68.44132083481016 0
    endloop
  endfacet
  facet normal 0 0 -1
    outer loop
      vertex 18.3984375 -58.384765625 0
      vertex 17.440053382199572 -68.29552562685507 0
      vertex 17.406276976328414 -68.3669398369461 0
    endloop
  endfacet
  facet normal 0 0 -1
    outer loop
      vertex 18.3984375 -58.384765625 0
      vertex 17.48066696209645 -68.22776596241921 0
      vertex 17.440053382199572 -68.29552562685507 0
    endloop
  endfacet
  facet normal 0 0 -1
    outer loop
      vertex 18.3984375 -58.384765625 0
      vertex 17.527726585042995 -68.16431340624827 0
      vertex 17.48066696209645 -68.22776596241921 0
    endloop
  endfacet
  facet normal 0 0 -1
    outer loop
      vertex 20.349609375 -81.75 0
      vertex 17.406276976328414 -68.98306016305389 0
      vertex 17.440053382199572 -69.05447437314493 0
    endloop
  endfacet
  facet normal 0 0 -1
    outer loop
      vertex 20.349609375 -81.75 0
      vertex 17.440053382199572 -69.05447437314493 0
      vertex 17.48066696209645 -69.12223403758078 0
    endloop
  endfacet
  facet normal 0 0 -1
    outer loop
      vertex 20.349609375 -81.75 0
      vertex 17.639313406248263 -69.297273414957 0
      vertex 17.702765962419218 -69.34433303790355 0
    endloop
  endfacet
  facet normal 0 0 -1
    outer loop
      vertex 20.349609375 -81.75 0
      vertex 17.48066696209645 -69.12223403758078 0
      vertex 17.527726585042995 -69.18568659375173 0
    endloop
  endfacet
  facet normal 0 0 -1
    outer loop
      vertex 20.349609375 -81.75 0
      vertex 17.527726585042995 -69.18568659375173 0
      vertex 17.58077904114483 -69.24422095885517 0
    endloop
  endfacet
  facet normal 0 0 -1
    outer loop
      vertex 20.349609375 -81.75 0
      vertex 17.58077904114483 -69.24422095885517 0
      vertex 17.639313406248263 -69.297273414957 0
    endloop
  endfacet
  facet normal 0 0 -1
    outer loop
      vertex 20.349609375 -81.75 0
      vertex 17.702765962419218 -69.34433303790355 0
      vertex 17.770525626855072 -69.38494661780042 0
    endloop
  endfacet
  facet normal 0 0 -1
    outer loop
      vertex 20.349609375 -81.75 0
      vertex 17.770525626855072 -69.38494661780042 0
      vertex 17.8419398369461 -69.41872302367159 0
    endloop
  endfacet
  facet normal 0 0 -1
    outer loop
      vertex 20.349609375 -81.75 0
      vertex 17.8419398369461 -69.41872302367159 0
      vertex 17.916320834810158 -69.44533697026442 0
    endloop
  endfacet
  facet normal 0 0 -1
    outer loop
      vertex 20.349609375 -81.75 0
      vertex 17.916320834810158 -69.44533697026442 0
      vertex 17.992952290777016 -69.4645321507246 0
    endloop
  endfacet
  facet normal 0 0 -1
    outer loop
      vertex 20.349609375 -81.75 0
      vertex 17.992952290777016 -69.4645321507246 0
      vertex 18.071096202034703 -69.47612370497112 0
    endloop
  endfacet
  facet normal 0 0 -1
    outer loop
      vertex 20.349609375 -81.75 0
      vertex 18.071096202034703 -69.47612370497112 0
      vertex 18.15 -69.48 0
    endloop
  endfacet
  facet normal 0 0 -1
    outer loop
      vertex 20.349609375 -81.75 0
      vertex 18.15 -69.48 0
      vertex 18.228903797965295 -69.47612370497112 0
    endloop
  endfacet
  facet normal 0 0 -1
    outer loop
      vertex 20.349609375 -81.75 0
      vertex 18.228903797965295 -69.47612370497112 0
      vertex 18.30704770922298 -69.4645321507246 0
    endloop
  endfacet
  facet normal 0 0 -1
    outer loop
      vertex 20.349609375 -81.75 0
      vertex 18.30704770922298 -69.4645321507246 0
      vertex 18.38367916518984 -69.44533697026442 0
    endloop
  endfacet
  facet normal 0 0 -1
    outer loop
      vertex 20.349609375 -81.75 0
      vertex 18.38367916518984 -69.44533697026442 0
      vertex 18.458060163053897 -69.41872302367159 0
    endloop
  endfacet
  facet normal 0 0 -1
    outer loop
      vertex 20.349609375 -81.75 0
      vertex 18.458060163053897 -69.41872302367159 0
      vertex 18.529474373144925 -69.38494661780042 0
    endloop
  endfacet
  facet normal 0 0 -1
    outer loop
      vertex 20.349609375 -81.75 0
      vertex 18.529474373144925 -69.38494661780042 0
      vertex 18.59723403758078 -69.34433303790355 0
    endloop
  endfacet
  facet normal 0 0 -1
    outer loop
      vertex 20.349609375 -81.75 0
      vertex 18.59723403758078 -69.34433303790355 0
      vertex 18.660686593751734 -69.297273414957 0
    endloop
  endfacet
  facet normal 0 0 -1
    outer loop
      vertex 20.349609375 -81.75 0
      vertex 18.660686593751734 -69.297273414957 0
      vertex 18.719220958855168 -69.24422095885517 0
    endloop
  endfacet
  facet normal 0 0 -1
    outer loop
      vertex 20.349609375 -81.75 0
      vertex 18.719220958855168 -69.24422095885517 0
      vertex 18.772273414957002 -69.18568659375173 0
    endloop
  endfacet
  facet normal 0 0 -1
    outer loop
      vertex 20.349609375 -81.75 0
      vertex 18.772273414957002 -69.18568659375173 0
      vertex 18.819333037903547 -69.12223403758078 0
    endloop
  endfacet
  facet normal 0 0 -1
    outer loop
      vertex 20.349609375 -81.75 0
      vertex 18.819333037903547 -69.12223403758078 0
      vertex 18.859946617800425 -69.05447437314493 0
    endloop
  endfacet
  facet normal 0 0 -1
    outer loop
      vertex 20.349609375 -81.75 0
      vertex 18.859946617800425 -69.05447437314493 0
      vertex 18.893723023671583 -68.98306016305389 0
    endloop
  endfacet
  facet normal 0 0 -1
    outer loop
      vertex 20.349609375 -81.75 0
      vertex 18.893723023671583 -68.98306016305389 0
      vertex 18.920336970264426 -68.90867916518984 0
    endloop
  endfacet
  facet normal 0 0 -1
    outer loop
      vertex 20.349609375 -81.75 0
      vertex 18.920336970264426 -68.90867916518984 0
      vertex 18.9395321507246 -68.83204770922298 0
    endloop
  endfacet
  facet normal 0 0 -1
    outer loop
      vertex 20.349609375 -81.75 0
      vertex 18.9395321507246 -68.83204770922298 0
      vertex 18.951123704971117 -68.7539037979653 0
    endloop
  endfacet
  facet normal 0 0 -1
    outer loop
      vertex 20.349609375 -81.75 0
      vertex 18.951123704971117 -68.7539037979653 0
      vertex 18.955 -68.675 0
    endloop
  endfacet
  facet normal 0 0 -1
    outer loop
      vertex 18.3984375 -58.384765625 0
      vertex 17.58077904114483 -68.10577904114483 0
      vertex 17.527726585042995 -68.16431340624827 0
    endloop
  endfacet
  facet normal 0 0 -1
    outer loop
      vertex 18.3984375 -58.384765625 0
      vertex 17.639313406248263 -68.05272658504299 0
      vertex 17.58077904114483 -68.10577904114483 0
    endloop
  endfacet
  facet normal 0 0 -1
    outer loop
      vertex 18.3984375 -58.384765625 0
      vertex 17.702765962419218 -68.00566696209644 0
      vertex 17.639313406248263 -68.05272658504299 0
    endloop
  endfacet
  facet normal 0 0 -1
    outer loop
      vertex 18.3984375 -58.384765625 0
      vertex 17.770525626855072 -67.96505338219957 0
      vertex 17.702765962419218 -68.00566696209644 0
    endloop
  endfacet
  facet normal 0 0 -1
    outer loop
      vertex 18.3984375 -58.384765625 0
      vertex 17.8419398369461 -67.9312769763284 0
      vertex 17.770525626855072 -67.96505338219957 0
    endloop
  endfacet
  facet normal 0 0 -1
    outer loop
      vertex 18.3984375 -58.384765625 0
      vertex 17.916320834810158 -67.90466302973557 0
      vertex 17.8419398369461 -67.9312769763284 0
    endloop
  endfacet
  facet normal 0 0 -1
    outer loop
      vertex 18.3984375 -58.384765625 0
      vertex 17.992952290777016 -67.8854678492754 0
      vertex 17.916320834810158 -67.90466302973557 0
    endloop
  endfacet
  facet normal 0 0 -1
    outer loop
      vertex 18.3984375 -58.384765625 0
      vertex 18.071096202034703 -67.87387629502888 0
      vertex 17.992952290777016 -67.8854678492754 0
    endloop
  endfacet
  facet normal 0 0 -1
    outer loop
      vertex 18.3984375 -58.384765625 0
      vertex 18.15 -67.86999999999999 0
      vertex 18.071096202034703 -67.87387629502888 0
    endloop
  endfacet
  facet normal 0 0 -1
    outer loop
      vertex 18.3984375 -58.384765625 0
      vertex 18.228903797965295 -67.87387629502888 0
      vertex 18.15 -67.86999999999999 0
    endloop
  endfacet
  facet normal 0 0 -1
    outer loop
      vertex 18.3984375 -58.384765625 0
      vertex 18.30704770922298 -67.8854678492754 0
      vertex 18.228903797965295 -67.87387629502888 0
    endloop
  endfacet
  facet normal 0 0 -1
    outer loop
      vertex 18.3984375 -58.384765625 0
      vertex 18.38367916518984 -67.90466302973557 0
      vertex 18.30704770922298 -67.8854678492754 0
    endloop
  endfacet
  facet normal 0 0 -1
    outer loop
      vertex 18.3984375 -58.384765625 0
      vertex 18.458060163053897 -67.9312769763284 0
      vertex 18.38367916518984 -67.90466302973557 0
    endloop
  endfacet
  facet normal 0 0 -1
    outer loop
      vertex 18.3984375 -58.384765625 0
      vertex 18.529474373144925 -67.96505338219957 0
      vertex 18.458060163053897 -67.9312769763284 0
    endloop
  endfacet
  facet normal 0 0 -1
    outer loop
      vertex 18.3984375 -58.384765625 0
      vertex 18.59723403758078 -68.00566696209644 0
      vertex 18.529474373144925 -67.96505338219957 0
    endloop
  endfacet
  facet normal 0 0 -1
    outer loop
      vertex 18.3984375 -58.384765625 0
      vertex 18.719220958855168 -68.10577904114483 0
      vertex 18.660686593751734 -68.05272658504299 0
    endloop
  endfacet
  facet normal 0 0 -1
    outer loop
      vertex 18.3984375 -58.384765625 0
      vertex 18.660686593751734 -68.05272658504299 0
      vertex 18.59723403758078 -68.00566696209644 0
    endloop
  endfacet
  facet normal 0 0 -1
    outer loop
      vertex 18.3984375 -58.384765625 0
      vertex 18.772273414957002 -68.16431340624827 0
      vertex 18.719220958855168 -68.10577904114483 0
    endloop
  endfacet
  facet normal 0 0 -1
    outer loop
      vertex 18.3984375 -58.384765625 0
      vertex 18.819333037903547 -68.22776596241921 0
      vertex 18.772273414957002 -68.16431340624827 0
    endloop
  endfacet
  facet normal 0 0 -1
    outer loop
      vertex 18.3984375 -58.384765625 0
      vertex 18.893723023671583 -68.3669398369461 0
      vertex 18.859946617800425 -68.29552562685507 0
    endloop
  endfacet
  facet normal 0 0 -1
    outer loop
      vertex 18.3984375 -58.384765625 0
      vertex 18.859946617800425 -68.29552562685507 0
      vertex 18.819333037903547 -68.22776596241921 0
    endloop
  endfacet
  facet normal 0 0 -1
    outer loop
      vertex 18.3984375 -58.384765625 0
      vertex 18.920336970264426 -68.44132083481016 0
      vertex 18.893723023671583 -68.3669398369461 0
    endloop
  endfacet
  facet normal 0 0 -1
    outer loop
      vertex 18.3984375 -58.384765625 0
      vertex 18.9395321507246 -68.51795229077702 0
      vertex 18.920336970264426 -68.44132083481016 0
    endloop
  endfacet
  facet normal 0 0 -1
    outer loop
      vertex 18.3984375 -58.384765625 0
      vertex 18.951123704971117 -68.5960962020347 0
      vertex 18.9395321507246 -68.51795229077702 0
    endloop
  endfacet
  facet normal 0 0 -1
    outer loop
      vertex 18.951123704971117 -68.5960962020347 0
      vertex 18.3984375 -53.0869140625 0
      vertex 18.955 -68.675 0
    endloop
  endfacet
  facet normal 0 0 -1
    outer loop
      vertex 20.349609375 -81.75 0
      vertex 18.955 -68.675 0
      vertex 20.349609375 -34.73046875 0
    endloop
  endfacet
  facet normal 0 0 -1
    outer loop
      vertex 15.958984375 -53.0869140625 0
      vertex 15.958984375 -34.73046875 0
      vertex 18.3984375 -53.0869140625 0
    endloop
  endfacet
  facet normal 0 0 -1
    outer loop
      vertex 18.3984375 -58.384765625 0
      vertex 18.3984375 -53.0869140625 0
      vertex 18.951123704971117 -68.5960962020347 0
    endloop
  endfacet
  facet normal 0 0 -1
    outer loop
      vertex 20.349609375 -34.73046875 0
      vertex 18.955 -68.675 0
      vertex 18.3984375 -53.0869140625 0
    endloop
  endfacet
  facet normal 1 0 0
    outer loop
      vertex 20.349609375 -81.75 0
      vertex 20.349609375 -34.73046875 0
      vertex 20.349609375 -34.73046875 3.5
    endloop
  endfacet
  facet normal -0.3021536280981442 -0.9532592433473323 0
    outer loop
      vertex 0 -75.2998046875 5
      vertex 20.349609375 -81.75 0
      vertex 20.349609375 -81.75 5
    endloop
  endfacet
  facet normal 0 0 1
    outer loop
      vertex 0 -75.2998046875 5
      vertex 20.349609375 -81.75 5
      vertex 16.4453125 -18.5 5
    endloop
  endfacet
  facet normal 1 0 0
    outer loop
      vertex 20.349609375 -81.75 0
      vertex 20.349609375 -34.73046875 3.5
      vertex 20.349609375 -81.75 5
    endloop
  endfacet
  facet normal 1 0 0
    outer loop
      vertex 20.349609375 -81.75 5
      vertex 20.349609375 -34.73046875 3.5
      vertex 20.349609375 -28.73046875 3.5
    endloop
  endfacet
  facet normal 1 0 0
    outer loop
      vertex 20.349609375 -81.75 5
      vertex 20.349609375 -28.73046875 3.5
      vertex 20.349609375 -17.900390625 5
    endloop
  endfacet
  facet normal 0 0 -1
    outer loop
      vertex 17.345 -21.175 0
      vertex 15.958984375 -28.73046875 0
      vertex 15.958984375 -20.1298828125 0
    endloop
  endfacet
  facet normal 0 0 -1
    outer loop
      vertex 17.34887629502888 -21.253903797965297 0
      vertex 15.958984375 -28.73046875 0
      vertex 17.345 -21.175 0
    endloop
  endfacet
  facet normal 0 0 -1
    outer loop
      vertex 17.3604678492754 -21.332047709222984 0
      vertex 15.958984375 -28.73046875 0
      vertex 17.34887629502888 -21.253903797965297 0
    endloop
  endfacet
  facet normal 0 0 -1
    outer loop
      vertex 17.37966302973557 -21.40867916518984 0
      vertex 15.958984375 -28.73046875 0
      vertex 17.3604678492754 -21.332047709222984 0
    endloop
  endfacet
  facet normal 0 0 -1
    outer loop
      vertex 17.406276976328414 -21.4830601630539 0
      vertex 15.958984375 -28.73046875 0
      vertex 17.37966302973557 -21.40867916518984 0
    endloop
  endfacet
  facet normal 0 0 -1
    outer loop
      vertex 17.48066696209645 -21.62223403758078 0
      vertex 15.958984375 -28.73046875 0
      vertex 17.440053382199572 -21.554474373144927 0
    endloop
  endfacet
  facet normal 0 0 -1
    outer loop
      vertex 17.527726585042995 -21.685686593751736 0
      vertex 15.958984375 -28.73046875 0
      vertex 17.48066696209645 -21.62223403758078 0
    endloop
  endfacet
  facet normal 0 0 -1
    outer loop
      vertex 17.440053382199572 -21.554474373144927 0
      vertex 15.958984375 -28.73046875 0
      vertex 17.406276976328414 -21.4830601630539 0
    endloop
  endfacet
  facet normal 0 0 -1
    outer loop
      vertex 17.58077904114483 -21.744220958855173 0
      vertex 15.958984375 -28.73046875 0
      vertex 17.527726585042995 -21.685686593751736 0
    endloop
  endfacet
  facet normal 0 0 -1
    outer loop
      vertex 17.58077904114483 -21.744220958855173 0
      vertex 17.639313406248263 -21.797273414957004 0
      vertex 15.958984375 -28.73046875 0
    endloop
  endfacet
  facet normal 0 0 -1
    outer loop
      vertex 17.639313406248263 -21.797273414957004 0
      vertex 17.702765962419218 -21.84433303790355 0
      vertex 15.958984375 -28.73046875 0
    endloop
  endfacet
  facet normal 0 0 -1
    outer loop
      vertex 17.702765962419218 -21.84433303790355 0
      vertex 17.770525626855072 -21.884946617800427 0
      vertex 15.958984375 -28.73046875 0
    endloop
  endfacet
  facet normal 0 0 -1
    outer loop
      vertex 17.345 -21.175 0
      vertex 15.958984375 -20.1298828125 0
      vertex 17.34887629502888 -21.096096202034705 0
    endloop
  endfacet
  facet normal 0 0 -1
    outer loop
      vertex 17.34887629502888 -21.096096202034705 0
      vertex 15.958984375 -20.1298828125 0
      vertex 17.3604678492754 -21.017952290777018 0
    endloop
  endfacet
  facet normal 0 0 -1
    outer loop
      vertex 17.770525626855072 -21.884946617800427 0
      vertex 17.8419398369461 -21.918723023671586 0
      vertex 15.958984375 -28.73046875 0
    endloop
  endfacet
  facet normal 0 0 -1
    outer loop
      vertex 17.8419398369461 -21.918723023671586 0
      vertex 17.916320834810158 -21.945336970264428 0
      vertex 15.958984375 -28.73046875 0
    endloop
  endfacet
  facet normal 0 0 -1
    outer loop
      vertex 17.916320834810158 -21.945336970264428 0
      vertex 17.992952290777016 -21.9645321507246 0
      vertex 15.958984375 -28.73046875 0
    endloop
  endfacet
  facet normal 0 0 -1
    outer loop
      vertex 17.3604678492754 -21.017952290777018 0
      vertex 17 -20.1298828125 0
      vertex 17.37966302973557 -20.94132083481016 0
    endloop
  endfacet
  facet normal 0 0 -1
    outer loop
      vertex 17.37966302973557 -20.94132083481016 0
      vertex 17 -20.1298828125 0
      vertex 17.406276976328414 -20.866939836946102 0
    endloop
  endfacet
  facet normal 0 0 -1
    outer loop
      vertex 17.406276976328414 -20.866939836946102 0
      vertex 17 -20.1298828125 0
      vertex 17.440053382199572 -20.795525626855074 0
    endloop
  endfacet
  facet normal 0 0 -1
    outer loop
      vertex 17.440053382199572 -20.795525626855074 0
      vertex 17 -20.1298828125 0
      vertex 17.48066696209645 -20.72776596241922 0
    endloop
  endfacet
  facet normal 0 0 -1
    outer loop
      vertex 17.48066696209645 -20.72776596241922 0
      vertex 17 -20.1298828125 0
      vertex 17.527726585042995 -20.664313406248265 0
    endloop
  endfacet
  facet normal 0 0 -1
    outer loop
      vertex 17.527726585042995 -20.664313406248265 0
      vertex 17 -20.1298828125 0
      vertex 17.58077904114483 -20.605779041144828 0
    endloop
  endfacet
  facet normal 0 0 -1
    outer loop
      vertex 20.349609375 -34.73046875 0
      vertex 18.3984375 -53.0869140625 0
      vertex 15.958984375 -34.73046875 0
    endloop
  endfacet
  facet normal 0 0 -1
    outer loop
      vertex 20.349609375 -28.73046875 0
      vertex 15.958984375 -28.73046875 0
      vertex 17.992952290777016 -21.9645321507246 0
    endloop
  endfacet
  facet normal 0 0 -1
    outer loop
      vertex 20.349609375 -28.73046875 0
      vertex 17.992952290777016 -21.9645321507246 0
      vertex 18.071096202034703 -21.97612370497112 0
    endloop
  endfacet
  facet normal 0 0 -1
    outer loop
      vertex 20.349609375 -28.73046875 0
      vertex 18.071096202034703 -21.97612370497112 0
      vertex 18.15 -21.98 0
    endloop
  endfacet
  facet normal 0 0 -1
    outer loop
      vertex 20.349609375 -28.73046875 0
      vertex 18.15 -21.98 0
      vertex 18.228903797965295 -21.97612370497112 0
    endloop
  endfacet
  facet normal 0 0 -1
    outer loop
      vertex 20.349609375 -28.73046875 0
      vertex 18.228903797965295 -21.97612370497112 0
      vertex 18.30704770922298 -21.9645321507246 0
    endloop
  endfacet
  facet normal 0 0 -1
    outer loop
      vertex 20.349609375 -28.73046875 0
      vertex 18.30704770922298 -21.9645321507246 0
      vertex 18.38367916518984 -21.945336970264428 0
    endloop
  endfacet
  facet normal 0 0 -1
    outer loop
      vertex 20.349609375 -28.73046875 0
      vertex 18.38367916518984 -21.945336970264428 0
      vertex 18.458060163053897 -21.918723023671586 0
    endloop
  endfacet
  facet normal 0 0 -1
    outer loop
      vertex 20.349609375 -28.73046875 0
      vertex 18.458060163053897 -21.918723023671586 0
      vertex 18.529474373144925 -21.884946617800427 0
    endloop
  endfacet
  facet normal 0 0 -1
    outer loop
      vertex 20.349609375 -28.73046875 0
      vertex 18.529474373144925 -21.884946617800427 0
      vertex 18.59723403758078 -21.84433303790355 0
    endloop
  endfacet
  facet normal 0 0 -1
    outer loop
      vertex 20.349609375 -28.73046875 0
      vertex 18.59723403758078 -21.84433303790355 0
      vertex 18.660686593751734 -21.797273414957004 0
    endloop
  endfacet
  facet normal 0 0 -1
    outer loop
      vertex 20.349609375 -28.73046875 0
      vertex 18.660686593751734 -21.797273414957004 0
      vertex 18.719220958855168 -21.744220958855173 0
    endloop
  endfacet
  facet normal 0 0 -1
    outer loop
      vertex 20.349609375 -28.73046875 0
      vertex 18.719220958855168 -21.744220958855173 0
      vertex 18.772273414957002 -21.685686593751736 0
    endloop
  endfacet
  facet normal 0 0 -1
    outer loop
      vertex 20.349609375 -28.73046875 0
      vertex 18.772273414957002 -21.685686593751736 0
      vertex 18.819333037903547 -21.62223403758078 0
    endloop
  endfacet
  facet normal 0 0 -1
    outer loop
      vertex 20.349609375 -28.73046875 0
      vertex 18.819333037903547 -21.62223403758078 0
      vertex 18.859946617800425 -21.554474373144927 0
    endloop
  endfacet
  facet normal 0 0 -1
    outer loop
      vertex 20.349609375 -28.73046875 0
      vertex 18.859946617800425 -21.554474373144927 0
      vertex 18.893723023671583 -21.4830601630539 0
    endloop
  endfacet
  facet normal 0 0 -1
    outer loop
      vertex 20.349609375 -28.73046875 0
      vertex 18.893723023671583 -21.4830601630539 0
      vertex 18.920336970264426 -21.40867916518984 0
    endloop
  endfacet
  facet normal 0 0 -1
    outer loop
      vertex 20.349609375 -28.73046875 0
      vertex 18.920336970264426 -21.40867916518984 0
      vertex 18.9395321507246 -21.332047709222984 0
    endloop
  endfacet
  facet normal 0 0 -1
    outer loop
      vertex 20.349609375 -28.73046875 0
      vertex 18.9395321507246 -21.332047709222984 0
      vertex 18.951123704971117 -21.253903797965297 0
    endloop
  endfacet
  facet normal 0 0 -1
    outer loop
      vertex 20.349609375 -28.73046875 0
      vertex 18.951123704971117 -21.253903797965297 0
      vertex 18.955 -21.175 0
    endloop
  endfacet
  facet normal 0 0 -1
    outer loop
      vertex 20.349609375 -28.73046875 0
      vertex 18.955 -21.175 0
      vertex 18.951123704971117 -21.096096202034705 0
    endloop
  endfacet
  facet normal 0 0 -1
    outer loop
      vertex 20.349609375 -28.73046875 0
      vertex 18.951123704971117 -21.096096202034705 0
      vertex 18.9395321507246 -21.017952290777018 0
    endloop
  endfacet
  facet normal 0 0 -1
    outer loop
      vertex 20.349609375 -28.73046875 0
      vertex 18.9395321507246 -21.017952290777018 0
      vertex 20.349609375 -17.900390625 0
    endloop
  endfacet
  facet normal 1 0 0
    outer loop
      vertex 20.349609375 -17.900390625 0
      vertex 20.349609375 -17.900390625 5
      vertex 20.349609375 -28.73046875 0
    endloop
  endfacet
  facet normal 0 0 -1
    outer loop
      vertex 17.3604678492754 -21.017952290777018 0
      vertex 15.958984375 -20.1298828125 0
      vertex 17 -20.1298828125 0
    endloop
  endfacet
  facet normal 0 0 -1
    outer loop
      vertex 17.639313406248263 -20.552726585042997 0
      vertex 17.58077904114483 -20.605779041144828 0
      vertex 17 -20.1298828125 0
    endloop
  endfacet
  facet normal 0 0 -1
    outer loop
      vertex 17.702765962419218 -20.505666962096452 0
      vertex 17.639313406248263 -20.552726585042997 0
      vertex 17 -20.1298828125 0
    endloop
  endfacet
  facet normal 0 0 -1
    outer loop
      vertex 17 -20.1298828125 0
      vertex 17 -19 0
      vertex 18.6572265625 -19 0
    endloop
  endfacet
  facet normal 0 0 -1
    outer loop
      vertex 17.702765962419218 -20.505666962096452 0
      vertex 17 -20.1298828125 0
      vertex 18.6572265625 -19 0
    endloop
  endfacet
  facet normal 0 0 -1
    outer loop
      vertex 17.770525626855072 -20.465053382199574 0
      vertex 17.702765962419218 -20.505666962096452 0
      vertex 18.6572265625 -19 0
    endloop
  endfacet
  facet normal 0 0 -1
    outer loop
      vertex 17.8419398369461 -20.431276976328416 0
      vertex 17.770525626855072 -20.465053382199574 0
      vertex 18.6572265625 -19 0
    endloop
  endfacet
  facet normal 0 0 -1
    outer loop
      vertex 17.916320834810158 -20.404663029735573 0
      vertex 17.8419398369461 -20.431276976328416 0
      vertex 18.6572265625 -19 0
    endloop
  endfacet
  facet normal 0 0 -1
    outer loop
      vertex 17.992952290777016 -20.3854678492754 0
      vertex 17.916320834810158 -20.404663029735573 0
      vertex 18.6572265625 -19 0
    endloop
  endfacet
  facet normal 0 0 -1
    outer loop
      vertex 18.071096202034703 -20.373876295028882 0
      vertex 17.992952290777016 -20.3854678492754 0
      vertex 18.6572265625 -19 0
    endloop
  endfacet
  facet normal 0 0 -1
    outer loop
      vertex 18.15 -20.37 0
      vertex 18.071096202034703 -20.373876295028882 0
      vertex 18.6572265625 -19 0
    endloop
  endfacet
  facet normal 0 0 -1
    outer loop
      vertex 18.228903797965295 -20.373876295028882 0
      vertex 18.15 -20.37 0
      vertex 18.6572265625 -19 0
    endloop
  endfacet
  facet normal 0 0 -1
    outer loop
      vertex 18.30704770922298 -20.3854678492754 0
      vertex 18.228903797965295 -20.373876295028882 0
      vertex 18.6572265625 -19 0
    endloop
  endfacet
  facet normal 0 0 -1
    outer loop
      vertex 18.38367916518984 -20.404663029735573 0
      vertex 18.30704770922298 -20.3854678492754 0
      vertex 18.6572265625 -19 0
    endloop
  endfacet
  facet normal 0 0 -1
    outer loop
      vertex 18.458060163053897 -20.431276976328416 0
      vertex 18.38367916518984 -20.404663029735573 0
      vertex 18.6572265625 -19 0
    endloop
  endfacet
  facet normal 0 0 -1
    outer loop
      vertex 18.529474373144925 -20.465053382199574 0
      vertex 18.458060163053897 -20.431276976328416 0
      vertex 18.6572265625 -19 0
    endloop
  endfacet
  facet normal 0 0 -1
    outer loop
      vertex 18.59723403758078 -20.505666962096452 0
      vertex 18.529474373144925 -20.465053382199574 0
      vertex 18.6572265625 -19 0
    endloop
  endfacet
  facet normal 0 0 -1
    outer loop
      vertex 18.660686593751734 -20.552726585042997 0
      vertex 18.59723403758078 -20.505666962096452 0
      vertex 18.6572265625 -19 0
    endloop
  endfacet
  facet normal 0 0 -1
    outer loop
      vertex 18.660686593751734 -20.552726585042997 0
      vertex 18.6572265625 -19 0
      vertex 18.719220958855168 -20.605779041144828 0
    endloop
  endfacet
  facet normal 0 0 -1
    outer loop
      vertex 18.719220958855168 -20.605779041144828 0
      vertex 18.6572265625 -19 0
      vertex 19.044921875 -18.5 0
    endloop
  endfacet
  facet normal 0 0 -1
    outer loop
      vertex 18.6572265625 -19 0
      vertex 18.6572265625 -18.5 0
      vertex 19.044921875 -18.5 0
    endloop
  endfacet
  facet normal 0 0 -1
    outer loop
      vertex 20.349609375 -17.900390625 0
      vertex 18.859946617800425 -20.795525626855074 0
      vertex 18.819333037903547 -20.72776596241922 0
    endloop
  endfacet
  facet normal 0 0 -1
    outer loop
      vertex 20.349609375 -17.900390625 0
      vertex 18.893723023671583 -20.866939836946102 0
      vertex 18.859946617800425 -20.795525626855074 0
    endloop
  endfacet
  facet normal 0 0 -1
    outer loop
      vertex 20.349609375 -17.900390625 0
      vertex 18.920336970264426 -20.94132083481016 0
      vertex 18.893723023671583 -20.866939836946102 0
    endloop
  endfacet
  facet normal 0 0 -1
    outer loop
      vertex 20.349609375 -17.900390625 0
      vertex 18.772273414957002 -20.664313406248265 0
      vertex 18.719220958855168 -20.605779041144828 0
    endloop
  endfacet
  facet normal 0 0 -1
    outer loop
      vertex 20.349609375 -17.900390625 0
      vertex 18.819333037903547 -20.72776596241922 0
      vertex 18.772273414957002 -20.664313406248265 0
    endloop
  endfacet
  facet normal 0 0 -1
    outer loop
      vertex 20.349609375 -17.900390625 0
      vertex 18.719220958855168 -20.605779041144828 0
      vertex 19.044921875 -18.5 0
    endloop
  endfacet
  facet normal 0 0 -1
    outer loop
      vertex 20.349609375 -17.900390625 0
      vertex 18.9395321507246 -21.017952290777018 0
      vertex 18.920336970264426 -20.94132083481016 0
    endloop
  endfacet
  facet normal 0 0 -1
    outer loop
      vertex 20.349609375 -17.900390625 0
      vertex 19.044921875 -18.5 0
      vertex 19.044921875 -17.900390625 0
    endloop
  endfacet
  facet normal 0 0 -1
    outer loop
      vertex 18.6572265625 -5.576171875 0
      vertex 20.349609375 -12.900390625 0
      vertex 19.044921875 -12.2998046875 0
    endloop
  endfacet
  facet normal 0 0 -1
    outer loop
      vertex 20.349609375 -12.900390625 0
      vertex 19.044921875 -12.900390625 0
      vertex 19.044921875 -12.2998046875 0
    endloop
  endfacet
  facet normal 0 0 -1
    outer loop
      vertex 18.6572265625 -5.576171875 0
      vertex 19.044921875 -12.2998046875 0
      vertex 18.6572265625 -12.2998046875 0
    endloop
  endfacet
  facet normal 0 0 -1
    outer loop
      vertex 18.6572265625 -5.576171875 0
      vertex 18.650390625 -5.576171875 0
      vertex 18.650390625 -4.5595703125 0
    endloop
  endfacet
  facet normal 0 0 -1
    outer loop
      vertex 18.650390625 -4.5595703125 0
      vertex 18.349609375 -4.5595703125 0
      vertex 18.349609375 -2.4599609375 0
    endloop
  endfacet
  facet normal 0 0 -1
    outer loop
      vertex 18.650390625 -4.5595703125 0
      vertex 18.349609375 -2.4599609375 0
      vertex 18.650390625 -2.4599609375 0
    endloop
  endfacet
  facet normal 0 0 -1
    outer loop
      vertex 18.349609375 0 0
      vertex 18.650390625 -0.66015625 0
      vertex 18.349609375 -0.66015625 0
    endloop
  endfacet
  facet normal 0 0 -1
    outer loop
      vertex 20.3408203125 -0.40234375 0
      vertex 20.349609375 -12.900390625 0
      vertex 18.6572265625 -5.576171875 0
    endloop
  endfacet
  facet normal 0 0 -1
    outer loop
      vertex 20.32421875 -0.3388671875 0
      vertex 18.6572265625 -5.576171875 0
      vertex 18.650390625 -4.5595703125 0
    endloop
  endfacet
  facet normal 0 0 -1
    outer loop
      vertex 20.32421875 -0.3388671875 0
      vertex 18.650390625 -4.5595703125 0
      vertex 18.650390625 -2.4599609375 0
    endloop
  endfacet
  facet normal 0 0 -1
    outer loop
      vertex 20.32421875 -0.3388671875 0
      vertex 18.650390625 -2.4599609375 0
      vertex 18.650390625 -0.66015625 0
    endloop
  endfacet
  facet normal 0 0 -1
    outer loop
      vertex 20.32421875 -0.3388671875 0
      vertex 18.650390625 -0.66015625 0
      vertex 18.349609375 0 0
    endloop
  endfacet
  facet normal 0 0 -1
    outer loop
      vertex 19.849609375 0 0
      vertex 20.298828125 -0.2783203125 0
      vertex 18.349609375 0 0
    endloop
  endfacet
  facet normal 0 0 -1
    outer loop
      vertex 20.32421875 -0.3388671875 0
      vertex 18.349609375 0 0
      vertex 20.298828125 -0.2783203125 0
    endloop
  endfacet
  facet normal 0 0 -1
    outer loop
      vertex 20.349609375 -0.466796875 0
      vertex 20.349609375 -12.900390625 0
      vertex 20.3408203125 -0.40234375 0
    endloop
  endfacet
  facet normal 0 0 -1
    outer loop
      vertex 20.32421875 -0.3388671875 0
      vertex 20.3408203125 -0.40234375 0
      vertex 18.6572265625 -5.576171875 0
    endloop
  endfacet
  facet normal 0 0 -1
    outer loop
      vertex 19.849609375 0 0
      vertex 19.8828125 -0.0009765625 0
      vertex 20.2666015625 -0.2216796875 0
    endloop
  endfacet
  facet normal 0 0 -1
    outer loop
      vertex 19.8828125 -0.0009765625 0
      vertex 19.947265625 -0.0087890625 0
      vertex 20.2265625 -0.169921875 0
    endloop
  endfacet
  facet normal 0 0 -1
    outer loop
      vertex 19.947265625 -0.0087890625 0
      vertex 20.0107421875 -0.0263671875 0
      vertex 20.1796875 -0.1240234375 0
    endloop
  endfacet
  facet normal 0 0 -1
    outer loop
      vertex 20.0107421875 -0.0263671875 0
      vertex 20.0712890625 -0.05078125 0
      vertex 20.1279296875 -0.083984375 0
    endloop
  endfacet
  facet normal 0 0 -1
    outer loop
      vertex 20.0107421875 -0.0263671875 0
      vertex 20.1279296875 -0.083984375 0
      vertex 20.1796875 -0.1240234375 0
    endloop
  endfacet
  facet normal 0 0 -1
    outer loop
      vertex 19.849609375 0 0
      vertex 20.2666015625 -0.2216796875 0
      vertex 20.298828125 -0.2783203125 0
    endloop
  endfacet
  facet normal 0 0 -1
    outer loop
      vertex 19.8828125 -0.0009765625 0
      vertex 20.2265625 -0.169921875 0
      vertex 20.2666015625 -0.2216796875 0
    endloop
  endfacet
  facet normal 0 0 -1
    outer loop
      vertex 19.947265625 -0.0087890625 0
      vertex 20.1796875 -0.1240234375 0
      vertex 20.2265625 -0.169921875 0
    endloop
  endfacet
  facet normal 0 1 0
    outer loop
      vertex 19.849609375 0 0
      vertex 18.349609375 0 0
      vertex 18.349609375 0 3.5
    endloop
  endfacet
  facet normal 1 0 0
    outer loop
      vertex 20.349609375 -0.466796875 0
      vertex 20.349609375 -0.466796875 5
      vertex 20.349609375 -12.900390625 0
    endloop
  endfacet
  facet normal 0.02939905160189274 0.9995677544643532 0
    outer loop
      vertex 19.849609375 0 0
      vertex 19.8828125 -0.0009765625 5
      vertex 19.8828125 -0.0009765625 0
    endloop
  endfacet
  facet normal 0.12033136751923736 0.9927337820337082 0
    outer loop
      vertex 19.8828125 -0.0009765625 0
      vertex 19.947265625 -0.0087890625 5
      vertex 19.947265625 -0.0087890625 0
    endloop
  endfacet
  facet normal 0.26687908298132373 0.9637300218770024 0
    outer loop
      vertex 19.947265625 -0.0087890625 0
      vertex 20.0107421875 -0.0263671875 5
      vertex 20.0107421875 -0.0263671875 0
    endloop
  endfacet
  facet normal 0.3739683354969404 0.9274414720324122 0
    outer loop
      vertex 20.0107421875 -0.0263671875 0
      vertex 20.0712890625 -0.05078125 5
      vertex 20.0712890625 -0.05078125 0
    endloop
  endfacet
  facet normal 0.5057194997124201 0.8626979700976579 0
    outer loop
      vertex 20.0712890625 -0.05078125 0
      vertex 20.1279296875 -0.083984375 5
      vertex 20.1279296875 -0.083984375 0
    endloop
  endfacet
  facet normal 0.6118721499133979 0.790956681595368 0
    outer loop
      vertex 20.1279296875 -0.083984375 0
      vertex 20.1796875 -0.1240234375 5
      vertex 20.1796875 -0.1240234375 0
    endloop
  endfacet
  facet normal 0.699624792608213 0.714510426493494 0
    outer loop
      vertex 20.1796875 -0.1240234375 0
      vertex 20.2265625 -0.169921875 5
      vertex 20.2265625 -0.169921875 0
    endloop
  endfacet
  facet normal 0.790956681595368 0.6118721499133979 0
    outer loop
      vertex 20.2265625 -0.169921875 0
      vertex 20.2666015625 -0.2216796875 5
      vertex 20.2666015625 -0.2216796875 0
    endloop
  endfacet
  facet normal 0.9908301680442989 0.13511320473331348 0
    outer loop
      vertex 20.349609375 -0.466796875 0
      vertex 20.3408203125 -0.40234375 0
      vertex 20.349609375 -0.466796875 5
    endloop
  endfacet
  facet normal 0.9674590226811286 0.25302774439352593 0
    outer loop
      vertex 20.32421875 -0.3388671875 0
      vertex 20.3408203125 -0.40234375 5
      vertex 20.3408203125 -0.40234375 0
    endloop
  endfacet
  facet normal 0.8691638320240437 0.49452424925505933 0
    outer loop
      vertex 20.2666015625 -0.2216796875 0
      vertex 20.298828125 -0.2783203125 5
      vertex 20.298828125 -0.2783203125 0
    endloop
  endfacet
  facet normal 0.9221943818285309 0.38672667625067425 0
    outer loop
      vertex 20.32421875 -0.3388671875 0
      vertex 20.298828125 -0.2783203125 0
      vertex 20.32421875 -0.3388671875 5
    endloop
  endfacet
  facet normal 0 0 1
    outer loop
      vertex 0 -75.2998046875 5
      vertex 16.4453125 -17.400390625 5
      vertex 15.2451171875 -18.5 5
    endloop
  endfacet
  facet normal 0 0 1
    outer loop
      vertex 0 -75.2998046875 5
      vertex 16.4453125 -18.5 5
      vertex 16.4453125 -17.400390625 5
    endloop
  endfacet
  facet normal 0 0 1
    outer loop
      vertex 12.2451171875 -18.5 5
      vertex 13.4453125 -18.5 5
      vertex 12.2451171875 -17.400390625 5
    endloop
  endfacet
  facet normal 0 0 1
    outer loop
      vertex 12.2451171875 -17.400390625 5
      vertex 13.4453125 -18.5 5
      vertex 13.4453125 -17.400390625 5
    endloop
  endfacet
  facet normal 0 0 1
    outer loop
      vertex 0 0 5
      vertex 20.298828125 -0.2783203125 5
      vertex 19.849609375 0 5
    endloop
  endfacet
  facet normal 0 0 1
    outer loop
      vertex 0 0 5
      vertex 20.32421875 -0.3388671875 5
      vertex 20.298828125 -0.2783203125 5
    endloop
  endfacet
  facet normal 1 0 0
    outer loop
      vertex 20.349609375 -17.900390625 5
      vertex 20.349609375 -28.73046875 3.5
      vertex 20.349609375 -28.73046875 0
    endloop
  endfacet
  facet normal 0 0 1
    outer loop
      vertex 20.349609375 -81.75 5
      vertex 19.044921875 -18.5 5
      vertex 16.4453125 -18.5 5
    endloop
  endfacet
  facet normal 0 0 1
    outer loop
      vertex 20.349609375 -81.75 5
      vertex 19.044921875 -17.900390625 5
      vertex 19.044921875 -18.5 5
    endloop
  endfacet
  facet normal 0 0 1
    outer loop
      vertex 20.349609375 -81.75 5
      vertex 20.349609375 -17.900390625 5
      vertex 19.044921875 -17.900390625 5
    endloop
  endfacet
  facet normal 0 1 0
    outer loop
      vertex 19.849609375 0 0
      vertex 18.349609375 0 3.5
      vertex 19.849609375 0 5
    endloop
  endfacet
  facet normal 1 0 0
    outer loop
      vertex 20.349609375 -0.466796875 5
      vertex 20.349609375 -12.900390625 5
      vertex 20.349609375 -12.900390625 0
    endloop
  endfacet
  facet normal 0.02939905160189274 0.9995677544643532 0
    outer loop
      vertex 19.849609375 0 0
      vertex 19.849609375 0 5
      vertex 19.8828125 -0.0009765625 5
    endloop
  endfacet
  facet normal 0.12033136751923736 0.9927337820337082 0
    outer loop
      vertex 19.8828125 -0.0009765625 0
      vertex 19.8828125 -0.0009765625 5
      vertex 19.947265625 -0.0087890625 5
    endloop
  endfacet
  facet normal 0.26687908298132373 0.9637300218770024 0
    outer loop
      vertex 19.947265625 -0.0087890625 0
      vertex 19.947265625 -0.0087890625 5
      vertex 20.0107421875 -0.0263671875 5
    endloop
  endfacet
  facet normal 0.3739683354969404 0.9274414720324122 0
    outer loop
      vertex 20.0107421875 -0.0263671875 0
      vertex 20.0107421875 -0.0263671875 5
      vertex 20.0712890625 -0.05078125 5
    endloop
  endfacet
  facet normal 0.5057194997124201 0.8626979700976579 0
    outer loop
      vertex 20.0712890625 -0.05078125 0
      vertex 20.0712890625 -0.05078125 5
      vertex 20.1279296875 -0.083984375 5
    endloop
  endfacet
  facet normal 0.6118721499133979 0.790956681595368 0
    outer loop
      vertex 20.1279296875 -0.083984375 0
      vertex 20.1279296875 -0.083984375 5
      vertex 20.1796875 -0.1240234375 5
    endloop
  endfacet
  facet normal 0.699624792608213 0.714510426493494 0
    outer loop
      vertex 20.1796875 -0.1240234375 0
      vertex 20.1796875 -0.1240234375 5
      vertex 20.2265625 -0.169921875 5
    endloop
  endfacet
  facet normal 0.790956681595368 0.6118721499133979 0
    outer loop
      vertex 20.2265625 -0.169921875 0
      vertex 20.2265625 -0.169921875 5
      vertex 20.2666015625 -0.2216796875 5
    endloop
  endfacet
  facet normal 0.9908301680442989 0.13511320473331348 0
    outer loop
      vertex 20.3408203125 -0.40234375 0
      vertex 20.3408203125 -0.40234375 5
      vertex 20.349609375 -0.466796875 5
    endloop
  endfacet
  facet normal 0.9674590226811286 0.25302774439352593 0
    outer loop
      vertex 20.32421875 -0.3388671875 0
      vertex 20.32421875 -0.3388671875 5
      vertex 20.3408203125 -0.40234375 5
    endloop
  endfacet
  facet normal 0.8691638320240437 0.49452424925505933 0
    outer loop
      vertex 20.2666015625 -0.2216796875 0
      vertex 20.2666015625 -0.2216796875 5
      vertex 20.298828125 -0.2783203125 5
    endloop
  endfacet
  facet normal 0.9221943818285309 0.38672667625067425 0
    outer loop
      vertex 20.298828125 -0.2783203125 0
      vertex 20.298828125 -0.2783203125 5
      vertex 20.32421875 -0.3388671875 5
    endloop
  endfacet
  facet normal 0 0 1
    outer loop
      vertex 16.4453125 -17.400390625 5
      vertex 15.2451171875 -17.400390625 5
      vertex 15.2451171875 -18.5 5
    endloop
  endfacet
  facet normal 0 1 0
    outer loop
      vertex 19.849609375 0 5
      vertex 18.349609375 0 3.5
      vertex 8.9501953125 0 3.5
    endloop
  endfacet
  facet normal 0 0 1
    outer loop
      vertex 20.32421875 -0.3388671875 5
      vertex 8.3447265625 -12.2998046875 5
      vertex 19.044921875 -12.2998046875 5
    endloop
  endfacet
  facet normal 0 0 1
    outer loop
      vertex 20.349609375 -12.900390625 5
      vertex 19.044921875 -12.2998046875 5
      vertex 19.044921875 -12.900390625 5
    endloop
  endfacet
  facet normal 0 0 1
    outer loop
      vertex 20.3408203125 -0.40234375 5
      vertex 19.044921875 -12.2998046875 5
      vertex 20.349609375 -12.900390625 5
    endloop
  endfacet
  facet normal 0 0 1
    outer loop
      vertex 20.32421875 -0.3388671875 5
      vertex 19.044921875 -12.2998046875 5
      vertex 20.3408203125 -0.40234375 5
    endloop
  endfacet
  facet normal 0 0 1
    outer loop
      vertex 20.349609375 -0.466796875 5
      vertex 20.3408203125 -0.40234375 5
      vertex 20.349609375 -12.900390625 5
    endloop
  endfacet
  facet normal 0 0 1
    outer loop
      vertex 19.849609375 0 5
      vertex 20.2666015625 -0.2216796875 5
      vertex 19.8828125 -0.0009765625 5
    endloop
  endfacet
  facet normal 0 0 1
    outer loop
      vertex 19.8828125 -0.0009765625 5
      vertex 20.2265625 -0.169921875 5
      vertex 19.947265625 -0.0087890625 5
    endloop
  endfacet
  facet normal 0 0 1
    outer loop
      vertex 19.947265625 -0.0087890625 5
      vertex 20.1796875 -0.1240234375 5
      vertex 20.0107421875 -0.0263671875 5
    endloop
  endfacet
  facet normal 0 0 1
    outer loop
      vertex 20.0107421875 -0.0263671875 5
      vertex 20.1279296875 -0.083984375 5
      vertex 20.0712890625 -0.05078125 5
    endloop
  endfacet
  facet normal 0 0 1
    outer loop
      vertex 20.0107421875 -0.0263671875 5
      vertex 20.1796875 -0.1240234375 5
      vertex 20.1279296875 -0.083984375 5
    endloop
  endfacet
  facet normal 0 0 1
    outer loop
      vertex 19.849609375 0 5
      vertex 20.298828125 -0.2783203125 5
      vertex 20.2666015625 -0.2216796875 5
    endloop
  endfacet
  facet normal 0 0 1
    outer loop
      vertex 19.8828125 -0.0009765625 5
      vertex 20.2666015625 -0.2216796875 5
      vertex 20.2265625 -0.169921875 5
    endloop
  endfacet
  facet normal 0 0 1
    outer loop
      vertex 19.947265625 -0.0087890625 5
      vertex 20.2265625 -0.169921875 5
      vertex 20.1796875 -0.1240234375 5
    endloop
  endfacet
  facet normal 1 0 0
    outer loop
      vertex 0.7001953125 -39.408203125 2.5
      vertex 0.7001953125 -58.384765625 0
      vertex 0.7001953125 -39.408203125 0
    endloop
  endfacet
  facet normal 1 0 0
    outer loop
      vertex 0.7001953125 -58.384765625 2.5
      vertex 0.7001953125 -58.384765625 0
      vertex 0.7001953125 -39.408203125 2.5
    endloop
  endfacet
  facet normal 0 1 0
    outer loop
      vertex 0.7001953125 -58.384765625 2.5
      vertex 18.3984375 -58.384765625 0
      vertex 0.7001953125 -58.384765625 0
    endloop
  endfacet
  facet normal 0 0 -1
    outer loop
      vertex 0.7001953125 -58.384765625 2.5
      vertex 0.7001953125 -39.408203125 2.5
      vertex 12.9228515625 -39.408203125 2.5
    endloop
  endfacet
  facet normal 0 0 -1
    outer loop
      vertex 0.7001953125 -58.384765625 2.5
      vertex 12.9228515625 -39.408203125 2.5
      vertex 15.958984375 -53.0869140625 2.5
    endloop
  endfacet
  facet normal 0 -1 0
    outer loop
      vertex 0.7001953125 -39.408203125 2.5
      vertex 0.7001953125 -39.408203125 0
      vertex 12.9228515625 -39.408203125 2.5
    endloop
  endfacet
  facet normal 1 0 0
    outer loop
      vertex 4.11328125 -29.7734375 2.5
      vertex 4.11328125 -29.7734375 0
      vertex 4.11328125 -5.576171875 2.5
    endloop
  endfacet
  facet normal 1 0 0
    outer loop
      vertex 2.5361328125 -3.1171875 2.5
      vertex 2.5361328125 -3.5400390625 0
      vertex 2.5361328125 -3.1171875 0
    endloop
  endfacet
  facet normal 1 0 0
    outer loop
      vertex 4.11328125 -5.576171875 2.5
      vertex 4.11328125 -29.7734375 0
      vertex 4.11328125 -5.576171875 0
    endloop
  endfacet
  facet normal 0 1 0
    outer loop
      vertex 2.5361328125 -3.5400390625 2.5
      vertex 5.982421875 -3.5400390625 0
      vertex 2.5361328125 -3.5400390625 0
    endloop
  endfacet
  facet normal 1 0 0
    outer loop
      vertex 2.5361328125 -3.5400390625 2.5
      vertex 2.5361328125 -3.5400390625 0
      vertex 2.5361328125 -3.1171875 2.5
    endloop
  endfacet
  facet normal 0 1 0
    outer loop
      vertex 2.5361328125 -3.5400390625 2.5
      vertex 5.982421875 -3.5400390625 2.5
      vertex 5.982421875 -3.5400390625 0
    endloop
  endfacet
  facet normal 0 1 0
    outer loop
      vertex 4.11328125 -29.7734375 2.5
      vertex 12.9228515625 -29.7734375 0
      vertex 4.11328125 -29.7734375 0
    endloop
  endfacet
  facet normal 0 -1 0
    outer loop
      vertex 12.9228515625 -39.408203125 2.5
      vertex 0.7001953125 -39.408203125 0
      vertex 12.9228515625 -39.408203125 0
    endloop
  endfacet
  facet normal 0 1 0
    outer loop
      vertex 4.11328125 -29.7734375 2.5
      vertex 12.9228515625 -29.7734375 2.5
      vertex 12.9228515625 -29.7734375 0
    endloop
  endfacet
  facet normal -1 0 0
    outer loop
      vertex 5.982421875 -3.5400390625 2.5
      vertex 5.982421875 -3.1171875 0
      vertex 5.982421875 -3.5400390625 0
    endloop
  endfacet
  facet normal 0 -1 0
    outer loop
      vertex 8.650390625 -5.576171875 2.5
      vertex 4.11328125 -5.576171875 0
      vertex 8.650390625 -5.576171875 0
    endloop
  endfacet
  facet normal 0 -1 0
    outer loop
      vertex 4.11328125 -5.576171875 2.5
      vertex 4.11328125 -5.576171875 0
      vertex 8.650390625 -5.576171875 2.5
    endloop
  endfacet
  facet normal -1 0 0
    outer loop
      vertex 5.982421875 -3.5400390625 2.5
      vertex 5.982421875 -3.1171875 2.5
      vertex 5.982421875 -3.1171875 0
    endloop
  endfacet
  facet normal 0 0 -1
    outer loop
      vertex 4.11328125 -29.7734375 2.5
      vertex 4.11328125 -5.576171875 2.5
      vertex 6.9453125 -12.2998046875 2.5
    endloop
  endfacet
  facet normal 0 0 -1
    outer loop
      vertex 2.5361328125 -3.5400390625 2.5
      vertex 2.5361328125 -3.1171875 2.5
      vertex 5.982421875 -3.1171875 2.5
    endloop
  endfacet
  facet normal 0 0 -1
    outer loop
      vertex 2.5361328125 -3.5400390625 2.5
      vertex 5.982421875 -3.1171875 2.5
      vertex 5.982421875 -3.5400390625 2.5
    endloop
  endfacet
  facet normal 0 0 -1
    outer loop
      vertex 4.11328125 -29.7734375 2.5
      vertex 6.9453125 -18.5 2.5
      vertex 8.2451171875 -18.5 2.5
    endloop
  endfacet
  facet normal 0 0 -1
    outer loop
      vertex 4.11328125 -29.7734375 2.5
      vertex 8.2451171875 -18.5 2.5
      vertex 9.4453125 -18.5 2.5
    endloop
  endfacet
  facet normal 0 0 -1
    outer loop
      vertex 4.11328125 -29.7734375 2.5
      vertex 9.4453125 -18.5 2.5
      vertex 12.2451171875 -18.5 2.5
    endloop
  endfacet
  facet normal 0 0 -1
    outer loop
      vertex 4.11328125 -29.7734375 2.5
      vertex 12.2451171875 -18.5 2.5
      vertex 13.4453125 -18.5 2.5
    endloop
  endfacet
  facet normal 0 0 -1
    outer loop
      vertex 4.11328125 -29.7734375 2.5
      vertex 6.9453125 -12.2998046875 2.5
      vertex 6.9453125 -18.5 2.5
    endloop
  endfacet
  facet normal 0 0 -1
    outer loop
      vertex 7.14453125 -13.400390625 2.5
      vertex 7.14453125 -12.2998046875 2.5
      vertex 8.3447265625 -13.400390625 2.5
    endloop
  endfacet
  facet normal 0 0 -1
    outer loop
      vertex 4.11328125 -5.576171875 2.5
      vertex 7.14453125 -12.2998046875 2.5
      vertex 6.9453125 -12.2998046875 2.5
    endloop
  endfacet
  facet normal 0 0 -1
    outer loop
      vertex 4.11328125 -5.576171875 2.5
      vertex 8.3447265625 -12.2998046875 2.5
      vertex 7.14453125 -12.2998046875 2.5
    endloop
  endfacet
  facet normal 0 0 -1
    outer loop
      vertex 4.11328125 -5.576171875 2.5
      vertex 8.650390625 -7 2.5
      vertex 8.3447265625 -12.2998046875 2.5
    endloop
  endfacet
  facet normal 0 0 -1
    outer loop
      vertex 4.11328125 -5.576171875 2.5
      vertex 8.650390625 -5.576171875 2.5
      vertex 8.650390625 -7 2.5
    endloop
  endfacet
  facet normal 0 0 -1
    outer loop
      vertex 8.2451171875 -18.5 2.5
      vertex 8.2451171875 -17.400390625 2.5
      vertex 9.4453125 -18.5 2.5
    endloop
  endfacet
  facet normal 0 0 -1
    outer loop
      vertex 7.14453125 -12.2998046875 2.5
      vertex 8.3447265625 -12.2998046875 2.5
      vertex 8.3447265625 -13.400390625 2.5
    endloop
  endfacet
  facet normal 0 0 -1
    outer loop
      vertex 8.2451171875 -17.400390625 2.5
      vertex 9.4453125 -17.400390625 2.5
      vertex 9.4453125 -18.5 2.5
    endloop
  endfacet
  facet normal 0 1 0
    outer loop
      vertex 0.7001953125 -58.384765625 2.5
      vertex 18.3984375 -58.384765625 2.5
      vertex 18.3984375 -58.384765625 0
    endloop
  endfacet
  facet normal 0 -1 0
    outer loop
      vertex 18.3984375 -53.0869140625 2.5
      vertex 15.958984375 -53.0869140625 0
      vertex 18.3984375 -53.0869140625 0
    endloop
  endfacet
  facet normal -1 0 0
    outer loop
      vertex 15.958984375 -53.0869140625 2.5
      vertex 15.958984375 -34.73046875 0
      vertex 15.958984375 -53.0869140625 0
    endloop
  endfacet
  facet normal -1 0 0
    outer loop
      vertex 18.3984375 -58.384765625 2.5
      vertex 18.3984375 -53.0869140625 0
      vertex 18.3984375 -58.384765625 0
    endloop
  endfacet
  facet normal 0 -1 0
    outer loop
      vertex 15.958984375 -53.0869140625 2.5
      vertex 15.958984375 -53.0869140625 0
      vertex 18.3984375 -53.0869140625 2.5
    endloop
  endfacet
  facet normal -1 0 0
    outer loop
      vertex 18.3984375 -58.384765625 2.5
      vertex 18.3984375 -53.0869140625 2.5
      vertex 18.3984375 -53.0869140625 0
    endloop
  endfacet
  facet normal 0 0 -1
    outer loop
      vertex 0.7001953125 -58.384765625 2.5
      vertex 15.958984375 -53.0869140625 2.5
      vertex 18.3984375 -58.384765625 2.5
    endloop
  endfacet
  facet normal 0 0 -1
    outer loop
      vertex 15.958984375 -53.0869140625 2.5
      vertex 18.3984375 -53.0869140625 2.5
      vertex 18.3984375 -58.384765625 2.5
    endloop
  endfacet
  facet normal 1 0 0
    outer loop
      vertex 12.9228515625 -29.7734375 2.5
      vertex 12.9228515625 -39.408203125 0
      vertex 12.9228515625 -29.7734375 0
    endloop
  endfacet
  facet normal 1 0 0
    outer loop
      vertex 12.9228515625 -39.408203125 2.5
      vertex 12.9228515625 -39.408203125 0
      vertex 12.9228515625 -29.7734375 2.5
    endloop
  endfacet
  facet normal -1 0 0
    outer loop
      vertex 15.958984375 -28.73046875 2.5
      vertex 15.958984375 -20.1298828125 0
      vertex 15.958984375 -28.73046875 0
    endloop
  endfacet
  facet normal -1 0 0
    outer loop
      vertex 15.958984375 -53.0869140625 2.5
      vertex 15.958984375 -34.73046875 2.5
      vertex 15.958984375 -34.73046875 0
    endloop
  endfacet
  facet normal -1 0 0
    outer loop
      vertex 15.958984375 -28.73046875 2.5
      vertex 15.958984375 -20.1298828125 2.5
      vertex 15.958984375 -20.1298828125 0
    endloop
  endfacet
  facet normal 0 1 0
    outer loop
      vertex 15.958984375 -20.1298828125 2.5
      vertex 17 -20.1298828125 0
      vertex 15.958984375 -20.1298828125 0
    endloop
  endfacet
  facet normal -1 0 0
    outer loop
      vertex 17 -20.1298828125 2.5
      vertex 17 -19 0
      vertex 17 -20.1298828125 0
    endloop
  endfacet
  facet normal 0 1 0
    outer loop
      vertex 17 -19 2.5
      vertex 18.6572265625 -19 0
      vertex 17 -19 0
    endloop
  endfacet
  facet normal -1 0 0
    outer loop
      vertex 18.6572265625 -19 2.5
      vertex 18.6572265625 -18.5 0
      vertex 18.6572265625 -19 0
    endloop
  endfacet
  facet normal -1 0 0
    outer loop
      vertex 18.6572265625 -12.2998046875 2.5
      vertex 18.6572265625 -5.576171875 0
      vertex 18.6572265625 -12.2998046875 0
    endloop
  endfacet
  facet normal 0 -1 0
    outer loop
      vertex 18.6572265625 -5.576171875 2.5
      vertex 18.650390625 -5.576171875 0
      vertex 18.6572265625 -5.576171875 0
    endloop
  endfacet
  facet normal 0 1 0
    outer loop
      vertex 15.958984375 -20.1298828125 2.5
      vertex 17 -20.1298828125 2.5
      vertex 17 -20.1298828125 0
    endloop
  endfacet
  facet normal -1 0 0
    outer loop
      vertex 17 -20.1298828125 2.5
      vertex 17 -19 2.5
      vertex 17 -19 0
    endloop
  endfacet
  facet normal 0 1 0
    outer loop
      vertex 17 -19 2.5
      vertex 18.6572265625 -19 2.5
      vertex 18.6572265625 -19 0
    endloop
  endfacet
  facet normal -1 0 0
    outer loop
      vertex 18.6572265625 -19 2.5
      vertex 18.6572265625 -18.5 2.5
      vertex 18.6572265625 -18.5 0
    endloop
  endfacet
  facet normal -1 0 0
    outer loop
      vertex 18.6572265625 -12.2998046875 2.5
      vertex 18.6572265625 -5.576171875 2.5
      vertex 18.6572265625 -5.576171875 0
    endloop
  endfacet
  facet normal 0 -1 0
    outer loop
      vertex 18.6572265625 -5.576171875 2.5
      vertex 18.650390625 -5.576171875 2.5
      vertex 18.650390625 -5.576171875 0
    endloop
  endfacet
  facet normal 0 0 -1
    outer loop
      vertex 4.11328125 -29.7734375 2.5
      vertex 15.958984375 -20.1298828125 2.5
      vertex 12.9228515625 -29.7734375 2.5
    endloop
  endfacet
  facet normal 0 0 -1
    outer loop
      vertex 4.11328125 -29.7734375 2.5
      vertex 13.4453125 -18.5 2.5
      vertex 15.2451171875 -18.5 2.5
    endloop
  endfacet
  facet normal 0 0 -1
    outer loop
      vertex 4.11328125 -29.7734375 2.5
      vertex 15.2451171875 -18.5 2.5
      vertex 15.958984375 -20.1298828125 2.5
    endloop
  endfacet
  facet normal 0 0 -1
    outer loop
      vertex 12.9228515625 -39.408203125 2.5
      vertex 12.9228515625 -29.7734375 2.5
      vertex 15.958984375 -53.0869140625 2.5
    endloop
  endfacet
  facet normal 0 0 -1
    outer loop
      vertex 15.373046875 -34.73046875 2.5
      vertex 15.958984375 -53.0869140625 2.5
      vertex 12.9228515625 -29.7734375 2.5
    endloop
  endfacet
  facet normal 0 0 -1
    outer loop
      vertex 15.373046875 -34.73046875 2.5
      vertex 12.9228515625 -29.7734375 2.5
      vertex 15.373046875 -28.73046875 2.5
    endloop
  endfacet
  facet normal 0 0 -1
    outer loop
      vertex 12.9228515625 -29.7734375 2.5
      vertex 15.958984375 -20.1298828125 2.5
      vertex 15.373046875 -28.73046875 2.5
    endloop
  endfacet
  facet normal 0 0 -1
    outer loop
      vertex 12.2451171875 -18.5 2.5
      vertex 12.2451171875 -17.400390625 2.5
      vertex 13.4453125 -18.5 2.5
    endloop
  endfacet
  facet normal 0 0 -1
    outer loop
      vertex 8.3447265625 -12.2998046875 2.5
      vertex 8.650390625 -7 2.5
      vertex 18.650390625 -7 2.5
    endloop
  endfacet
  facet normal 0 0 -1
    outer loop
      vertex 12.2451171875 -17.400390625 2.5
      vertex 13.4453125 -17.400390625 2.5
      vertex 13.4453125 -18.5 2.5
    endloop
  endfacet
  facet normal 0 0 -1
    outer loop
      vertex 8.3447265625 -12.2998046875 2.5
      vertex 18.650390625 -7 2.5
      vertex 18.6572265625 -12.2998046875 2.5
    endloop
  endfacet
  facet normal 0 0 -1
    outer loop
      vertex 15.373046875 -34.73046875 2.5
      vertex 15.958984375 -34.73046875 2.5
      vertex 15.958984375 -53.0869140625 2.5
    endloop
  endfacet
  facet normal 0 0 -1
    outer loop
      vertex 15.373046875 -28.73046875 2.5
      vertex 15.958984375 -20.1298828125 2.5
      vertex 15.958984375 -28.73046875 2.5
    endloop
  endfacet
  facet normal 0 0 -1
    outer loop
      vertex 15.2451171875 -18.5 2.5
      vertex 15.2451171875 -17.400390625 2.5
      vertex 16.4453125 -18.5 2.5
    endloop
  endfacet
  facet normal 0 0 -1
    outer loop
      vertex 15.2451171875 -18.5 2.5
      vertex 16.4453125 -18.5 2.5
      vertex 15.958984375 -20.1298828125 2.5
    endloop
  endfacet
  facet normal 0 0 -1
    outer loop
      vertex 15.958984375 -20.1298828125 2.5
      vertex 16.4453125 -18.5 2.5
      vertex 17 -19 2.5
    endloop
  endfacet
  facet normal 0 0 -1
    outer loop
      vertex 15.2451171875 -17.400390625 2.5
      vertex 16.4453125 -17.400390625 2.5
      vertex 16.4453125 -18.5 2.5
    endloop
  endfacet
  facet normal 0 0 -1
    outer loop
      vertex 15.958984375 -20.1298828125 2.5
      vertex 17 -19 2.5
      vertex 17 -20.1298828125 2.5
    endloop
  endfacet
  facet normal 0 0 -1
    outer loop
      vertex 16.4453125 -18.5 2.5
      vertex 18.6572265625 -18.5 2.5
      vertex 17 -19 2.5
    endloop
  endfacet
  facet normal 0 0 -1
    outer loop
      vertex 17 -19 2.5
      vertex 18.6572265625 -18.5 2.5
      vertex 18.6572265625 -19 2.5
    endloop
  endfacet
  facet normal 0 0 -1
    outer loop
      vertex 18.6572265625 -12.2998046875 2.5
      vertex 18.650390625 -7 2.5
      vertex 18.650390625 -5.576171875 2.5
    endloop
  endfacet
  facet normal 0 0 -1
    outer loop
      vertex 18.6572265625 -12.2998046875 2.5
      vertex 18.650390625 -5.576171875 2.5
      vertex 18.6572265625 -5.576171875 2.5
    endloop
  endfacet
  facet normal 0 1 0
    outer loop
      vertex 6.9453125 -18.5 2.5
      vertex 6.9453125 -18.5 5
      vertex 8.2451171875 -18.5 2.5
    endloop
  endfacet
  facet normal 1 0 0
    outer loop
      vertex 6.9453125 -18.5 2.5
      vertex 6.9453125 -12.2998046875 2.5
      vertex 6.9453125 -12.2998046875 5
    endloop
  endfacet
  facet normal -1 0 0
    outer loop
      vertex 7.14453125 -13.400390625 2.5
      vertex 7.14453125 -13.400390625 5
      vertex 7.14453125 -12.2998046875 2.5
    endloop
  endfacet
  facet normal 0 -1 0
    outer loop
      vertex 6.9453125 -12.2998046875 2.5
      vertex 7.14453125 -12.2998046875 2.5
      vertex 7.14453125 -12.2998046875 5
    endloop
  endfacet
  facet normal -1 0 0
    outer loop
      vertex 8.2451171875 -18.5 2.5
      vertex 8.2451171875 -18.5 5
      vertex 8.2451171875 -17.400390625 2.5
    endloop
  endfacet
  facet normal 0 1 0
    outer loop
      vertex 8.2451171875 -17.400390625 2.5
      vertex 8.2451171875 -17.400390625 5
      vertex 9.4453125 -17.400390625 2.5
    endloop
  endfacet
  facet normal 0 -1 0
    outer loop
      vertex 7.14453125 -13.400390625 2.5
      vertex 8.3447265625 -13.400390625 2.5
      vertex 8.3447265625 -13.400390625 5
    endloop
  endfacet
  facet normal 1 0 0
    outer loop
      vertex 8.3447265625 -13.400390625 2.5
      vertex 8.3447265625 -12.2998046875 2.5
      vertex 8.3447265625 -12.2998046875 5
    endloop
  endfacet
  facet normal 1 0 0
    outer loop
      vertex 9.4453125 -18.5 2.5
      vertex 9.4453125 -17.400390625 2.5
      vertex 9.4453125 -17.400390625 5
    endloop
  endfacet
  facet normal 1 0 0
    outer loop
      vertex 6.9453125 -18.5 2.5
      vertex 6.9453125 -12.2998046875 5
      vertex 6.9453125 -18.5 5
    endloop
  endfacet
  facet normal 0 -1 0
    outer loop
      vertex 7.14453125 -13.400390625 2.5
      vertex 8.3447265625 -13.400390625 5
      vertex 7.14453125 -13.400390625 5
    endloop
  endfacet
  facet normal 0 -1 0
    outer loop
      vertex 6.9453125 -12.2998046875 2.5
      vertex 7.14453125 -12.2998046875 5
      vertex 6.9453125 -12.2998046875 5
    endloop
  endfacet
  facet normal -1 0 0
    outer loop
      vertex 7.14453125 -12.2998046875 2.5
      vertex 7.14453125 -13.400390625 5
      vertex 7.14453125 -12.2998046875 5
    endloop
  endfacet
  facet normal 0 1 0
    outer loop
      vertex 8.2451171875 -18.5 2.5
      vertex 6.9453125 -18.5 5
      vertex 8.2451171875 -18.5 5
    endloop
  endfacet
  facet normal -1 0 0
    outer loop
      vertex 8.2451171875 -17.400390625 2.5
      vertex 8.2451171875 -18.5 5
      vertex 8.2451171875 -17.400390625 5
    endloop
  endfacet
  facet normal 1 0 0
    outer loop
      vertex 8.3447265625 -13.400390625 2.5
      vertex 8.3447265625 -12.2998046875 5
      vertex 8.3447265625 -13.400390625 5
    endloop
  endfacet
  facet normal 1 0 0
    outer loop
      vertex 9.4453125 -18.5 2.5
      vertex 9.4453125 -17.400390625 5
      vertex 9.4453125 -18.5 5
    endloop
  endfacet
  facet normal 0 1 0
    outer loop
      vertex 9.4453125 -17.400390625 2.5
      vertex 8.2451171875 -17.400390625 5
      vertex 9.4453125 -17.400390625 5
    endloop
  endfacet
  facet normal 0 1 0
    outer loop
      vertex 18.6572265625 -18.5 2.5
      vertex 19.044921875 -18.5 0
      vertex 18.6572265625 -18.5 0
    endloop
  endfacet
  facet normal 0 -1 0
    outer loop
      vertex 18.6572265625 -12.2998046875 2.5
      vertex 18.6572265625 -12.2998046875 0
      vertex 19.044921875 -12.2998046875 0
    endloop
  endfacet
  facet normal -1 0 0
    outer loop
      vertex 19.044921875 -17.900390625 0
      vertex 19.044921875 -18.5 0
      vertex 19.044921875 -18.5 5
    endloop
  endfacet
  facet normal -1 0 0
    outer loop
      vertex 19.044921875 -12.2998046875 0
      vertex 19.044921875 -12.900390625 0
      vertex 19.044921875 -12.900390625 5
    endloop
  endfacet
  facet normal 0 1 0
    outer loop
      vertex 20.349609375 -17.900390625 0
      vertex 19.044921875 -17.900390625 0
      vertex 20.349609375 -17.900390625 5
    endloop
  endfacet
  facet normal 0 -1 0
    outer loop
      vertex 19.044921875 -12.900390625 0
      vertex 20.349609375 -12.900390625 0
      vertex 19.044921875 -12.900390625 5
    endloop
  endfacet
  facet normal 0 1 0
    outer loop
      vertex 9.4453125 -18.5 2.5
      vertex 9.4453125 -18.5 5
      vertex 12.2451171875 -18.5 2.5
    endloop
  endfacet
  facet normal -1 0 0
    outer loop
      vertex 12.2451171875 -18.5 2.5
      vertex 12.2451171875 -18.5 5
      vertex 12.2451171875 -17.400390625 2.5
    endloop
  endfacet
  facet normal 0 1 0
    outer loop
      vertex 12.2451171875 -17.400390625 2.5
      vertex 12.2451171875 -17.400390625 5
      vertex 13.4453125 -17.400390625 2.5
    endloop
  endfacet
  facet normal 1 0 0
    outer loop
      vertex 13.4453125 -18.5 2.5
      vertex 13.4453125 -17.400390625 2.5
      vertex 13.4453125 -17.400390625 5
    endloop
  endfacet
  facet normal 0 1 0
    outer loop
      vertex 13.4453125 -18.5 2.5
      vertex 13.4453125 -18.5 5
      vertex 15.2451171875 -18.5 2.5
    endloop
  endfacet
  facet normal -1 0 0
    outer loop
      vertex 15.2451171875 -18.5 2.5
      vertex 15.2451171875 -18.5 5
      vertex 15.2451171875 -17.400390625 2.5
    endloop
  endfacet
  facet normal 0 1 0
    outer loop
      vertex 12.2451171875 -18.5 2.5
      vertex 9.4453125 -18.5 5
      vertex 12.2451171875 -18.5 5
    endloop
  endfacet
  facet normal -1 0 0
    outer loop
      vertex 12.2451171875 -17.400390625 2.5
      vertex 12.2451171875 -18.5 5
      vertex 12.2451171875 -17.400390625 5
    endloop
  endfacet
  facet normal 0 -1 0
    outer loop
      vertex 8.3447265625 -12.2998046875 2.5
      vertex 19.044921875 -12.2998046875 5
      vertex 8.3447265625 -12.2998046875 5
    endloop
  endfacet
  facet normal 0 1 0
    outer loop
      vertex 13.4453125 -17.400390625 2.5
      vertex 12.2451171875 -17.400390625 5
      vertex 13.4453125 -17.400390625 5
    endloop
  endfacet
  facet normal 1 0 0
    outer loop
      vertex 13.4453125 -18.5 2.5
      vertex 13.4453125 -17.400390625 5
      vertex 13.4453125 -18.5 5
    endloop
  endfacet
  facet normal 0 1 0
    outer loop
      vertex 15.2451171875 -18.5 2.5
      vertex 13.4453125 -18.5 5
      vertex 15.2451171875 -18.5 5
    endloop
  endfacet
  facet normal -1 0 0
    outer loop
      vertex 15.2451171875 -17.400390625 2.5
      vertex 15.2451171875 -18.5 5
      vertex 15.2451171875 -17.400390625 5
    endloop
  endfacet
  facet normal 0 1 0
    outer loop
      vertex 15.2451171875 -17.400390625 2.5
      vertex 15.2451171875 -17.400390625 5
      vertex 16.4453125 -17.400390625 2.5
    endloop
  endfacet
  facet normal 1 0 0
    outer loop
      vertex 16.4453125 -18.5 2.5
      vertex 16.4453125 -17.400390625 2.5
      vertex 16.4453125 -17.400390625 5
    endloop
  endfacet
  facet normal 0 -1 0
    outer loop
      vertex 8.3447265625 -12.2998046875 2.5
      vertex 18.6572265625 -12.2998046875 2.5
      vertex 19.044921875 -12.2998046875 5
    endloop
  endfacet
  facet normal 0 1 0
    outer loop
      vertex 16.4453125 -18.5 2.5
      vertex 16.4453125 -18.5 5
      vertex 18.6572265625 -18.5 2.5
    endloop
  endfacet
  facet normal 0 1 0
    outer loop
      vertex 18.6572265625 -18.5 2.5
      vertex 19.044921875 -18.5 5
      vertex 19.044921875 -18.5 0
    endloop
  endfacet
  facet normal 0 -1 0
    outer loop
      vertex 18.6572265625 -12.2998046875 2.5
      vertex 19.044921875 -12.2998046875 0
      vertex 19.044921875 -12.2998046875 5
    endloop
  endfacet
  facet normal -1 0 0
    outer loop
      vertex 19.044921875 -17.900390625 0
      vertex 19.044921875 -18.5 5
      vertex 19.044921875 -17.900390625 5
    endloop
  endfacet
  facet normal -1 0 0
    outer loop
      vertex 19.044921875 -12.2998046875 0
      vertex 19.044921875 -12.900390625 5
      vertex 19.044921875 -12.2998046875 5
    endloop
  endfacet
  facet normal 0 1 0
    outer loop
      vertex 20.349609375 -17.900390625 5
      vertex 19.044921875 -17.900390625 0
      vertex 19.044921875 -17.900390625 5
    endloop
  endfacet
  facet normal 0 -1 0
    outer loop
      vertex 20.349609375 -12.900390625 5
      vertex 19.044921875 -12.900390625 5
      vertex 20.349609375 -12.900390625 0
    endloop
  endfacet
  facet normal 1 0 0
    outer loop
      vertex 16.4453125 -18.5 2.5
      vertex 16.4453125 -17.400390625 5
      vertex 16.4453125 -18.5 5
    endloop
  endfacet
  facet normal 0 1 0
    outer loop
      vertex 16.4453125 -17.400390625 2.5
      vertex 15.2451171875 -17.400390625 5
      vertex 16.4453125 -17.400390625 5
    endloop
  endfacet
  facet normal 0 1 0
    outer loop
      vertex 18.6572265625 -18.5 2.5
      vertex 16.4453125 -18.5 5
      vertex 19.044921875 -18.5 5
    endloop
  endfacet
  facet normal 0 1 0
    outer loop
      vertex 2.5361328125 -3.1171875 2.5
      vertex 2.5361328125 -3.1171875 0
      vertex 1.5498046875 -3.1171875 0
    endloop
  endfacet
  facet normal 1 0 0
    outer loop
      vertex 1.5498046875 -3.1171875 3.5
      vertex 1.5498046875 -3.1171875 0
      vertex 1.5498046875 0 0
    endloop
  endfacet
  facet normal 0 1 0
    outer loop
      vertex 2.5361328125 -3.1171875 2.5
      vertex 1.5498046875 -3.1171875 0
      vertex 1.5498046875 -3.1171875 3.5
    endloop
  endfacet
  facet normal 1 0 0
    outer loop
      vertex 1.5498046875 -3.1171875 3.5
      vertex 1.5498046875 0 0
      vertex 1.5498046875 0 3.5
    endloop
  endfacet
  facet normal 0 1 0
    outer loop
      vertex 6.9501953125 -3.1171875 3.5
      vertex 6.9501953125 -3.1171875 0
      vertex 5.982421875 -3.1171875 0
    endloop
  endfacet
  facet normal -1 0 0
    outer loop
      vertex 6.9501953125 0 0
      vertex 6.9501953125 -3.1171875 0
      vertex 6.9501953125 0 3.5
    endloop
  endfacet
  facet normal 1 0 0
    outer loop
      vertex 8.650390625 -5.576171875 2.5
      vertex 8.650390625 -5.576171875 0
      vertex 8.650390625 -4.5595703125 0
    endloop
  endfacet
  facet normal 0 -1 0
    outer loop
      vertex 8.9501953125 -4.5595703125 3.5
      vertex 8.650390625 -4.5595703125 0
      vertex 8.9501953125 -4.5595703125 0
    endloop
  endfacet
  facet normal 0 1 0
    outer loop
      vertex 8.650390625 -2.4599609375 3.5
      vertex 8.9501953125 -2.4599609375 0
      vertex 8.650390625 -2.4599609375 0
    endloop
  endfacet
  facet normal 1 0 0
    outer loop
      vertex 8.650390625 -0.66015625 3.5
      vertex 8.650390625 -2.4599609375 0
      vertex 8.650390625 -0.66015625 0
    endloop
  endfacet
  facet normal 0 -1 0
    outer loop
      vertex 8.9501953125 -0.66015625 3.5
      vertex 8.650390625 -0.66015625 0
      vertex 8.9501953125 -0.66015625 0
    endloop
  endfacet
  facet normal 1 0 0
    outer loop
      vertex 8.9501953125 -2.4599609375 3.5
      vertex 8.9501953125 -4.5595703125 0
      vertex 8.9501953125 -2.4599609375 0
    endloop
  endfacet
  facet normal 1 0 0
    outer loop
      vertex 8.9501953125 -0.66015625 3.5
      vertex 8.9501953125 -0.66015625 0
      vertex 8.9501953125 0 0
    endloop
  endfacet
  facet normal 0 1 0
    outer loop
      vertex 5.982421875 -3.1171875 2.5
      vertex 6.9501953125 -3.1171875 3.5
      vertex 5.982421875 -3.1171875 0
    endloop
  endfacet
  facet normal -1 0 0
    outer loop
      vertex 6.9501953125 -3.1171875 3.5
      vertex 6.9501953125 0 3.5
      vertex 6.9501953125 -3.1171875 0
    endloop
  endfacet
  facet normal 1 0 0
    outer loop
      vertex 8.650390625 -5.576171875 2.5
      vertex 8.650390625 -4.5595703125 0
      vertex 8.650390625 -4.5595703125 3.5
    endloop
  endfacet
  facet normal 0 -1 0
    outer loop
      vertex 8.650390625 -4.5595703125 3.5
      vertex 8.650390625 -4.5595703125 0
      vertex 8.9501953125 -4.5595703125 3.5
    endloop
  endfacet
  facet normal 1 0 0
    outer loop
      vertex 8.650390625 -2.4599609375 3.5
      vertex 8.650390625 -2.4599609375 0
      vertex 8.650390625 -0.66015625 3.5
    endloop
  endfacet
  facet normal 0 1 0
    outer loop
      vertex 8.650390625 -2.4599609375 3.5
      vertex 8.9501953125 -2.4599609375 3.5
      vertex 8.9501953125 -2.4599609375 0
    endloop
  endfacet
  facet normal 0 -1 0
    outer loop
      vertex 8.650390625 -0.66015625 3.5
      vertex 8.650390625 -0.66015625 0
      vertex 8.9501953125 -0.66015625 3.5
    endloop
  endfacet
  facet normal 1 0 0
    outer loop
      vertex 8.9501953125 -4.5595703125 3.5
      vertex 8.9501953125 -4.5595703125 0
      vertex 8.9501953125 -2.4599609375 3.5
    endloop
  endfacet
  facet normal 1 0 0
    outer loop
      vertex 8.9501953125 -0.66015625 3.5
      vertex 8.9501953125 0 0
      vertex 8.9501953125 0 3.5
    endloop
  endfacet
  facet normal 0 1 0
    outer loop
      vertex 2.5361328125 -3.1171875 2.5
      vertex 1.5498046875 -3.1171875 3.5
      vertex 5.982421875 -3.1171875 2.5
    endloop
  endfacet
  facet normal 0 0 -1
    outer loop
      vertex 1.5498046875 -3.1171875 3.5
      vertex 1.5498046875 0 3.5
      vertex 6.9501953125 -3.1171875 3.5
    endloop
  endfacet
  facet normal 0 1 0
    outer loop
      vertex 1.5498046875 -3.1171875 3.5
      vertex 6.9501953125 -3.1171875 3.5
      vertex 5.982421875 -3.1171875 2.5
    endloop
  endfacet
  facet normal 0 0 -1
    outer loop
      vertex 6.9501953125 -3.1171875 3.5
      vertex 1.5498046875 0 3.5
      vertex 6.9501953125 0 3.5
    endloop
  endfacet
  facet normal 1 0 0
    outer loop
      vertex 8.650390625 -7 2.5
      vertex 8.650390625 -5.576171875 2.5
      vertex 8.650390625 -7 3.5
    endloop
  endfacet
  facet normal 1 0 0
    outer loop
      vertex 8.650390625 -5.576171875 2.5
      vertex 8.650390625 -4.5595703125 3.5
      vertex 8.650390625 -7 3.5
    endloop
  endfacet
  facet normal 0 0 -1
    outer loop
      vertex 8.650390625 -7 3.5
      vertex 8.650390625 -4.5595703125 3.5
      vertex 8.9501953125 -4.5595703125 3.5
    endloop
  endfacet
  facet normal 0 0 -1
    outer loop
      vertex 8.650390625 -2.4599609375 3.5
      vertex 8.9501953125 -0.66015625 3.5
      vertex 8.9501953125 -2.4599609375 3.5
    endloop
  endfacet
  facet normal 0 0 -1
    outer loop
      vertex 8.650390625 -2.4599609375 3.5
      vertex 8.650390625 -0.66015625 3.5
      vertex 8.9501953125 -0.66015625 3.5
    endloop
  endfacet
  facet normal 0 -1 0
    outer loop
      vertex 15.958984375 -28.73046875 2.5
      vertex 15.958984375 -28.73046875 0
      vertex 20.349609375 -28.73046875 0
    endloop
  endfacet
  facet normal 0 1 0
    outer loop
      vertex 20.349609375 -34.73046875 0
      vertex 15.958984375 -34.73046875 0
      vertex 20.349609375 -34.73046875 3.5
    endloop
  endfacet
  facet normal 0 1 0
    outer loop
      vertex 15.958984375 -34.73046875 2.5
      vertex 20.349609375 -34.73046875 3.5
      vertex 15.958984375 -34.73046875 0
    endloop
  endfacet
  facet normal 0 -1 0
    outer loop
      vertex 15.958984375 -28.73046875 2.5
      vertex 20.349609375 -28.73046875 0
      vertex 20.349609375 -28.73046875 3.5
    endloop
  endfacet
  facet normal -1 0 0
    outer loop
      vertex 18.349609375 -4.5595703125 3.5
      vertex 18.349609375 -2.4599609375 0
      vertex 18.349609375 -4.5595703125 0
    endloop
  endfacet
  facet normal -1 0 0
    outer loop
      vertex 18.349609375 0 0
      vertex 18.349609375 -0.66015625 0
      vertex 18.349609375 0 3.5
    endloop
  endfacet
  facet normal 0 -1 0
    outer loop
      vertex 18.650390625 -4.5595703125 3.5
      vertex 18.349609375 -4.5595703125 0
      vertex 18.650390625 -4.5595703125 0
    endloop
  endfacet
  facet normal -1 0 0
    outer loop
      vertex 18.650390625 -4.5595703125 3.5
      vertex 18.650390625 -4.5595703125 0
      vertex 18.650390625 -5.576171875 0
    endloop
  endfacet
  facet normal 0 1 0
    outer loop
      vertex 18.349609375 -2.4599609375 3.5
      vertex 18.650390625 -2.4599609375 0
      vertex 18.349609375 -2.4599609375 0
    endloop
  endfacet
  facet normal -1 0 0
    outer loop
      vertex 18.650390625 -2.4599609375 3.5
      vertex 18.650390625 -0.66015625 0
      vertex 18.650390625 -2.4599609375 0
    endloop
  endfacet
  facet normal 0 -1 0
    outer loop
      vertex 18.650390625 -0.66015625 3.5
      vertex 18.349609375 -0.66015625 0
      vertex 18.650390625 -0.66015625 0
    endloop
  endfacet
  facet normal -1 0 0
    outer loop
      vertex 18.650390625 -5.576171875 2.5
      vertex 18.650390625 -4.5595703125 3.5
      vertex 18.650390625 -5.576171875 0
    endloop
  endfacet
  facet normal -1 0 0
    outer loop
      vertex 18.349609375 -4.5595703125 3.5
      vertex 18.349609375 -2.4599609375 3.5
      vertex 18.349609375 -2.4599609375 0
    endloop
  endfacet
  facet normal -1 0 0
    outer loop
      vertex 18.349609375 -0.66015625 3.5
      vertex 18.349609375 0 3.5
      vertex 18.349609375 -0.66015625 0
    endloop
  endfacet
  facet normal 0 -1 0
    outer loop
      vertex 18.349609375 -4.5595703125 3.5
      vertex 18.349609375 -4.5595703125 0
      vertex 18.650390625 -4.5595703125 3.5
    endloop
  endfacet
  facet normal 0 1 0
    outer loop
      vertex 18.349609375 -2.4599609375 3.5
      vertex 18.650390625 -2.4599609375 3.5
      vertex 18.650390625 -2.4599609375 0
    endloop
  endfacet
  facet normal 0 -1 0
    outer loop
      vertex 18.349609375 -0.66015625 3.5
      vertex 18.349609375 -0.66015625 0
      vertex 18.650390625 -0.66015625 3.5
    endloop
  endfacet
  facet normal -1 0 0
    outer loop
      vertex 18.650390625 -2.4599609375 3.5
      vertex 18.650390625 -0.66015625 3.5
      vertex 18.650390625 -0.66015625 0
    endloop
  endfacet
  facet normal 0 1 0
    outer loop
      vertex 8.650390625 -7 2.5
      vertex 8.650390625 -7 3.5
      vertex 18.650390625 -7 2.5
    endloop
  endfacet
  facet normal 0 0 -1
    outer loop
      vertex 8.650390625 -7 3.5
      vertex 8.9501953125 -4.5595703125 3.5
      vertex 18.349609375 -4.5595703125 3.5
    endloop
  endfacet
  facet normal 0 0 -1
    outer loop
      vertex 8.9501953125 -4.5595703125 3.5
      vertex 8.9501953125 -2.4599609375 3.5
      vertex 18.349609375 -4.5595703125 3.5
    endloop
  endfacet
  facet normal 0 0 -1
    outer loop
      vertex 8.9501953125 -2.4599609375 3.5
      vertex 8.9501953125 -0.66015625 3.5
      vertex 18.349609375 -2.4599609375 3.5
    endloop
  endfacet
  facet normal 0 0 -1
    outer loop
      vertex 8.9501953125 -0.66015625 3.5
      vertex 8.9501953125 0 3.5
      vertex 18.349609375 -0.66015625 3.5
    endloop
  endfacet
  facet normal 0 0 -1
    outer loop
      vertex 8.650390625 -7 3.5
      vertex 18.349609375 -4.5595703125 3.5
      vertex 18.650390625 -7 3.5
    endloop
  endfacet
  facet normal 0 0 -1
    outer loop
      vertex 8.9501953125 -2.4599609375 3.5
      vertex 18.349609375 -2.4599609375 3.5
      vertex 18.349609375 -4.5595703125 3.5
    endloop
  endfacet
  facet normal 0 0 -1
    outer loop
      vertex 8.9501953125 -0.66015625 3.5
      vertex 18.349609375 -0.66015625 3.5
      vertex 18.349609375 -2.4599609375 3.5
    endloop
  endfacet
  facet normal 0 0 -1
    outer loop
      vertex 18.349609375 -0.66015625 3.5
      vertex 8.9501953125 0 3.5
      vertex 18.349609375 0 3.5
    endloop
  endfacet
  facet normal 0 1 0
    outer loop
      vertex 15.373046875 -34.73046875 2.5
      vertex 15.373046875 -34.73046875 3.5
      vertex 15.958984375 -34.73046875 2.5
    endloop
  endfacet
  facet normal 1 0 0
    outer loop
      vertex 15.373046875 -34.73046875 2.5
      vertex 15.373046875 -28.73046875 2.5
      vertex 15.373046875 -28.73046875 3.5
    endloop
  endfacet
  facet normal 1 0 0
    outer loop
      vertex 15.373046875 -34.73046875 2.5
      vertex 15.373046875 -28.73046875 3.5
      vertex 15.373046875 -34.73046875 3.5
    endloop
  endfacet
  facet normal 0 1 0
    outer loop
      vertex 15.373046875 -34.73046875 3.5
      vertex 20.349609375 -34.73046875 3.5
      vertex 15.958984375 -34.73046875 2.5
    endloop
  endfacet
  facet normal 0 0 -1
    outer loop
      vertex 15.373046875 -34.73046875 3.5
      vertex 15.373046875 -28.73046875 3.5
      vertex 20.349609375 -28.73046875 3.5
    endloop
  endfacet
  facet normal 0 -1 0
    outer loop
      vertex 15.373046875 -28.73046875 2.5
      vertex 15.958984375 -28.73046875 2.5
      vertex 15.373046875 -28.73046875 3.5
    endloop
  endfacet
  facet normal 0 -1 0
    outer loop
      vertex 15.373046875 -28.73046875 3.5
      vertex 15.958984375 -28.73046875 2.5
      vertex 20.349609375 -28.73046875 3.5
    endloop
  endfacet
  facet normal 0 0 -1
    outer loop
      vertex 15.373046875 -34.73046875 3.5
      vertex 20.349609375 -28.73046875 3.5
      vertex 20.349609375 -34.73046875 3.5
    endloop
  endfacet
  facet normal 0 1 0
    outer loop
      vertex 8.650390625 -7 3.5
      vertex 18.650390625 -7 3.5
      vertex 18.650390625 -7 2.5
    endloop
  endfacet
  facet normal -1 0 0
    outer loop
      vertex 18.650390625 -7 2.5
      vertex 18.650390625 -7 3.5
      vertex 18.650390625 -5.576171875 2.5
    endloop
  endfacet
  facet normal -1 0 0
    outer loop
      vertex 18.650390625 -5.576171875 2.5
      vertex 18.650390625 -7 3.5
      vertex 18.650390625 -4.5595703125 3.5
    endloop
  endfacet
  facet normal 0 0 -1
    outer loop
      vertex 18.349609375 -4.5595703125 3.5
      vertex 18.650390625 -4.5595703125 3.5
      vertex 18.650390625 -7 3.5
    endloop
  endfacet
  facet normal 0 0 -1
    outer loop
      vertex 18.349609375 -2.4599609375 3.5
      vertex 18.650390625 -0.66015625 3.5
      vertex 18.650390625 -2.4599609375 3.5
    endloop
  endfacet
  facet normal 0 0 -1
    outer loop
      vertex 18.349609375 -2.4599609375 3.5
      vertex 18.349609375 -0.66015625 3.5
      vertex 18.650390625 -0.66015625 3.5
    endloop
  endfacet
endsolid OpenSCAD_Model
