ISO-10303-21;
HEADER;
FILE_DESCRIPTION (( 'STEP AP214' ),
    '1' );
FILE_NAME ('Same_Sky_TS31-46-35-BK-B-260-RA-SMT-TR.step',
    '2025-07-30T21:45:07',
    ( '' ),
    ( '' ),
    'SwSTEP 2.0',
    'SolidWorks 2025',
    '' );
FILE_SCHEMA (( 'AUTOMOTIVE_DESIGN' ));
ENDSEC;

DATA;
#1 = DIRECTION ( 'NONE',  ( 0.000000000000000000, 0.01745240643727980281, -0.9998476951563912696 ) ) ;
#2 = ORIENTED_EDGE ( 'NONE', *, *, #2071, .F. ) ;
#3 = DIRECTION ( 'NONE',  ( -1.000000000000000000, 0.000000000000000000, 0.000000000000000000 ) ) ;
#4 = CARTESIAN_POINT ( 'NONE',  ( -1.875000000000000000, -0.9499999999999999556, -0.1881966011250000015 ) ) ;
#5 = ORIENTED_EDGE ( 'NONE', *, *, #2222, .F. ) ;
#6 = ORIENTED_EDGE ( 'NONE', *, *, #453, .F. ) ;
#7 = CARTESIAN_POINT ( 'NONE',  ( 2.000000000000000000, 0.000000000000000000, 2.299999999999999822 ) ) ;
#8 = EDGE_CURVE ( 'NONE', #94, #6225, #692, .T. ) ;
#9 = DIRECTION ( 'NONE',  ( -0.03489418781394516139, -0.01744177813808995420, 0.9992388003036044575 ) ) ;
#10 = ORIENTED_EDGE ( 'NONE', *, *, #7698, .T. ) ;
#11 = CARTESIAN_POINT ( 'NONE',  ( -0.6474304142646618576, -0.8199786129451602790, 0.2507221828342951486 ) ) ;
#12 = LINE ( 'NONE', #4029, #54 ) ;
#13 = DIRECTION ( 'NONE',  ( 1.000000000000000000, 0.000000000000000000, 0.000000000000000000 ) ) ;
#14 = LINE ( 'NONE', #4773, #1020 ) ;
#15 = AXIS2_PLACEMENT_3D ( 'NONE', #2289, #4556, #414 ) ;
#16 = EDGE_CURVE ( 'NONE', #2918, #2077, #1762, .T. ) ;
#17 = CYLINDRICAL_SURFACE ( 'NONE', #787, 0.1000000000000000472 ) ;
#18 = DIRECTION ( 'NONE',  ( 1.000000000000000000, 0.000000000000000000, 0.000000000000000000 ) ) ;
#19 = ORIENTED_EDGE ( 'NONE', *, *, #4131, .F. ) ;
#20 = ORIENTED_EDGE ( 'NONE', *, *, #2787, .F. ) ;
#21 = DIRECTION ( 'NONE',  ( 1.000000000000000000, 0.000000000000000000, 0.000000000000000000 ) ) ;
#22 = CARTESIAN_POINT ( 'NONE',  ( -0.2650000000000000133, -0.6849999999999999423, 0.7500000000000000000 ) ) ;
#23 = VECTOR ( 'NONE', #763, 1000.000000000000000 ) ;
#24 = EDGE_CURVE ( 'NONE', #1473, #6075, #5241, .T. ) ;
#25 = EDGE_CURVE ( 'NONE', #5221, #943, #551, .T. ) ;
#26 = CIRCLE ( 'NONE', #2631, 0.09999999999999993616 ) ;
#27 = VECTOR ( 'NONE', #3427, 1000.000000000000000 ) ;
#28 = EDGE_LOOP ( 'NONE', ( #6475, #4460, #4402, #5958 ) ) ;
#29 = DIRECTION ( 'NONE',  ( 0.000000000000000000, 1.000000000000000000, 0.000000000000000000 ) ) ;
#30 = ORIENTED_EDGE ( 'NONE', *, *, #2353, .F. ) ;
#31 = CARTESIAN_POINT ( 'NONE',  ( 1.925000000000000044, -0.9000000000000000222, 2.100000000000000089 ) ) ;
#32 = DIRECTION ( 'NONE',  ( -1.000000000000000000, 0.000000000000000000, 0.000000000000000000 ) ) ;
#33 = ORIENTED_EDGE ( 'NONE', *, *, #5115, .T. ) ;
#34 = CARTESIAN_POINT ( 'NONE',  ( -0.5687988462011323021, 0.7210576526936745001, 0.3140524872500325415 ) ) ;
#35 = VECTOR ( 'NONE', #7079, 1000.000000000000000 ) ;
#36 = EDGE_CURVE ( 'NONE', #5488, #5089, #2937, .T. ) ;
#37 = CARTESIAN_POINT ( 'NONE',  ( 2.100000000000000089, -0.3750000000000000000, 2.100000000000000089 ) ) ;
#38 = ORIENTED_EDGE ( 'NONE', *, *, #6438, .F. ) ;
#39 = AXIS2_PLACEMENT_3D ( 'NONE', #7455, #6870, #386 ) ;
#40 = CARTESIAN_POINT ( 'NONE',  ( -2.100000000000000089, -0.9449999999999999512, 1.800000000000000044 ) ) ;
#41 = VECTOR ( 'NONE', #3069, 1000.000000000000000 ) ;
#42 = LINE ( 'NONE', #2423, #1910 ) ;
#43 = EDGE_LOOP ( 'NONE', ( #7198, #5753, #2206, #1602 ) ) ;
#44 = ORIENTED_EDGE ( 'NONE', *, *, #5191, .T. ) ;
#45 = CARTESIAN_POINT ( 'NONE',  ( -2.167272531029506677, -0.3710790688156913597, 2.288346506654315160 ) ) ;
#46 = CARTESIAN_POINT ( 'NONE',  ( -1.925000000000000044, 0.1658312395178000165, 2.299999999999999822 ) ) ;
#47 = ORIENTED_EDGE ( 'NONE', *, *, #3121, .T. ) ;
#48 = AXIS2_PLACEMENT_3D ( 'NONE', #5827, #4615, #7583 ) ;
#49 = EDGE_CURVE ( 'NONE', #6503, #3516, #4879, .T. ) ;
#50 = DIRECTION ( 'NONE',  ( 1.000000000000000000, 0.000000000000000000, 0.000000000000000000 ) ) ;
#51 = CARTESIAN_POINT ( 'NONE',  ( 0.6364217540603455125, 0.7998260332238330550, 0.2544806772622358881 ) ) ;
#52 = VECTOR ( 'NONE', #1697, 1000.000000000000000 ) ;
#53 = EDGE_CURVE ( 'NONE', #5765, #5803, #6451, .T. ) ;
#54 = VECTOR ( 'NONE', #2389, 1000.000000000000000 ) ;
#55 = ORIENTED_EDGE ( 'NONE', *, *, #7328, .T. ) ;
#56 = CARTESIAN_POINT ( 'NONE',  ( 0.7500000000000000000, 0.5150000000000000133, 0.7500000000000000000 ) ) ;
#57 = CARTESIAN_POINT ( 'NONE',  ( 0.000000000000000000, 0.3663376014356999888, 0.2500000000000000000 ) ) ;
#58 = VERTEX_POINT ( 'NONE', #3150 ) ;
#59 = DIRECTION ( 'NONE',  ( 0.000000000000000000, 0.000000000000000000, -1.000000000000000000 ) ) ;
#60 = ORIENTED_EDGE ( 'NONE', *, *, #5214, .F. ) ;
#61 = DIRECTION ( 'NONE',  ( 0.000000000000000000, 0.000000000000000000, 1.000000000000000000 ) ) ;
#62 = AXIS2_PLACEMENT_3D ( 'NONE', #7068, #5194, #3513 ) ;
#63 = CARTESIAN_POINT ( 'NONE',  ( -0.5538995006676490362, -0.7038995806280760048, 0.3720083874391320045 ) ) ;
#64 = EDGE_CURVE ( 'NONE', #3978, #7373, #725, .T. ) ;
#65 = AXIS2_PLACEMENT_3D ( 'NONE', #1549, #5685, #1506 ) ;
#66 = ORIENTED_EDGE ( 'NONE', *, *, #360, .F. ) ;
#67 = DIRECTION ( 'NONE',  ( 0.000000000000000000, 0.000000000000000000, 1.000000000000000000 ) ) ;
#68 = EDGE_LOOP ( 'NONE', ( #3494, #6442, #432, #752 ) ) ;
#69 = CARTESIAN_POINT ( 'NONE',  ( 2.100000000000000089, -0.6449999999999999067, 1.500000000000000000 ) ) ;
#70 = CARTESIAN_POINT ( 'NONE',  ( -2.157500000293124831, 0.3822975190298710246, 2.495600000000000041 ) ) ;
#71 = ORIENTED_EDGE ( 'NONE', *, *, #5862, .T. ) ;
#72 = CARTESIAN_POINT ( 'NONE',  ( 0.2425215054676504722, -0.4925215054676501669, 0.3004301093582705251 ) ) ;
#73 = EDGE_CURVE ( 'NONE', #295, #4591, #6687, .T. ) ;
#74 = EDGE_CURVE ( 'NONE', #381, #2677, #3486, .T. ) ;
#75 = VECTOR ( 'NONE', #2852, 1000.000000000000000 ) ;
#76 = DIRECTION ( 'NONE',  ( 0.000000000000000000, -1.000000000000000000, 0.000000000000000000 ) ) ;
#77 = ORIENTED_EDGE ( 'NONE', *, *, #3073, .T. ) ;
#78 = VECTOR ( 'NONE', #6325, 1000.000000000000000 ) ;
#79 = DIRECTION ( 'NONE',  ( 1.000000000000000000, 0.000000000000000000, 0.000000000000000000 ) ) ;
#80 = CARTESIAN_POINT ( 'NONE',  ( -1.849999999993905186, -0.4500000000000000111, 2.330000000000000071 ) ) ;
#81 = VERTEX_POINT ( 'NONE', #6854 ) ;
#82 = ORIENTED_EDGE ( 'NONE', *, *, #2453, .F. ) ;
#83 = CARTESIAN_POINT ( 'NONE',  ( 0.5567020315621747928, -0.4924263067405356686, 0.3465428590174058909 ) ) ;
#84 = FACE_OUTER_BOUND ( 'NONE', #2674, .T. ) ;
#85 = CARTESIAN_POINT ( 'NONE',  ( -1.971005050633885203, 0.2999999999693462316, 2.400000000000002132 ) ) ;
#86 = EDGE_CURVE ( 'NONE', #1589, #6157, #2748, .T. ) ;
#87 = ORIENTED_EDGE ( 'NONE', *, *, #1220, .F. ) ;
#88 = CIRCLE ( 'NONE', #7430, 0.2999999999999999334 ) ;
#89 = LINE ( 'NONE', #3685, #2555 ) ;
#90 = DIRECTION ( 'NONE',  ( 0.000000000000000000, 0.000000000000000000, -1.000000000000000000 ) ) ;
#91 = AXIS2_PLACEMENT_3D ( 'NONE', #3410, #3920, #5861 ) ;
#92 = CARTESIAN_POINT ( 'NONE',  ( -0.6499999999999801492, 0.3663376014356999888, 0.2500000000000000000 ) ) ;
#93 = EDGE_CURVE ( 'NONE', #7354, #1782, #4394, .T. ) ;
#94 = VERTEX_POINT ( 'NONE', #1503 ) ;
#95 =( BOUNDED_CURVE ( )  B_SPLINE_CURVE ( 3, ( #176, #4905, #4322, #5374 ),
 .UNSPECIFIED., .F., .T. ) 
 B_SPLINE_CURVE_WITH_KNOTS ( ( 4, 4 ),
 ( 4.712388980384689674, 6.233226911457609987 ),
 .UNSPECIFIED. ) 
 CURVE ( )  GEOMETRIC_REPRESENTATION_ITEM ( )  RATIONAL_B_SPLINE_CURVE ( ( 1.000000000000000000, 0.8163648751936799508, 0.8163648751936799508, 1.000000000000000000 ) ) 
 REPRESENTATION_ITEM ( '' )  );
#96 = CARTESIAN_POINT ( 'NONE',  ( 1.275000000000000133, -0.5000000000000000000, 0.000000000000000000 ) ) ;
#97 = CARTESIAN_POINT ( 'NONE',  ( 2.299999999999999822, -0.6449999999999999067, 1.500000000000000000 ) ) ;
#98 = VERTEX_POINT ( 'NONE', #335 ) ;
#99 = DIRECTION ( 'NONE',  ( 1.000000000000000000, 0.000000000000000000, 0.000000000000000000 ) ) ;
#100 = ORIENTED_EDGE ( 'NONE', *, *, #6478, .F. ) ;
#101 = CARTESIAN_POINT ( 'NONE',  ( -1.925000000000000044, 0.3750000000000000000, 2.299999999999999822 ) ) ;
#102 = ADVANCED_FACE ( 'NONE', ( #3261 ), #1981, .T. ) ;
#103 = LINE ( 'NONE', #1778, #4398 ) ;
#104 = DIRECTION ( 'NONE',  ( 0.000000000000000000, -1.000000000000000000, 0.000000000000000000 ) ) ;
#105 = ORIENTED_EDGE ( 'NONE', *, *, #1859, .F. ) ;
#106 = DIRECTION ( 'NONE',  ( 0.000000000000000000, 1.000000000000000000, 0.000000000000000000 ) ) ;
#107 = LINE ( 'NONE', #5927, #4880 ) ;
#108 = ORIENTED_EDGE ( 'NONE', *, *, #3196, .T. ) ;
#109 = VERTEX_POINT ( 'NONE', #1467 ) ;
#110 = EDGE_CURVE ( 'NONE', #531, #3387, #5680, .T. ) ;
#111 = LINE ( 'NONE', #5419, #3252 ) ;
#112 = EDGE_LOOP ( 'NONE', ( #5660, #6273, #2475, #4660, #7314, #1960 ) ) ;
#113 = CARTESIAN_POINT ( 'NONE',  ( 1.875000000000000000, -0.9499999999999999556, -0.1881966011250000015 ) ) ;
#114 = FACE_OUTER_BOUND ( 'NONE', #28, .T. ) ;
#115 = VERTEX_POINT ( 'NONE', #248 ) ;
#116 = ORIENTED_EDGE ( 'NONE', *, *, #1256, .T. ) ;
#117 = CARTESIAN_POINT ( 'NONE',  ( -2.130166012614487681, -0.3519044689067225562, 2.297924946373087085 ) ) ;
#118 = FACE_OUTER_BOUND ( 'NONE', #7323, .T. ) ;
#119 = DIRECTION ( 'NONE',  ( 0.000000000000000000, 1.000000000000000000, 0.000000000000000000 ) ) ;
#120 = ORIENTED_EDGE ( 'NONE', *, *, #3421, .F. ) ;
#121 = EDGE_CURVE ( 'NONE', #7234, #340, #7329, .T. ) ;
#122 = EDGE_CURVE ( 'NONE', #825, #7048, #877, .T. ) ;
#123 = DIRECTION ( 'NONE',  ( 0.000000000000000000, 0.000000000000000000, 1.000000000000000000 ) ) ;
#124 = FACE_OUTER_BOUND ( 'NONE', #2844, .T. ) ;
#125 = CARTESIAN_POINT ( 'NONE',  ( -0.5350000000000000311, 0.9000000000000000222, 0.7500000000000000000 ) ) ;
#126 = EDGE_CURVE ( 'NONE', #5312, #7207, #5095, .T. ) ;
#127 = DIRECTION ( 'NONE',  ( 0.000000000000000000, 0.000000000000000000, -1.000000000000000000 ) ) ;
#128 = CARTESIAN_POINT ( 'NONE',  ( -2.250000000000000000, 0.9000000000000000222, 0.5000000000000000000 ) ) ;
#129 = ORIENTED_EDGE ( 'NONE', *, *, #3858, .F. ) ;
#130 = DIRECTION ( 'NONE',  ( 0.000000000000000000, 0.000000000000000000, -1.000000000000000000 ) ) ;
#131 = CARTESIAN_POINT ( 'NONE',  ( -2.100000000000000089, -0.3750000000000000000, 1.800000000000000044 ) ) ;
#132 = DIRECTION ( 'NONE',  ( -2.149305750625848599E-29, -1.000000000000000000, -1.850848880569200273E-14 ) ) ;
#133 = EDGE_CURVE ( 'NONE', #2677, #3180, #1388, .T. ) ;
#134 = CARTESIAN_POINT ( 'NONE',  ( 0.1163376014357000027, -0.8336623985643000223, 0.2500000000000000000 ) ) ;
#135 = ORIENTED_EDGE ( 'NONE', *, *, #7606, .T. ) ;
#136 = PLANE ( 'NONE',  #439 ) ;
#137 = CARTESIAN_POINT ( 'NONE',  ( 0.5538995006677099875, 0.7038995806281579393, 0.3720083874379069844 ) ) ;
#138 = VERTEX_POINT ( 'NONE', #2713 ) ;
#139 = CIRCLE ( 'NONE', #7370, 0.1000000000000000056 ) ;
#140 = DIRECTION ( 'NONE',  ( 0.000000000000000000, -1.000000000000000000, 0.000000000000000000 ) ) ;
#141 = SURFACE_SIDE_STYLE ('',( #1982 ) ) ;
#142 = ORIENTED_EDGE ( 'NONE', *, *, #7530, .T. ) ;
#143 = PLANE ( 'NONE',  #5042 ) ;
#144 = LINE ( 'NONE', #618, #4280 ) ;
#145 = ORIENTED_EDGE ( 'NONE', *, *, #429, .F. ) ;
#146 = CARTESIAN_POINT ( 'NONE',  ( 0.5635974630727035306, -0.4846450753921907606, 0.3247292784674541966 ) ) ;
#147 = AXIS2_PLACEMENT_3D ( 'NONE', #6100, #5040, #4420 ) ;
#148 = VECTOR ( 'NONE', #2662, 1000.000000000000000 ) ;
#149 = DIRECTION ( 'NONE',  ( 0.000000000000000000, 0.000000000000000000, 1.000000000000000000 ) ) ;
#150 = ORIENTED_EDGE ( 'NONE', *, *, #4987, .F. ) ;
#151 = VECTOR ( 'NONE', #6754, 1000.000000000000227 ) ;
#152 = VECTOR ( 'NONE', #6339, 1000.000000000000000 ) ;
#153 = VERTEX_POINT ( 'NONE', #6900 ) ;
#154 = CARTESIAN_POINT ( 'NONE',  ( 0.2425215054678769300, -0.1074784945321232699, 0.3004301093584694216 ) ) ;
#155 = CYLINDRICAL_SURFACE ( 'NONE', #1943, 0.09999999999999982514 ) ;
#156 = CARTESIAN_POINT ( 'NONE',  ( 2.157499999997749995, 0.3822975189103910432, 2.100000000000000089 ) ) ;
#157 = VECTOR ( 'NONE', #5364, 1000.000000000000000 ) ;
#158 = AXIS2_PLACEMENT_3D ( 'NONE', #418, #2218, #4596 ) ;
#159 = ADVANCED_FACE ( 'NONE', ( #4513 ), #1546, .T. ) ;
#160 = EDGE_CURVE ( 'NONE', #7629, #2203, #628, .T. ) ;
#161 = AXIS2_PLACEMENT_3D ( 'NONE', #5242, #3577, #1144 ) ;
#162 = DIRECTION ( 'NONE',  ( -1.000000000000000000, 0.000000000000000000, 0.000000000000000000 ) ) ;
#163 = CARTESIAN_POINT ( 'NONE',  ( -0.6355772891676372272, 0.4013916464121476957, 0.2548152807616314020 ) ) ;
#164 = ORIENTED_EDGE ( 'NONE', *, *, #7673, .F. ) ;
#165 = DIRECTION ( 'NONE',  ( -4.336808689942025625E-15, 0.000000000000000000, -1.000000000000000000 ) ) ;
#166 = VERTEX_POINT ( 'NONE', #6736 ) ;
#167 = DIRECTION ( 'NONE',  ( 1.000000000000000000, 0.000000000000000000, 0.000000000000000000 ) ) ;
#168 = CYLINDRICAL_SURFACE ( 'NONE', #7515, 0.2999999999999999334 ) ;
#169 = EDGE_CURVE ( 'NONE', #6147, #3431, #371, .T. ) ;
#170 = VECTOR ( 'NONE', #2110, 1000.000000000000000 ) ;
#171 = CARTESIAN_POINT ( 'NONE',  ( 1.899999999999999911, -0.3499999999999999778, 2.100000000000000089 ) ) ;
#172 = EDGE_LOOP ( 'NONE', ( #3699, #6882, #462, #4869 ) ) ;
#173 = VECTOR ( 'NONE', #308, 1000.000000000000000 ) ;
#174 = DIRECTION ( 'NONE',  ( -1.000000000000000000, 0.000000000000000000, 0.000000000000000000 ) ) ;
#175 = ORIENTED_EDGE ( 'NONE', *, *, #5941, .T. ) ;
#176 = CARTESIAN_POINT ( 'NONE',  ( -0.6836623985643000001, 0.2336623985642999890, 0.2500000000000000000 ) ) ;
#177 = ADVANCED_FACE ( 'NONE', ( #961 ), #2598, .T. ) ;
#178 = VECTOR ( 'NONE', #5650, 1000.000000000000000 ) ;
#179 = DIRECTION ( 'NONE',  ( 0.000000000000000000, 1.000000000000000000, 0.000000000000000000 ) ) ;
#180 = CARTESIAN_POINT ( 'NONE',  ( 0.000000000000000000, 0.4000000000000000222, 0.5000000000000000000 ) ) ;
#181 = ORIENTED_EDGE ( 'NONE', *, *, #2658, .T. ) ;
#182 = FACE_OUTER_BOUND ( 'NONE', #6034, .T. ) ;
#183 = CYLINDRICAL_SURFACE ( 'NONE', #2643, 0.09999999999999982514 ) ;
#184 = ORIENTED_EDGE ( 'NONE', *, *, #4582, .F. ) ;
#185 = ORIENTED_EDGE ( 'NONE', *, *, #4845, .F. ) ;
#186 = CARTESIAN_POINT ( 'NONE',  ( 0.6142125391548124425, -0.4285681064442407595, 0.2648719078912580294 ) ) ;
#187 = CIRCLE ( 'NONE', #65, 0.1000000000000000472 ) ;
#188 = CARTESIAN_POINT ( 'NONE',  ( -1.600000000000000089, 0.2500000000000000000, 2.100000000000000089 ) ) ;
#189 = EDGE_CURVE ( 'NONE', #779, #6631, #7360, .T. ) ;
#190 = FACE_OUTER_BOUND ( 'NONE', #4130, .T. ) ;
#191 = EDGE_LOOP ( 'NONE', ( #355, #5590, #4519, #5460 ) ) ;
#192 = B_SPLINE_CURVE_WITH_KNOTS ( 'NONE', 3,
 ( #7396, #835, #137, #3882 ),
 .UNSPECIFIED., .F., .F.,
 ( 4, 4 ),
 ( 0.000000000000000000, 1.000000000000000000 ),
 .UNSPECIFIED. ) ;
#193 = CARTESIAN_POINT ( 'NONE',  ( -1.275000000000000133, 0.3499999999999999778, 0.000000000000000000 ) ) ;
#194 = LINE ( 'NONE', #6752, #4070 ) ;
#195 = FACE_OUTER_BOUND ( 'NONE', #3538, .T. ) ;
#196 = VECTOR ( 'NONE', #2687, 1000.000000000000114 ) ;
#197 = VECTOR ( 'NONE', #3941, 1000.000000000000000 ) ;
#198 = CARTESIAN_POINT ( 'NONE',  ( 0.000000000000000000, -0.5000000000000000000, 2.299999999999999822 ) ) ;
#199 = EDGE_CURVE ( 'NONE', #6395, #3949, #3224, .T. ) ;
#200 = FACE_OUTER_BOUND ( 'NONE', #2887, .T. ) ;
#201 = ORIENTED_EDGE ( 'NONE', *, *, #1819, .F. ) ;
#202 = EDGE_CURVE ( 'NONE', #2742, #4392, #7442, .T. ) ;
#203 = DIRECTION ( 'NONE',  ( 0.000000000000000000, 0.000000000000000000, -1.000000000000000000 ) ) ;
#204 = VERTEX_POINT ( 'NONE', #6221 ) ;
#205 = DIRECTION ( 'NONE',  ( 1.000000000000000000, 0.000000000000000000, 0.000000000000000000 ) ) ;
#206 = DIRECTION ( 'NONE',  ( 0.000000000000000000, -1.000000000000000000, 0.000000000000000000 ) ) ;
#207 = AXIS2_PLACEMENT_3D ( 'NONE', #3838, #863, #6140 ) ;
#208 = EDGE_CURVE ( 'NONE', #6349, #3956, #3754, .T. ) ;
#209 = DIRECTION ( 'NONE',  ( -1.000000000000000000, 0.000000000000000000, 0.000000000000000000 ) ) ;
#210 = EDGE_LOOP ( 'NONE', ( #5383, #5215, #2666, #1577 ) ) ;
#211 = EDGE_CURVE ( 'NONE', #153, #4692, #3850, .T. ) ;
#212 = CARTESIAN_POINT ( 'NONE',  ( 0.9550937240699108877, 0.4982546330276609314, 2.100000000000000089 ) ) ;
#213 = ORIENTED_EDGE ( 'NONE', *, *, #4108, .F. ) ;
#214 = CARTESIAN_POINT ( 'NONE',  ( -0.9965079230506389552, -0.3983003557155185281, 2.100000000000000089 ) ) ;
#215 = ORIENTED_EDGE ( 'NONE', *, *, #2807, .T. ) ;
#216 = DIRECTION ( 'NONE',  ( 0.04987546680538128274, 0.04987546680546888628, 0.9975093361076287080 ) ) ;
#217 = LINE ( 'NONE', #7292, #4374 ) ;
#218 = VERTEX_POINT ( 'NONE', #2912 ) ;
#219 = EDGE_CURVE ( 'NONE', #6773, #4063, #4091, .T. ) ;
#220 = DIRECTION ( 'NONE',  ( -1.000000000000000000, 0.000000000000000000, 0.000000000000000000 ) ) ;
#221 = DIRECTION ( 'NONE',  ( 0.000000000000000000, 0.000000000000000000, 1.000000000000000000 ) ) ;
#222 = ORIENTED_EDGE ( 'NONE', *, *, #1219, .T. ) ;
#223 = EDGE_LOOP ( 'NONE', ( #6302, #1237, #1614, #2281 ) ) ;
#224 = CARTESIAN_POINT ( 'NONE',  ( 0.9499999999999999556, 0.5000000000000000000, 2.299999999999999822 ) ) ;
#225 = CARTESIAN_POINT ( 'NONE',  ( -1.896511443143876985, 0.3794000000142637719, 2.400000000000003020 ) ) ;
#226 = CARTESIAN_POINT ( 'NONE',  ( -2.200000000000000178, -0.6500000000000000222, 1.500000000000000000 ) ) ;
#227 = ORIENTED_EDGE ( 'NONE', *, *, #1047, .F. ) ;
#228 = EDGE_CURVE ( 'NONE', #2307, #3118, #1742, .T. ) ;
#229 = CARTESIAN_POINT ( 'NONE',  ( -1.550000000006400036, -0.3800000000000000044, 2.399999999999999911 ) ) ;
#230 = CARTESIAN_POINT ( 'NONE',  ( 1.050000000000000044, 0.4000000000000000222, 2.100000000000000089 ) ) ;
#231 = CARTESIAN_POINT ( 'NONE',  ( -1.399999999999999911, -0.2999999999999999889, 2.299999999999999822 ) ) ;
#232 = LINE ( 'NONE', #2615, #3048 ) ;
#233 = PLANE ( 'NONE',  #2274 ) ;
#234 = ORIENTED_EDGE ( 'NONE', *, *, #2962, .T. ) ;
#235 = DIRECTION ( 'NONE',  ( 1.000000000000000000, 0.000000000000000000, 0.000000000000000000 ) ) ;
#236 = CARTESIAN_POINT ( 'NONE',  ( -2.113554018886000030, -0.8336623985643000223, 0.3800000000000000044 ) ) ;
#237 = CARTESIAN_POINT ( 'NONE',  ( 0.8499999999848999455, -1.299999999997756950, 1.600000473594548778 ) ) ;
#238 = EDGE_CURVE ( 'NONE', #1248, #2341, #7359, .T. ) ;
#239 = LINE ( 'NONE', #1936, #6751 ) ;
#240 = VERTEX_POINT ( 'NONE', #2214 ) ;
#241 = FACE_OUTER_BOUND ( 'NONE', #5723, .T. ) ;
#242 = ORIENTED_EDGE ( 'NONE', *, *, #1172, .T. ) ;
#243 = DIRECTION ( 'NONE',  ( 0.000000000000000000, 0.000000000000000000, -1.000000000000000000 ) ) ;
#244 = EDGE_LOOP ( 'NONE', ( #4824, #7640, #7536, #7504 ) ) ;
#245 = ADVANCED_FACE ( 'NONE', ( #1584 ), #7675, .T. ) ;
#246 = EDGE_CURVE ( 'NONE', #166, #790, #6390, .T. ) ;
#247 = VECTOR ( 'NONE', #507, 1000.000000000000000 ) ;
#248 = CARTESIAN_POINT ( 'NONE',  ( 0.2650000000000000133, -0.08500000000000000611, 0.7500000000000000000 ) ) ;
#249 = LINE ( 'NONE', #806, #23 ) ;
#250 = ORIENTED_EDGE ( 'NONE', *, *, #202, .T. ) ;
#251 = FACE_OUTER_BOUND ( 'NONE', #5651, .T. ) ;
#252 = CARTESIAN_POINT ( 'NONE',  ( -0.9509890506545120026, -0.3755476762774789812, 3.403489959093835004 ) ) ;
#253 = EDGE_LOOP ( 'NONE', ( #3496, #6050, #3140, #105 ) ) ;
#254 = ORIENTED_EDGE ( 'NONE', *, *, #3901, .F. ) ;
#255 = CARTESIAN_POINT ( 'NONE',  ( -2.200000000000000178, 0.3750000000000000000, 2.100000000000000089 ) ) ;
#256 = DIRECTION ( 'NONE',  ( 1.000000000000000000, 0.000000000000000000, 0.000000000000000000 ) ) ;
#257 = VERTEX_POINT ( 'NONE', #5182 ) ;
#258 = AXIS2_PLACEMENT_3D ( 'NONE', #6479, #1717, #1594 ) ;
#259 = EDGE_CURVE ( 'NONE', #5462, #1469, #4628, .T. ) ;
#260 = DIRECTION ( 'NONE',  ( 0.000000000000000000, 1.000000000000000000, 0.000000000000000000 ) ) ;
#261 = ORIENTED_EDGE ( 'NONE', *, *, #5151, .F. ) ;
#262 = FACE_OUTER_BOUND ( 'NONE', #4337, .T. ) ;
#263 =( GEOMETRIC_REPRESENTATION_CONTEXT ( 3 ) GLOBAL_UNCERTAINTY_ASSIGNED_CONTEXT ( ( #4841 ) ) GLOBAL_UNIT_ASSIGNED_CONTEXT ( ( #6855, #4911, #4327 ) ) REPRESENTATION_CONTEXT ( 'NONE', 'WORKASPACE' ) );
#264 = VERTEX_POINT ( 'NONE', #7092 ) ;
#265 = CARTESIAN_POINT ( 'NONE',  ( -2.095000000000000195, 0.000000000000000000, 2.200000000000000178 ) ) ;
#266 = CARTESIAN_POINT ( 'NONE',  ( -0.6457981905897307584, -0.3840382268818179901, 0.2512106842210261592 ) ) ;
#267 = EDGE_CURVE ( 'NONE', #4107, #6472, #2128, .T. ) ;
#268 = AXIS2_PLACEMENT_3D ( 'NONE', #2391, #5947, #3054 ) ;
#269 = VECTOR ( 'NONE', #2694, 1000.000000000000000 ) ;
#270 = CARTESIAN_POINT ( 'NONE',  ( -0.8500000000151000101, -0.9000000000000000222, 1.699999999999999956 ) ) ;
#271 = LINE ( 'NONE', #2036, #672 ) ;
#272 = CYLINDRICAL_SURFACE ( 'NONE', #4022, 0.1300000000000000044 ) ;
#273 = ORIENTED_EDGE ( 'NONE', *, *, #1389, .F. ) ;
#274 = VECTOR ( 'NONE', #622, 1000.000000000000000 ) ;
#275 = VECTOR ( 'NONE', #2196, 1000.000000000000000 ) ;
#276 = FACE_OUTER_BOUND ( 'NONE', #3896, .T. ) ;
#277 = LINE ( 'NONE', #6246, #332 ) ;
#278 = DIRECTION ( 'NONE',  ( -1.000000000000000000, -0.000000000000000000, -0.000000000000000000 ) ) ;
#279 = EDGE_CURVE ( 'NONE', #1552, #7048, #5876, .T. ) ;
#280 = VECTOR ( 'NONE', #4237, 1000.000000000000000 ) ;
#281 = ORIENTED_EDGE ( 'NONE', *, *, #4650, .F. ) ;
#282 = LINE ( 'NONE', #6253, #4039 ) ;
#283 = DIRECTION ( 'NONE',  ( 1.000000000000000000, 0.000000000000000000, 0.000000000000000000 ) ) ;
#284 = LINE ( 'NONE', #5521, #1768 ) ;
#285 = VERTEX_POINT ( 'NONE', #5216 ) ;
#286 = CARTESIAN_POINT ( 'NONE',  ( -1.925000000000000044, 0.4749999999999999778, 2.100000000000000089 ) ) ;
#287 = ORIENTED_EDGE ( 'NONE', *, *, #1741, .F. ) ;
#288 = CARTESIAN_POINT ( 'NONE',  ( -1.899999999999999911, -0.09682458365518589738, 2.100000000000000089 ) ) ;
#289 = AXIS2_PLACEMENT_3D ( 'NONE', #6279, #6787, #778 ) ;
#290 = DIRECTION ( 'NONE',  ( 1.000000000000000000, 0.000000000000000000, 0.000000000000000000 ) ) ;
#291 = VERTEX_POINT ( 'NONE', #6940 ) ;
#292 = CIRCLE ( 'NONE', #3922, 0.1000000000000000472 ) ;
#293 = CARTESIAN_POINT ( 'NONE',  ( 0.6499999999999810374, 0.000000000000000000, 0.2500000000000000000 ) ) ;
#294 = CARTESIAN_POINT ( 'NONE',  ( 0.9499999999999999556, 0.5000000000000000000, 2.495600000000000041 ) ) ;
#295 = VERTEX_POINT ( 'NONE', #2176 ) ;
#296 = CARTESIAN_POINT ( 'NONE',  ( -1.908333333333315007, -0.1105541596784932051, 2.100000000000000089 ) ) ;
#297 = CARTESIAN_POINT ( 'NONE',  ( 2.108213409826408924, -0.3257758890873969082, 2.299928408781899414 ) ) ;
#298 = EDGE_LOOP ( 'NONE', ( #261, #522, #2381 ) ) ;
#299 = EDGE_CURVE ( 'NONE', #4408, #1357, #3545, .T. ) ;
#300 = ORIENTED_EDGE ( 'NONE', *, *, #1484, .F. ) ;
#301 = CARTESIAN_POINT ( 'NONE',  ( -0.6838871170368998609, 0.9009336148352999896, 0.3755056305466999977 ) ) ;
#302 = ADVANCED_FACE ( 'NONE', ( #569 ), #5801, .T. ) ;
#303 = VECTOR ( 'NONE', #4963, 1000.000000000000000 ) ;
#304 = ORIENTED_EDGE ( 'NONE', *, *, #1402, .T. ) ;
#305 = CARTESIAN_POINT ( 'NONE',  ( -1.474999999999999867, 0.3750000000000000000, 2.299999999999999822 ) ) ;
#306 = EDGE_LOOP ( 'NONE', ( #1663, #1814, #1472, #4334 ) ) ;
#307 = CIRCLE ( 'NONE', #433, 0.1499999999999999667 ) ;
#308 = DIRECTION ( 'NONE',  ( 0.000000000000000000, 0.000000000000000000, -1.000000000000000000 ) ) ;
#309 = ORIENTED_EDGE ( 'NONE', *, *, #3086, .F. ) ;
#310 = PLANE ( 'NONE',  #7555 ) ;
#311 = EDGE_CURVE ( 'NONE', #240, #1837, #1665, .T. ) ;
#312 = DIRECTION ( 'NONE',  ( 0.000000000000000000, 0.000000000000000000, -1.000000000000000000 ) ) ;
#313 = VECTOR ( 'NONE', #5926, 1000.000000000000000 ) ;
#314 = CARTESIAN_POINT ( 'NONE',  ( 1.824999999999999956, -0.1658312395178000165, 2.299999999999999822 ) ) ;
#315 = CARTESIAN_POINT ( 'NONE',  ( 1.800000000000000044, -0.3499999999999999778, 2.100000000000000089 ) ) ;
#316 = ORIENTED_EDGE ( 'NONE', *, *, #6966, .T. ) ;
#317 = FACE_OUTER_BOUND ( 'NONE', #1179, .T. ) ;
#318 = EDGE_CURVE ( 'NONE', #7058, #5488, #1078, .T. ) ;
#319 = VECTOR ( 'NONE', #1095, 1000.000000000000000 ) ;
#320 = CARTESIAN_POINT ( 'NONE',  ( -0.6499999999999909184, 0.9000000000000000222, 0.5000000000000000000 ) ) ;
#321 = DIRECTION ( 'NONE',  ( 0.000000000000000000, 0.000000000000000000, -1.000000000000000000 ) ) ;
#322 = DIRECTION ( 'NONE',  ( 1.000000000000000000, 0.000000000000000000, 0.000000000000000000 ) ) ;
#323 = AXIS2_PLACEMENT_3D ( 'NONE', #3231, #4441, #6824 ) ;
#324 = ORIENTED_EDGE ( 'NONE', *, *, #4365, .T. ) ;
#325 = LINE ( 'NONE', #3372, #7651 ) ;
#326 = LINE ( 'NONE', #7470, #1154 ) ;
#327 = EDGE_LOOP ( 'NONE', ( #6462, #4115, #2345, #6778 ) ) ;
#328 = EDGE_CURVE ( 'NONE', #5796, #264, #7559, .T. ) ;
#329 = DIRECTION ( 'NONE',  ( -1.000000000000000000, 0.000000000000000000, 0.000000000000000000 ) ) ;
#330 = VERTEX_POINT ( 'NONE', #6470 ) ;
#331 = CARTESIAN_POINT ( 'NONE',  ( -1.800000000000000044, -0.2500000000000000000, 2.658830721404000563 ) ) ;
#332 = VECTOR ( 'NONE', #5517, 1000.000000000000000 ) ;
#333 = DIRECTION ( 'NONE',  ( 0.000000000000000000, -1.000000000000000000, 0.000000000000000000 ) ) ;
#334 = VERTEX_POINT ( 'NONE', #7595 ) ;
#335 = CARTESIAN_POINT ( 'NONE',  ( 0.6506928536190199619, -1.299999999960505859, 1.383333099070784167 ) ) ;
#336 = DIRECTION ( 'NONE',  ( 0.000000000000000000, -1.000000000000000000, 0.000000000000000000 ) ) ;
#337 = ORIENTED_EDGE ( 'NONE', *, *, #2308, .T. ) ;
#338 = LINE ( 'NONE', #6223, #1185 ) ;
#339 = CARTESIAN_POINT ( 'NONE',  ( 2.112253379640000261, -0.4961754054897820065, 0.3735081097965269881 ) ) ;
#340 = VERTEX_POINT ( 'NONE', #2247 ) ;
#341 = ORIENTED_EDGE ( 'NONE', *, *, #2606, .F. ) ;
#342 = CARTESIAN_POINT ( 'NONE',  ( -1.550000000000000044, 0.2999999999999999889, 2.399999999999999911 ) ) ;
#343 = APPLICATION_PROTOCOL_DEFINITION ( 'draft international standard', 'automotive_design', 1998, #7612 ) ;
#344 = EDGE_CURVE ( 'NONE', #825, #2038, #7056, .T. ) ;
#345 = CARTESIAN_POINT ( 'NONE',  ( 0.9499999999999999556, -0.4000000000000000222, 2.100000000000000089 ) ) ;
#346 = ORIENTED_EDGE ( 'NONE', *, *, #5431, .T. ) ;
#347 = LINE ( 'NONE', #973, #178 ) ;
#348 = FACE_OUTER_BOUND ( 'NONE', #5574, .T. ) ;
#349 = CARTESIAN_POINT ( 'NONE',  ( -1.275000000000000133, -0.3499999999999999778, 0.000000000000000000 ) ) ;
#350 = ADVANCED_FACE ( 'NONE', ( #7110 ), #4691, .F. ) ;
#351 = EDGE_CURVE ( 'NONE', #4484, #1579, #6620, .T. ) ;
#352 = DIRECTION ( 'NONE',  ( 1.000000000000000000, 0.000000000000000000, 0.000000000000000000 ) ) ;
#353 = DIRECTION ( 'NONE',  ( 0.000000000000000000, 0.000000000000000000, -1.000000000000000000 ) ) ;
#354 = DIRECTION ( 'NONE',  ( 0.000000000000000000, 1.000000000000000000, 0.000000000000000000 ) ) ;
#355 = ORIENTED_EDGE ( 'NONE', *, *, #827, .F. ) ;
#356 = FACE_OUTER_BOUND ( 'NONE', #7611, .T. ) ;
#357 = FACE_OUTER_BOUND ( 'NONE', #7075, .T. ) ;
#358 = CARTESIAN_POINT ( 'NONE',  ( -2.299999999999999822, -0.9449999999999999512, 1.800000000000000044 ) ) ;
#359 = FACE_OUTER_BOUND ( 'NONE', #6912, .T. ) ;
#360 = EDGE_CURVE ( 'NONE', #3956, #4479, #2621, .T. ) ;
#361 = ORIENTED_EDGE ( 'NONE', *, *, #1980, .F. ) ;
#362 = CARTESIAN_POINT ( 'NONE',  ( 1.525000000000000133, -0.8000000000000000444, 0.5000000000000000000 ) ) ;
#363 = CARTESIAN_POINT ( 'NONE',  ( -1.800000000000000044, 0.2500000000000000000, 2.299999999999999822 ) ) ;
#364 = ORIENTED_EDGE ( 'NONE', *, *, #6883, .F. ) ;
#365 = CARTESIAN_POINT ( 'NONE',  ( 0.000000000000000000, 0.5000000000000000000, 2.200000000000000178 ) ) ;
#366 = ORIENTED_EDGE ( 'NONE', *, *, #2388, .T. ) ;
#367 = CARTESIAN_POINT ( 'NONE',  ( 1.550000000000000044, -0.4500000000000000111, 2.330000000000000071 ) ) ;
#368 = CARTESIAN_POINT ( 'NONE',  ( 1.930000000000000160, 0.2999999999989074739, 2.330000000000000071 ) ) ;
#369 = VERTEX_POINT ( 'NONE', #2387 ) ;
#370 = EDGE_CURVE ( 'NONE', #6157, #498, #6565, .T. ) ;
#371 = LINE ( 'NONE', #5564, #4992 ) ;
#372 = DIRECTION ( 'NONE',  ( 1.000000000000000000, -1.599926653983620035E-10, -9.293161481792480765E-15 ) ) ;
#373 = ORIENTED_EDGE ( 'NONE', *, *, #5733, .T. ) ;
#374 = DIRECTION ( 'NONE',  ( 0.000000000000000000, 1.000000000000000000, 0.000000000000000000 ) ) ;
#375 = CARTESIAN_POINT ( 'NONE',  ( 1.850000000000000089, 0.4500000000000000111, 2.330000000000000071 ) ) ;
#376 = ORIENTED_EDGE ( 'NONE', *, *, #328, .F. ) ;
#377 = ORIENTED_EDGE ( 'NONE', *, *, #4932, .T. ) ;
#378 = LINE ( 'NONE', #849, #7685 ) ;
#379 =( BOUNDED_CURVE ( )  B_SPLINE_CURVE ( 3, ( #3892, #7361, #5489, #2015 ),
 .UNSPECIFIED., .F., .T. ) 
 B_SPLINE_CURVE_WITH_KNOTS ( ( 4, 4 ),
 ( 4.712388980384689674, 6.233226911461740016 ),
 .UNSPECIFIED. ) 
 CURVE ( )  GEOMETRIC_REPRESENTATION_ITEM ( )  RATIONAL_B_SPLINE_CURVE ( ( 1.000000000000000000, 0.8163648751927300440, 0.8163648751927300440, 1.000000000000000000 ) ) 
 REPRESENTATION_ITEM ( '' )  );
#380 = CYLINDRICAL_SURFACE ( 'NONE', #5875, 0.1499999999999999667 ) ;
#381 = VERTEX_POINT ( 'NONE', #1098 ) ;
#382 = CARTESIAN_POINT ( 'NONE',  ( -1.500000000000000000, 0.4749999999999999778, 2.100000000000000089 ) ) ;
#383 = EDGE_LOOP ( 'NONE', ( #5078, #5406, #1345, #2789 ) ) ;
#384 = CARTESIAN_POINT ( 'NONE',  ( 1.050000000000000044, -0.4000000000000000222, 2.495600000000000041 ) ) ;
#385 = COLOUR_RGB ( '',0.7921568627450980005, 0.8196078431372548767, 0.9333333333333333481 ) ;
#386 = DIRECTION ( 'NONE',  ( 0.000000000000000000, 0.000000000000000000, 1.000000000000000000 ) ) ;
#387 = EDGE_CURVE ( 'NONE', #1496, #790, #6996, .T. ) ;
#388 = ORIENTED_EDGE ( 'NONE', *, *, #3509, .T. ) ;
#389 = CIRCLE ( 'NONE', #2760, 0.09999999999999982514 ) ;
#390 = VECTOR ( 'NONE', #1623, 1000.000000000000000 ) ;
#391 = PLANE ( 'NONE',  #2625 ) ;
#392 = DIRECTION ( 'NONE',  ( 1.000000000000000000, 0.000000000000000000, 0.000000000000000000 ) ) ;
#393 = DIRECTION ( 'NONE',  ( 1.000000000000000000, 0.000000000000000000, 0.000000000000000000 ) ) ;
#394 = LINE ( 'NONE', #944, #2565 ) ;
#395 = CARTESIAN_POINT ( 'NONE',  ( 1.275000000000000133, -0.3499999999999999778, 0.000000000000000000 ) ) ;
#396 = ADVANCED_FACE ( 'NONE', ( #5855 ), #5872, .T. ) ;
#397 = CARTESIAN_POINT ( 'NONE',  ( -2.250000000000000000, 0.9000000000000000222, 0.5000000000000000000 ) ) ;
#398 = EDGE_CURVE ( 'NONE', #5497, #3826, #624, .T. ) ;
#399 = VECTOR ( 'NONE', #6571, 1000.000000000000000 ) ;
#400 = CARTESIAN_POINT ( 'NONE',  ( 0.6491876473304968309, 0.3752301496344006559, 0.2502208312359036069 ) ) ;
#401 = CIRCLE ( 'NONE', #4769, 0.1000000000000000472 ) ;
#402 = ORIENTED_EDGE ( 'NONE', *, *, #3235, .F. ) ;
#403 = AXIS2_PLACEMENT_3D ( 'NONE', #1291, #6120, #771 ) ;
#404 = FACE_OUTER_BOUND ( 'NONE', #5549, .T. ) ;
#405 = VECTOR ( 'NONE', #965, 1000.000000000000000 ) ;
#406 = DIRECTION ( 'NONE',  ( 0.000000000000000000, 1.000000000000000000, 0.000000000000000000 ) ) ;
#407 = ORIENTED_EDGE ( 'NONE', *, *, #5587, .F. ) ;
#408 = DIRECTION ( 'NONE',  ( 1.000000000000000000, 0.000000000000000000, 0.000000000000000000 ) ) ;
#409 = ORIENTED_EDGE ( 'NONE', *, *, #5967, .T. ) ;
#410 = CARTESIAN_POINT ( 'NONE',  ( 0.6491876473304968309, -0.8247698503655993552, 0.2502208312359036069 ) ) ;
#411 = ADVANCED_FACE ( 'NONE', ( #6853 ), #4809, .F. ) ;
#412 = CARTESIAN_POINT ( 'NONE',  ( -0.8510490193213320342, 0.3755476762961000303, 3.399999999999999911 ) ) ;
#413 = VECTOR ( 'NONE', #1892, 1000.000000000000000 ) ;
#414 = DIRECTION ( 'NONE',  ( 0.000000000000000000, 0.000000000000000000, -1.000000000000000000 ) ) ;
#415 = LINE ( 'NONE', #5407, #4888 ) ;
#416 = VERTEX_POINT ( 'NONE', #3731 ) ;
#417 = PLANE ( 'NONE',  #7537 ) ;
#418 = CARTESIAN_POINT ( 'NONE',  ( -2.100000000000000089, -0.4000000000000000222, 0.000000000000000000 ) ) ;
#419 = ORIENTED_EDGE ( 'NONE', *, *, #2212, .T. ) ;
#420 = ORIENTED_EDGE ( 'NONE', *, *, #1092, .F. ) ;
#421 = LINE ( 'NONE', #2841, #6943 ) ;
#422 = ADVANCED_FACE ( 'NONE', ( #6807 ), #876, .T. ) ;
#423 = VECTOR ( 'NONE', #2357, 1000.000000000000000 ) ;
#424 = CARTESIAN_POINT ( 'NONE',  ( 1.850000000000000089, -0.2999999999999999889, 2.399999999999999911 ) ) ;
#425 = ORIENTED_EDGE ( 'NONE', *, *, #1926, .F. ) ;
#426 = FACE_OUTER_BOUND ( 'NONE', #1011, .T. ) ;
#427 = ORIENTED_EDGE ( 'NONE', *, *, #4416, .F. ) ;
#428 = CARTESIAN_POINT ( 'NONE',  ( -2.100000000000000089, -0.9250000000000000444, 2.100000000000000089 ) ) ;
#429 = EDGE_CURVE ( 'NONE', #7519, #2520, #6768, .T. ) ;
#430 = CIRCLE ( 'NONE', #5538, 0.1000000000000000472 ) ;
#431 = CARTESIAN_POINT ( 'NONE',  ( -0.5605677954435904775, -0.4880654778698059193, 0.3343675104904079709 ) ) ;
#432 = ORIENTED_EDGE ( 'NONE', *, *, #6910, .T. ) ;
#433 = AXIS2_PLACEMENT_3D ( 'NONE', #1909, #617, #4912 ) ;
#434 = CARTESIAN_POINT ( 'NONE',  ( 1.541322326374999774, -0.3800000000000000044, 2.330000000000000071 ) ) ;
#435 = CARTESIAN_POINT ( 'NONE',  ( 0.9499999999999999556, -0.5000000000000000000, 2.100000000000000089 ) ) ;
#436 = CARTESIAN_POINT ( 'NONE',  ( 0.5599999999999999423, 0.9000000000000000222, 0.2500000000000000000 ) ) ;
#437 = DIRECTION ( 'NONE',  ( 1.000000000000000000, 0.000000000000000000, 0.000000000000000000 ) ) ;
#438 = CARTESIAN_POINT ( 'NONE',  ( 1.849999999998510170, 0.3800000000000000044, 2.399999999999999911 ) ) ;
#439 = AXIS2_PLACEMENT_3D ( 'NONE', #2521, #3992, #6291 ) ;
#440 = LINE ( 'NONE', #478, #3282 ) ;
#441 = VERTEX_POINT ( 'NONE', #3214 ) ;
#442 = EDGE_CURVE ( 'NONE', #204, #847, #2622, .T. ) ;
#443 = AXIS2_PLACEMENT_3D ( 'NONE', #1334, #2543, #5578 ) ;
#444 = DIRECTION ( 'NONE',  ( 1.000000000000000000, 0.000000000000000000, 0.000000000000000000 ) ) ;
#445 = FACE_OUTER_BOUND ( 'NONE', #4630, .T. ) ;
#446 = ORIENTED_EDGE ( 'NONE', *, *, #1929, .T. ) ;
#447 = CARTESIAN_POINT ( 'NONE',  ( 1.875000000000000000, -0.8000000000000000444, 0.5000000000000000000 ) ) ;
#448 = ORIENTED_EDGE ( 'NONE', *, *, #2528, .T. ) ;
#449 = CARTESIAN_POINT ( 'NONE',  ( 0.6499999999871857170, -0.8322477909569265808, 0.2499999999999310552 ) ) ;
#450 = LINE ( 'NONE', #2829, #6142 ) ;
#451 = ORIENTED_EDGE ( 'NONE', *, *, #5461, .T. ) ;
#452 = TOROIDAL_SURFACE ( 'NONE', #6062, 0.07999999999999700406, 0.06999999999999999278 ) ;
#453 = EDGE_CURVE ( 'NONE', #1782, #6740, #1459, .T. ) ;
#454 = EDGE_CURVE ( 'NONE', #5101, #7519, #3643, .T. ) ;
#455 = CARTESIAN_POINT ( 'NONE',  ( 0.6836623985643000001, 0.000000000000000000, 0.2500000000000000000 ) ) ;
#456 = CARTESIAN_POINT ( 'NONE',  ( 0.5538245945101579748, -0.1038245945101804041, 0.3735081097972889896 ) ) ;
#457 = ORIENTED_EDGE ( 'NONE', *, *, #4987, .T. ) ;
#458 = VECTOR ( 'NONE', #1151, 1000.000000000000000 ) ;
#459 = DIRECTION ( 'NONE',  ( 0.000000000000000000, 1.000000000000000000, 0.000000000000000000 ) ) ;
#460 = CARTESIAN_POINT ( 'NONE',  ( 0.6500000000000000222, 0.000000000000000000, 0.2500000000000000000 ) ) ;
#461 = ORIENTED_EDGE ( 'NONE', *, *, #3056, .F. ) ;
#462 = ORIENTED_EDGE ( 'NONE', *, *, #202, .F. ) ;
#463 = CARTESIAN_POINT ( 'NONE',  ( -2.200000000000000178, 0.4749999999999999778, 2.100000000000000089 ) ) ;
#464 = B_SPLINE_CURVE_WITH_KNOTS ( 'NONE', 3,
 ( #1074, #6935, #2244, #991, #1580, #3377, #7552, #5212, #7591, #1738, #6425, #5754, #4088, #1660, #2745, #7630, #6465, #410, #6344, #5797, #449, #3461 ),
 .UNSPECIFIED., .F., .F.,
 ( 4, 3, 3, 3, 3, 3, 3, 4 ),
 ( 5.421010862427522170E-20, 3.610820105796613431E-05, 7.184635173968916292E-05, 0.0001248418017079288233, 0.0001793155921833521733, 0.0001996016952607259330, 0.0002135996456861060625, 0.0002177643733424369191 ),
 .UNSPECIFIED. ) ;
#465 = EDGE_CURVE ( 'NONE', #1683, #5888, #6255, .T. ) ;
#466 = DIRECTION ( 'NONE',  ( 0.000000000000000000, 0.000000000000000000, 1.000000000000000000 ) ) ;
#467 = VERTEX_POINT ( 'NONE', #3649 ) ;
#468 = DIRECTION ( 'NONE',  ( 0.000000000000000000, 1.000000000000000000, 0.000000000000000000 ) ) ;
#469 = ORIENTED_EDGE ( 'NONE', *, *, #7086, .T. ) ;
#470 = DIRECTION ( 'NONE',  ( 0.000000000000000000, 1.000000000000000000, 0.000000000000000000 ) ) ;
#471 = DIRECTION ( 'NONE',  ( 0.000000000000000000, 0.000000000000000000, -1.000000000000000000 ) ) ;
#472 = EDGE_LOOP ( 'NONE', ( #4215, #5233, #6257, #4069 ) ) ;
#473 = ADVANCED_FACE ( 'NONE', ( #1407 ), #2507, .F. ) ;
#474 = DIRECTION ( 'NONE',  ( 0.000000000000000000, 0.000000000000000000, -1.000000000000000000 ) ) ;
#475 = CARTESIAN_POINT ( 'NONE',  ( -2.100000000000000089, 0.4000000000000000222, 0.5000000000000000000 ) ) ;
#476 = CARTESIAN_POINT ( 'NONE',  ( 2.000000000000000000, -0.2999999999994759636, 2.299999999999999822 ) ) ;
#477 = CARTESIAN_POINT ( 'NONE',  ( -2.250000000000000000, 0.9000000000000000222, 0.2500000000000000000 ) ) ;
#478 = CARTESIAN_POINT ( 'NONE',  ( 1.600000000000000089, 0.3499999999999999778, 2.658830721404000563 ) ) ;
#479 = CARTESIAN_POINT ( 'NONE',  ( -0.2425215054681934268, 0.7074784945318077778, 0.3004301093587465332 ) ) ;
#480 = CARTESIAN_POINT ( 'NONE',  ( 2.112253379640000261, -0.3663376014356999888, 0.3800000000000000044 ) ) ;
#481 = ORIENTED_EDGE ( 'NONE', *, *, #5437, .F. ) ;
#482 = DIRECTION ( 'NONE',  ( 1.000000000000000000, 0.000000000000000000, 0.000000000000000000 ) ) ;
#483 = ORIENTED_EDGE ( 'NONE', *, *, #3442, .F. ) ;
#484 = DIRECTION ( 'NONE',  ( 0.000000000000000000, 0.000000000000000000, 1.000000000000000000 ) ) ;
#485 = FACE_OUTER_BOUND ( 'NONE', #253, .T. ) ;
#486 = ADVANCED_FACE ( 'NONE', ( #1369 ), #673, .T. ) ;
#487 = DIRECTION ( 'NONE',  ( 0.000000000000000000, 1.000000000000000000, 0.000000000000000000 ) ) ;
#488 = DIRECTION ( 'NONE',  ( 0.000000000000000000, 0.000000000000000000, -1.000000000000000000 ) ) ;
#489 = ORIENTED_EDGE ( 'NONE', *, *, #1894, .F. ) ;
#490 = CARTESIAN_POINT ( 'NONE',  ( 0.5538245945101799572, -0.7230253140711999649, 0.3735081097972909880 ) ) ;
#491 = DIRECTION ( 'NONE',  ( -1.000000000000000000, 0.000000000000000000, 0.000000000000000000 ) ) ;
#492 = VERTEX_POINT ( 'NONE', #4307 ) ;
#493 = ORIENTED_EDGE ( 'NONE', *, *, #3012, .T. ) ;
#494 = FACE_OUTER_BOUND ( 'NONE', #2899, .T. ) ;
#495 = ADVANCED_FACE ( 'NONE', ( #4574 ), #3913, .T. ) ;
#496 = ADVANCED_FACE ( 'NONE', ( #6239 ), #5735, .T. ) ;
#497 = CARTESIAN_POINT ( 'NONE',  ( 0.7500000000000000000, 0.08500000000000000611, 0.7500000000000000000 ) ) ;
#498 = VERTEX_POINT ( 'NONE', #5657 ) ;
#499 = CARTESIAN_POINT ( 'NONE',  ( 1.600000000000000089, 0.2500000000000000000, 2.658830721404000563 ) ) ;
#500 = ORIENTED_EDGE ( 'NONE', *, *, #6123, .T. ) ;
#501 = VERTEX_POINT ( 'NONE', #6796 ) ;
#502 = DIRECTION ( 'NONE',  ( 0.000000000000000000, 1.000000000000000000, 0.000000000000000000 ) ) ;
#503 = CARTESIAN_POINT ( 'NONE',  ( 1.875000000000000000, -0.9499999999999999556, 0.1749999999999999889 ) ) ;
#504 = EDGE_CURVE ( 'NONE', #3331, #3424, #6960, .T. ) ;
#505 = ORIENTED_EDGE ( 'NONE', *, *, #4380, .T. ) ;
#506 = CARTESIAN_POINT ( 'NONE',  ( -0.6142125391548127755, -0.7714318935557596957, 0.2648719078912577518 ) ) ;
#507 = DIRECTION ( 'NONE',  ( 0.000000000000000000, -1.000000000000000000, 0.000000000000000000 ) ) ;
#508 = CARTESIAN_POINT ( 'NONE',  ( 0.9509890508784238916, -0.3755478534439265492, 3.403489952681715280 ) ) ;
#509 = VECTOR ( 'NONE', #487, 1000.000000000000000 ) ;
#510 = PLANE ( 'NONE',  #6428 ) ;
#511 = DIRECTION ( 'NONE',  ( -1.000000000000000000, 0.000000000000000000, 0.000000000000000000 ) ) ;
#512 = DIRECTION ( 'NONE',  ( 0.000000000000000000, 1.000000000000000000, 0.000000000000000000 ) ) ;
#513 = EDGE_CURVE ( 'NONE', #7384, #7573, #7250, .T. ) ;
#514 = CIRCLE ( 'NONE', #2140, 0.09999999999999982514 ) ;
#515 = ORIENTED_EDGE ( 'NONE', *, *, #5756, .F. ) ;
#516 = DIRECTION ( 'NONE',  ( 0.000000000000000000, 0.000000000000000000, 1.000000000000000000 ) ) ;
#517 = CARTESIAN_POINT ( 'NONE',  ( -1.049307146380979994, -1.299999999960507857, 1.383333099070761962 ) ) ;
#518 = ORIENTED_EDGE ( 'NONE', *, *, #318, .T. ) ;
#519 = VECTOR ( 'NONE', #2362, 1000.000000000000227 ) ;
#520 = AXIS2_PLACEMENT_3D ( 'NONE', #2055, #3818, #2530 ) ;
#521 = CYLINDRICAL_SURFACE ( 'NONE', #4146, 0.1300000000000000044 ) ;
#522 = ORIENTED_EDGE ( 'NONE', *, *, #5351, .F. ) ;
#523 = LINE ( 'NONE', #4118, #3590 ) ;
#524 = LINE ( 'NONE', #7514, #4777 ) ;
#525 = VECTOR ( 'NONE', #3680, 1000.000000000000000 ) ;
#526 = AXIS2_PLACEMENT_3D ( 'NONE', #2926, #542, #5310 ) ;
#527 = PLANE ( 'NONE',  #4765 ) ;
#528 = EDGE_LOOP ( 'NONE', ( #2220, #4644, #6343, #1214, #4040, #5123 ) ) ;
#529 = DIRECTION ( 'NONE',  ( 0.000000000000000000, -1.000000000000000000, 0.000000000000000000 ) ) ;
#530 = FACE_OUTER_BOUND ( 'NONE', #3653, .T. ) ;
#531 = VERTEX_POINT ( 'NONE', #1447 ) ;
#532 = ORIENTED_EDGE ( 'NONE', *, *, #7299, .T. ) ;
#533 = DIRECTION ( 'NONE',  ( -1.000000000000000000, 0.000000000000000000, 0.000000000000000000 ) ) ;
#534 = VECTOR ( 'NONE', #3796, 1000.000000000000000 ) ;
#535 = AXIS2_PLACEMENT_3D ( 'NONE', #5567, #221, #2600 ) ;
#536 = VECTOR ( 'NONE', #1152, 1000.000000000000000 ) ;
#537 = EDGE_CURVE ( 'NONE', #109, #6503, #3404, .T. ) ;
#538 = CARTESIAN_POINT ( 'NONE',  ( 2.000000000000000000, 0.2999999999999999889, 2.299999999999999822 ) ) ;
#539 = VERTEX_POINT ( 'NONE', #6365 ) ;
#540 = EDGE_CURVE ( 'NONE', #4058, #257, #3239, .T. ) ;
#541 = FACE_OUTER_BOUND ( 'NONE', #5601, .T. ) ;
#542 = DIRECTION ( 'NONE',  ( 0.000000000000000000, 1.000000000000000000, 0.000000000000000000 ) ) ;
#543 = EDGE_LOOP ( 'NONE', ( #1234, #7176, #1007, #6408 ) ) ;
#544 = VERTEX_POINT ( 'NONE', #270 ) ;
#545 = LINE ( 'NONE', #5349, #6938 ) ;
#546 = CARTESIAN_POINT ( 'NONE',  ( -2.095000000000000195, 0.000000000000000000, 2.299999999999999822 ) ) ;
#547 = VECTOR ( 'NONE', #3749, 1000.000000000000000 ) ;
#548 = VERTEX_POINT ( 'NONE', #940 ) ;
#549 = CARTESIAN_POINT ( 'NONE',  ( -0.5748020454931664913, -0.7276259650513098309, 0.3047917905555170281 ) ) ;
#550 = EDGE_CURVE ( 'NONE', #1473, #5326, #755, .T. ) ;
#551 = LINE ( 'NONE', #7251, #3641 ) ;
#552 = ADVANCED_FACE ( 'NONE', ( #6833 ), #391, .T. ) ;
#553 = VECTOR ( 'NONE', #941, 1000.000000000000000 ) ;
#554 = CARTESIAN_POINT ( 'NONE',  ( 0.7500000000000000000, -0.5150000000000000133, 0.7500000000000000000 ) ) ;
#555 = PLANE ( 'NONE',  #1694 ) ;
#556 = CARTESIAN_POINT ( 'NONE',  ( -1.375000000000000000, 0.4000000000000000222, 0.000000000000000000 ) ) ;
#557 = ORIENTED_EDGE ( 'NONE', *, *, #1417, .T. ) ;
#558 = ADVANCED_FACE ( 'NONE', ( #5155 ), #3886, .T. ) ;
#559 = CARTESIAN_POINT ( 'NONE',  ( -1.474999999999999867, -0.3750000000000000000, 2.299999999999999822 ) ) ;
#560 = CARTESIAN_POINT ( 'NONE',  ( 0.2650000000000000133, -0.5150000000000000133, 0.7500000000000000000 ) ) ;
#561 = VERTEX_POINT ( 'NONE', #2129 ) ;
#562 = AXIS2_PLACEMENT_3D ( 'NONE', #2135, #4517, #5640 ) ;
#563 = DIRECTION ( 'NONE',  ( 0.000000000000000000, 0.000000000000000000, -1.000000000000000000 ) ) ;
#564 = EDGE_LOOP ( 'NONE', ( #1340, #7289, #1825, #2617 ) ) ;
#565 = DIRECTION ( 'NONE',  ( 1.000000000000000000, 0.000000000000000000, 0.000000000000000000 ) ) ;
#566 = LINE ( 'NONE', #5444, #4898 ) ;
#567 = AXIS2_PLACEMENT_3D ( 'NONE', #436, #2816, #5661 ) ;
#568 = EDGE_CURVE ( 'NONE', #4392, #1380, #841, .T. ) ;
#569 = FACE_OUTER_BOUND ( 'NONE', #223, .T. ) ;
#570 = CARTESIAN_POINT ( 'NONE',  ( -0.1163376014357000027, 0.000000000000000000, 0.2500000000000000000 ) ) ;
#571 = ORIENTED_EDGE ( 'NONE', *, *, #1802, .T. ) ;
#572 = CARTESIAN_POINT ( 'NONE',  ( -2.200000000000000178, -0.3499999999999999778, 2.100000000000000089 ) ) ;
#573 = FACE_OUTER_BOUND ( 'NONE', #661, .T. ) ;
#574 = VERTEX_POINT ( 'NONE', #4469 ) ;
#575 = CARTESIAN_POINT ( 'NONE',  ( -0.6490056111029567365, 0.8243264472718991875, 0.2502619736960299823 ) ) ;
#576 = AXIS2_PLACEMENT_3D ( 'NONE', #1481, #3863, #5107 ) ;
#577 = VERTEX_POINT ( 'NONE', #784 ) ;
#578 = VECTOR ( 'NONE', #5675, 1000.000000000000000 ) ;
#579 = CARTESIAN_POINT ( 'NONE',  ( 1.050000000000000044, 0.4000000000000000222, 2.299999999999999822 ) ) ;
#580 = ORIENTED_EDGE ( 'NONE', *, *, #4354, .T. ) ;
#581 = CARTESIAN_POINT ( 'NONE',  ( -2.044999999999999929, -0.9050000000000000266, 2.100000000000000089 ) ) ;
#582 = CARTESIAN_POINT ( 'NONE',  ( 0.7500000000000000000, 0.4899999999999999911, 0.2500000000000000000 ) ) ;
#583 = ORIENTED_EDGE ( 'NONE', *, *, #4833, .F. ) ;
#584 = VERTEX_POINT ( 'NONE', #1037 ) ;
#585 = DIRECTION ( 'NONE',  ( -1.000000000000000000, 0.000000000000000000, 0.000000000000000000 ) ) ;
#586 = DIRECTION ( 'NONE',  ( -0.04987546680538138683, -0.04987546680544138744, 0.9975093361076299292 ) ) ;
#587 = VECTOR ( 'NONE', #3582, 1000.000000000000000 ) ;
#588 = ORIENTED_EDGE ( 'NONE', *, *, #717, .T. ) ;
#589 = EDGE_CURVE ( 'NONE', #2757, #7558, #2338, .T. ) ;
#590 = CARTESIAN_POINT ( 'NONE',  ( 1.550000000000000044, -0.2999999999999999889, 2.330000000000000071 ) ) ;
#591 = DIRECTION ( 'NONE',  ( -1.850848880286015301E-14, 1.626303258728280001E-14, -1.000000000000000000 ) ) ;
#592 =( BOUNDED_CURVE ( )  B_SPLINE_CURVE ( 3, ( #6543, #7202, #1194, #3618 ),
 .UNSPECIFIED., .F., .T. ) 
 B_SPLINE_CURVE_WITH_KNOTS ( ( 4, 4 ),
 ( 0.04995839572196039691, 1.570796326794895004 ),
 .UNSPECIFIED. ) 
 CURVE ( )  GEOMETRIC_REPRESENTATION_ITEM ( )  RATIONAL_B_SPLINE_CURVE ( ( 1.000000000000000000, 0.8163648751936759540, 0.8163648751936759540, 1.000000000000000000 ) ) 
 REPRESENTATION_ITEM ( '' )  );
#593 = CARTESIAN_POINT ( 'NONE',  ( 0.6474304142646618576, 0.8199786129451602790, 0.2507221828342951486 ) ) ;
#594 = LINE ( 'NONE', #2974, #4384 ) ;
#595 = EDGE_CURVE ( 'NONE', #3358, #5221, #5726, .T. ) ;
#596 = EDGE_CURVE ( 'NONE', #5961, #2992, #3595, .T. ) ;
#597 = DIRECTION ( 'NONE',  ( 0.000000000000000000, 1.000000000000000000, 0.000000000000000000 ) ) ;
#598 = CARTESIAN_POINT ( 'NONE',  ( -0.2461754054898470101, 0.7038245945101310186, 0.3735081097978264486 ) ) ;
#599 = ORIENTED_EDGE ( 'NONE', *, *, #3168, .F. ) ;
#600 = FACE_OUTER_BOUND ( 'NONE', #6710, .T. ) ;
#601 = VERTEX_POINT ( 'NONE', #538 ) ;
#602 = LINE ( 'NONE', #131, #707 ) ;
#603 = CARTESIAN_POINT ( 'NONE',  ( -1.925000000000000044, -0.4000000000000000222, 0.5000000000000000000 ) ) ;
#604 = EDGE_CURVE ( 'NONE', #908, #1627, #6320, .T. ) ;
#605 = ORIENTED_EDGE ( 'NONE', *, *, #1024, .F. ) ;
#606 = ORIENTED_EDGE ( 'NONE', *, *, #5049, .T. ) ;
#607 = CARTESIAN_POINT ( 'NONE',  ( -1.875000000000000000, -0.8750000000000000000, 0.1749999999999999889 ) ) ;
#608 = ORIENTED_EDGE ( 'NONE', *, *, #7707, .T. ) ;
#609 = DIRECTION ( 'NONE',  ( 0.000000000000000000, 0.000000000000000000, -1.000000000000000000 ) ) ;
#610 = CARTESIAN_POINT ( 'NONE',  ( -1.275000000000000133, -0.9000000000000000222, 0.000000000000000000 ) ) ;
#611 = ORIENTED_EDGE ( 'NONE', *, *, #1402, .F. ) ;
#612 = FACE_OUTER_BOUND ( 'NONE', #3996, .T. ) ;
#613 = EDGE_CURVE ( 'NONE', #4187, #2261, #4099, .T. ) ;
#614 = EDGE_LOOP ( 'NONE', ( #4624, #5878, #2715, #2636 ) ) ;
#615 =( NAMED_UNIT ( * ) PLANE_ANGLE_UNIT ( ) SI_UNIT ( $, .RADIAN. ) );
#616 = ORIENTED_EDGE ( 'NONE', *, *, #121, .T. ) ;
#617 = DIRECTION ( 'NONE',  ( 0.000000000000000000, 0.000000000000000000, -1.000000000000000000 ) ) ;
#618 = CARTESIAN_POINT ( 'NONE',  ( -0.2650000000000000133, 0.9000000000000000222, 0.7500000000000000000 ) ) ;
#619 = VERTEX_POINT ( 'NONE', #5147 ) ;
#620 = ORIENTED_EDGE ( 'NONE', *, *, #7239, .F. ) ;
#621 = CARTESIAN_POINT ( 'NONE',  ( 0.6474304142646619686, -0.3800213870548397321, 0.2507221828342951486 ) ) ;
#622 = DIRECTION ( 'NONE',  ( 0.000000000000000000, 1.000000000000000000, 0.000000000000000000 ) ) ;
#623 = ORIENTED_EDGE ( 'NONE', *, *, #709, .T. ) ;
#624 = B_SPLINE_CURVE_WITH_KNOTS ( 'NONE', 3,
 ( #5353, #3606, #1761, #11, #6409, #2936, #1057, #5234, #506, #7655, #6487, #1726, #549, #7693, #2350, #6220, #5056, #3816, #3223 ),
 .UNSPECIFIED., .F., .F.,
 ( 4, 3, 3, 3, 3, 3, 4 ),
 ( 3.640159346738029324E-18, 1.394167521382473527E-05, 3.719266728732542425E-05, 9.327844884875880318E-05, 0.0001462968542005959954, 0.0001849416358355089357, 0.0002190250876782324563 ),
 .UNSPECIFIED. ) ;
#625 = CARTESIAN_POINT ( 'NONE',  ( 0.6499999999999819256, -0.9000000000000000222, 0.2500000000000000000 ) ) ;
#626 = CARTESIAN_POINT ( 'NONE',  ( 0.6499999999999801492, 0.8336623985643000223, 0.2500000000000000000 ) ) ;
#627 = FACE_OUTER_BOUND ( 'NONE', #2881, .T. ) ;
#628 = CIRCLE ( 'NONE', #3872, 0.2000000000000000944 ) ;
#629 = EDGE_LOOP ( 'NONE', ( #7604, #951, #1135, #5246 ) ) ;
#630 = CARTESIAN_POINT ( 'NONE',  ( 1.275000000000000133, 0.000000000000000000, 0.2500000000000000000 ) ) ;
#631 = EDGE_CURVE ( 'NONE', #3491, #6942, #2186, .T. ) ;
#632 = DIRECTION ( 'NONE',  ( 1.366323084524944057E-11, 1.000000000000000000, 1.161645184776260126E-14 ) ) ;
#633 = ORIENTED_EDGE ( 'NONE', *, *, #1749, .T. ) ;
#634 = EDGE_CURVE ( 'NONE', #98, #5961, #2366, .T. ) ;
#635 = LINE ( 'NONE', #6612, #3390 ) ;
#636 = ORIENTED_EDGE ( 'NONE', *, *, #7095, .F. ) ;
#637 = DIRECTION ( 'NONE',  ( -1.000000000000000000, 0.000000000000000000, 0.000000000000000000 ) ) ;
#638 = CARTESIAN_POINT ( 'NONE',  ( 2.075000000000000178, 0.000000000000000000, 2.100000000000000089 ) ) ;
#639 = AXIS2_PLACEMENT_3D ( 'NONE', #4214, #4292, #6669 ) ;
#640 = TOROIDAL_SURFACE ( 'NONE', #4504, 0.07999999999999750366, 0.06999999999999999278 ) ;
#641 = ORIENTED_EDGE ( 'NONE', *, *, #691, .T. ) ;
#642 = AXIS2_PLACEMENT_3D ( 'NONE', #3348, #372, #2752 ) ;
#643 = ORIENTED_EDGE ( 'NONE', *, *, #1741, .T. ) ;
#644 = CARTESIAN_POINT ( 'NONE',  ( 2.120000000000000107, 0.9000000000000000222, 2.299999999999999822 ) ) ;
#645 = ORIENTED_EDGE ( 'NONE', *, *, #2905, .T. ) ;
#646 = ADVANCED_FACE ( 'NONE', ( #4601 ), #380, .T. ) ;
#647 = PLANE ( 'NONE',  #812 ) ;
#648 = VERTEX_POINT ( 'NONE', #6356 ) ;
#649 = LINE ( 'NONE', #6590, #6804 ) ;
#650 = CIRCLE ( 'NONE', #1279, 0.1000000000000000472 ) ;
#651 = AXIS2_PLACEMENT_3D ( 'NONE', #3241, #7104, #6523 ) ;
#652 = VERTEX_POINT ( 'NONE', #5264 ) ;
#653 = CARTESIAN_POINT ( 'NONE',  ( -1.899999999999999911, -0.2500000000000000000, 2.299999999999999822 ) ) ;
#654 = ORIENTED_EDGE ( 'NONE', *, *, #1263, .T. ) ;
#655 = ADVANCED_FACE ( 'NONE', ( #6911 ), #2762, .T. ) ;
#656 = AXIS2_PLACEMENT_3D ( 'NONE', #2306, #4688, #5314 ) ;
#657 = LINE ( 'NONE', #3041, #2935 ) ;
#658 = VECTOR ( 'NONE', #5301, 1000.000000000000000 ) ;
#659 = FACE_OUTER_BOUND ( 'NONE', #1155, .T. ) ;
#660 = VERTEX_POINT ( 'NONE', #3436 ) ;
#661 = EDGE_LOOP ( 'NONE', ( #7652, #505, #1491, #2452, #583 ) ) ;
#662 = CARTESIAN_POINT ( 'NONE',  ( -2.121945412344625304, -0.3441646084317244170, 2.298903771717882627 ) ) ;
#663 = DIRECTION ( 'NONE',  ( 0.000000000000000000, -0.9987523388778447586, 0.04993761694389219075 ) ) ;
#664 = CARTESIAN_POINT ( 'NONE',  ( 1.925000000000000044, -0.3750000000000000000, 2.200000000000000178 ) ) ;
#665 = ORIENTED_EDGE ( 'NONE', *, *, #5358, .F. ) ;
#666 = VECTOR ( 'NONE', #2365, 1000.000000000000000 ) ;
#667 = EDGE_CURVE ( 'NONE', #6215, #7483, #3511, .T. ) ;
#668 = LINE ( 'NONE', #4261, #1805 ) ;
#669 = CARTESIAN_POINT ( 'NONE',  ( 0.6500000000000000222, -0.3499999999999999778, 0.2500000000000000000 ) ) ;
#670 = VECTOR ( 'NONE', #6336, 1000.000000000000000 ) ;
#671 = DIRECTION ( 'NONE',  ( 0.000000000000000000, 0.000000000000000000, -1.000000000000000000 ) ) ;
#672 = VECTOR ( 'NONE', #5076, 1000.000000000000000 ) ;
#673 = CYLINDRICAL_SURFACE ( 'NONE', #1142, 0.2999999999999999334 ) ;
#674 = DIRECTION ( 'NONE',  ( 0.000000000000000000, 0.000000000000000000, 1.000000000000000000 ) ) ;
#675 = DIRECTION ( 'NONE',  ( -0.03489418781260641284, 0.01744177813808910418, -0.9992388003036514199 ) ) ;
#676 = ORIENTED_EDGE ( 'NONE', *, *, #3605, .F. ) ;
#677 = CARTESIAN_POINT ( 'NONE',  ( 1.875000000000000000, -0.8750000000000000000, 0.1749999999999999889 ) ) ;
#678 = LINE ( 'NONE', #1857, #5198 ) ;
#679 = AXIS2_PLACEMENT_3D ( 'NONE', #2502, #7227, #6718 ) ;
#680 = CYLINDRICAL_SURFACE ( 'NONE', #6269, 0.1300000000000000044 ) ;
#681 = EDGE_CURVE ( 'NONE', #6065, #1252, #7066, .T. ) ;
#682 = CIRCLE ( 'NONE', #7166, 0.09999999999999982514 ) ;
#683 = DIRECTION ( 'NONE',  ( -1.000000000000000000, 0.000000000000000000, 0.000000000000000000 ) ) ;
#684 = VERTEX_POINT ( 'NONE', #4525 ) ;
#685 = CARTESIAN_POINT ( 'NONE',  ( -2.250000000000000000, 0.9000000000000000222, 0.000000000000000000 ) ) ;
#686 = DIRECTION ( 'NONE',  ( 0.000000000000000000, 0.000000000000000000, 1.000000000000000000 ) ) ;
#687 = ORIENTED_EDGE ( 'NONE', *, *, #4006, .F. ) ;
#688 = CARTESIAN_POINT ( 'NONE',  ( -2.120000000000000107, 0.9000000000000000222, 1.932869999999999866 ) ) ;
#689 = VECTOR ( 'NONE', #174, 1000.000000000000000 ) ;
#690 = ADVANCED_FACE ( 'NONE', ( #7027 ), #1123, .F. ) ;
#691 = EDGE_CURVE ( 'NONE', #3516, #4844, #1556, .T. ) ;
#692 = LINE ( 'NONE', #5455, #6984 ) ;
#693 = ORIENTED_EDGE ( 'NONE', *, *, #6323, .F. ) ;
#694 = CIRCLE ( 'NONE', #7426, 0.1000000000000000472 ) ;
#695 = FACE_OUTER_BOUND ( 'NONE', #4786, .T. ) ;
#696 = DIRECTION ( 'NONE',  ( -1.000000000000000000, 0.000000000000000000, 0.000000000000000000 ) ) ;
#697 = VERTEX_POINT ( 'NONE', #970 ) ;
#698 = VERTEX_POINT ( 'NONE', #5772 ) ;
#699 = DIRECTION ( 'NONE',  ( 0.000000000000000000, 0.000000000000000000, -1.000000000000000000 ) ) ;
#700 = CARTESIAN_POINT ( 'NONE',  ( 0.6500000000000000222, -0.3499999999999999778, 0.000000000000000000 ) ) ;
#701 = CARTESIAN_POINT ( 'NONE',  ( -2.100000000000000089, -0.4000000000000000222, 0.2500000000000000000 ) ) ;
#702 = ORIENTED_EDGE ( 'NONE', *, *, #1615, .T. ) ;
#703 = EDGE_CURVE ( 'NONE', #4043, #5765, #7620, .T. ) ;
#704 = VECTOR ( 'NONE', #7398, 1000.000000000000000 ) ;
#705 = CARTESIAN_POINT ( 'NONE',  ( -2.250000000000000000, 0.9000000000000000222, 0.5000000000000000000 ) ) ;
#706 = CARTESIAN_POINT ( 'NONE',  ( 1.925000000000000044, -0.1658312395178000165, 2.299999999999999822 ) ) ;
#707 = VECTOR ( 'NONE', #2512, 1000.000000000000000 ) ;
#708 = CARTESIAN_POINT ( 'NONE',  ( -1.375000000000000000, 0.5000000000000000000, 0.5000000000000000000 ) ) ;
#709 = EDGE_CURVE ( 'NONE', #1755, #2307, #1632, .T. ) ;
#710 = FACE_OUTER_BOUND ( 'NONE', #327, .T. ) ;
#711 = DIRECTION ( 'NONE',  ( 0.000000000000000000, 0.000000000000000000, 1.000000000000000000 ) ) ;
#712 = ORIENTED_EDGE ( 'NONE', *, *, #6794, .T. ) ;
#713 = CARTESIAN_POINT ( 'NONE',  ( 1.824999999999999956, 0.1658312395178000165, 2.100000000000000089 ) ) ;
#714 = ORIENTED_EDGE ( 'NONE', *, *, #4806, .F. ) ;
#715 = PLANE ( 'NONE',  #5066 ) ;
#716 = DIRECTION ( 'NONE',  ( -1.000000000000000000, -8.881784197001246407E-16, 0.000000000000000000 ) ) ;
#717 = EDGE_CURVE ( 'NONE', #4033, #369, #1166, .T. ) ;
#718 = CARTESIAN_POINT ( 'NONE',  ( -0.9499999999999999556, -0.4000000000000000222, 2.299999999999999822 ) ) ;
#719 = EDGE_LOOP ( 'NONE', ( #4282, #7667, #3172, #6737 ) ) ;
#720 = FACE_OUTER_BOUND ( 'NONE', #4951, .T. ) ;
#721 = CARTESIAN_POINT ( 'NONE',  ( 2.120000000000000107, 0.8000000000000000444, 2.100000000000000089 ) ) ;
#722 = ORIENTED_EDGE ( 'NONE', *, *, #6056, .T. ) ;
#723 = CARTESIAN_POINT ( 'NONE',  ( -0.6364217540603455125, 0.7998260332238330550, 0.2544806772622358881 ) ) ;
#724 = ORIENTED_EDGE ( 'NONE', *, *, #8, .T. ) ;
#725 = LINE ( 'NONE', #4910, #3124 ) ;
#726 = PLANE ( 'NONE',  #2131 ) ;
#727 = DIRECTION ( 'NONE',  ( -1.000000000000000000, 0.000000000000000000, 0.000000000000000000 ) ) ;
#728 = FACE_OUTER_BOUND ( 'NONE', #1849, .T. ) ;
#729 = ORIENTED_EDGE ( 'NONE', *, *, #4287, .T. ) ;
#730 = EDGE_CURVE ( 'NONE', #6314, #5378, #6986, .T. ) ;
#731 = EDGE_LOOP ( 'NONE', ( #5485, #2946, #3982, #532 ) ) ;
#732 = FACE_OUTER_BOUND ( 'NONE', #927, .T. ) ;
#733 = EDGE_CURVE ( 'NONE', #4552, #2731, #111, .T. ) ;
#734 = LINE ( 'NONE', #1329, #2770 ) ;
#735 = CARTESIAN_POINT ( 'NONE',  ( -2.000000000000000000, 0.2999999999620009405, 2.330000000000000071 ) ) ;
#736 = ORIENTED_EDGE ( 'NONE', *, *, #3356, .T. ) ;
#737 = VERTEX_POINT ( 'NONE', #4720 ) ;
#738 = CARTESIAN_POINT ( 'NONE',  ( 0.2461754054898255273, -0.1038245945101579915, 0.3735081097972904884 ) ) ;
#739 = DIRECTION ( 'NONE',  ( 1.000000000000000000, 0.000000000000000000, 0.000000000000000000 ) ) ;
#740 = ADVANCED_FACE ( 'NONE', ( #3077 ), #726, .F. ) ;
#741 = DIRECTION ( 'NONE',  ( 0.8320502943378477179, 0.5547001962252228191, 0.000000000000000000 ) ) ;
#742 = CARTESIAN_POINT ( 'NONE',  ( 1.899999999999999911, 0.2500000000000000000, 2.100000000000000089 ) ) ;
#743 = CARTESIAN_POINT ( 'NONE',  ( -0.6393875839007098216, 0.3959449308695108805, 0.2532900993116339317 ) ) ;
#744 = ORIENTED_EDGE ( 'NONE', *, *, #3334, .T. ) ;
#745 = EDGE_CURVE ( 'NONE', #1469, #684, #3126, .T. ) ;
#746 = DIRECTION ( 'NONE',  ( -1.000000000000000000, 0.000000000000000000, 0.000000000000000000 ) ) ;
#747 = CARTESIAN_POINT ( 'NONE',  ( -1.880901699437000030, -0.9050000000000000266, 2.299999999999999822 ) ) ;
#748 = CARTESIAN_POINT ( 'NONE',  ( 1.899999999999999911, 0.09682458365518469001, 2.100000000000000089 ) ) ;
#749 = VECTOR ( 'NONE', #2132, 1000.000000000000000 ) ;
#750 = MANIFOLD_SOLID_BREP ( 'NONE', #5479 ) ;
#751 = DIRECTION ( 'NONE',  ( 0.000000000000000000, -7.744301232039296960E-16, 1.000000000000000000 ) ) ;
#752 = ORIENTED_EDGE ( 'NONE', *, *, #1208, .T. ) ;
#753 = ADVANCED_FACE ( 'NONE', ( #2340 ), #2376, .T. ) ;
#754 = LINE ( 'NONE', #4537, #7543 ) ;
#755 = CIRCLE ( 'NONE', #4262, 0.07999999999999750366 ) ;
#756 = CYLINDRICAL_SURFACE ( 'NONE', #7374, 0.1300000000000000044 ) ;
#757 = ORIENTED_EDGE ( 'NONE', *, *, #4192, .T. ) ;
#758 = CARTESIAN_POINT ( 'NONE',  ( -1.550000000000000044, 0.2999999999999999889, 2.330000000000000071 ) ) ;
#759 = VERTEX_POINT ( 'NONE', #2420 ) ;
#760 = AXIS2_PLACEMENT_3D ( 'NONE', #1786, #1827, #4171 ) ;
#761 = AXIS2_PLACEMENT_3D ( 'NONE', #3028, #3501, #6585 ) ;
#762 = DIRECTION ( 'NONE',  ( 0.000000000000000000, -1.000000000000000000, 0.000000000000000000 ) ) ;
#763 = DIRECTION ( 'NONE',  ( 0.000000000000000000, 1.000000000000000000, 0.000000000000000000 ) ) ;
#764 = VERTEX_POINT ( 'NONE', #3039 ) ;
#765 = DIRECTION ( 'NONE',  ( 0.000000000000000000, 0.000000000000000000, -1.000000000000000000 ) ) ;
#766 = FACE_OUTER_BOUND ( 'NONE', #2216, .T. ) ;
#767 = VERTEX_POINT ( 'NONE', #4134 ) ;
#768 = ORIENTED_EDGE ( 'NONE', *, *, #1631, .T. ) ;
#769 = CYLINDRICAL_SURFACE ( 'NONE', #2943, 0.1000000000000000056 ) ;
#770 = VECTOR ( 'NONE', #711, 1000.000000000000000 ) ;
#771 = DIRECTION ( 'NONE',  ( 0.000000000000000000, -1.000000000000000000, 0.000000000000000000 ) ) ;
#772 = CARTESIAN_POINT ( 'NONE',  ( -2.000000000000003997, 0.2999999999620008850, 2.371005050633883116 ) ) ;
#773 = ORIENTED_EDGE ( 'NONE', *, *, #4941, .T. ) ;
#774 = EDGE_CURVE ( 'NONE', #737, #7384, #5343, .T. ) ;
#775 = EDGE_CURVE ( 'NONE', #4591, #6942, #3556, .T. ) ;
#776 = AXIS2_PLACEMENT_3D ( 'NONE', #2612, #5579, #3722 ) ;
#777 = AXIS2_PLACEMENT_3D ( 'NONE', #582, #3712, #4179 ) ;
#778 = DIRECTION ( 'NONE',  ( 0.000000000000000000, 0.000000000000000000, -1.000000000000000000 ) ) ;
#779 = VERTEX_POINT ( 'NONE', #579 ) ;
#780 = CARTESIAN_POINT ( 'NONE',  ( 0.1163376014357000027, -0.2336623985642999890, 0.2500000000000000000 ) ) ;
#781 = DIRECTION ( 'NONE',  ( 1.000000000000000000, 0.000000000000000000, 0.000000000000000000 ) ) ;
#782 = LINE ( 'NONE', #5611, #3530 ) ;
#783 = CIRCLE ( 'NONE', #1529, 0.1499999999999999667 ) ;
#784 = CARTESIAN_POINT ( 'NONE',  ( -0.5350000000000000311, 0.08499999999999689748, 0.7500000000000000000 ) ) ;
#785 = ADVANCED_FACE ( 'NONE', ( #7215 ), #1869, .F. ) ;
#786 = ADVANCED_FACE ( 'NONE', ( #1794 ), #5456, .F. ) ;
#787 = AXIS2_PLACEMENT_3D ( 'NONE', #4041, #6538, #7117 ) ;
#788 = PLANE ( 'NONE',  #3292 ) ;
#789 = CARTESIAN_POINT ( 'NONE',  ( 1.375000000000000000, -0.5000000000000000000, 0.2500000000000000000 ) ) ;
#790 = VERTEX_POINT ( 'NONE', #1907 ) ;
#791 = DIRECTION ( 'NONE',  ( -0.04987546680549900108, -0.04987546680538120641, -0.9975093361076270426 ) ) ;
#792 = LINE ( 'NONE', #2657, #3453 ) ;
#793 = CARTESIAN_POINT ( 'NONE',  ( 0.6355772891676381153, 0.4013916464121464744, 0.2548152807616311244 ) ) ;
#794 = CIRCLE ( 'NONE', #2921, 0.1000000000000000472 ) ;
#795 = ADVANCED_FACE ( 'NONE', ( #1833 ), #3630, .T. ) ;
#796 = CARTESIAN_POINT ( 'NONE',  ( 2.299999999999999822, -0.9449999999999999512, 1.800000000000000044 ) ) ;
#797 = VERTEX_POINT ( 'NONE', #653 ) ;
#798 = VECTOR ( 'NONE', #3236, 1000.000000000000000 ) ;
#799 = FACE_OUTER_BOUND ( 'NONE', #2786, .T. ) ;
#800 = ORIENTED_EDGE ( 'NONE', *, *, #6966, .F. ) ;
#801 = DIRECTION ( 'NONE',  ( -0.03489418781260640590, -0.01744177813808910071, 0.9992388003036511979 ) ) ;
#802 = ORIENTED_EDGE ( 'NONE', *, *, #2162, .T. ) ;
#803 = EDGE_CURVE ( 'NONE', #7245, #7201, #5667, .T. ) ;
#804 = CIRCLE ( 'NONE', #1684, 0.2999999999999999334 ) ;
#805 = DIRECTION ( 'NONE',  ( -1.000000000000000000, 0.000000000000000000, 0.000000000000000000 ) ) ;
#806 = CARTESIAN_POINT ( 'NONE',  ( -1.925000000000000044, 0.000000000000000000, 0.5000000000000000000 ) ) ;
#807 = CARTESIAN_POINT ( 'NONE',  ( -0.9499999999999999556, 0.4000000000000000222, 2.495600000000000041 ) ) ;
#808 = CARTESIAN_POINT ( 'NONE',  ( -0.1895068923541355643, -0.1604931076458645245, 0.2500000000000000555 ) ) ;
#809 = ORIENTED_EDGE ( 'NONE', *, *, #5474, .F. ) ;
#810 = ORIENTED_EDGE ( 'NONE', *, *, #3644, .F. ) ;
#811 = CYLINDRICAL_SURFACE ( 'NONE', #3584, 0.09999999999999982514 ) ;
#812 = AXIS2_PLACEMENT_3D ( 'NONE', #3666, #2450, #4319 ) ;
#813 = CARTESIAN_POINT ( 'NONE',  ( -1.929400000000000004, 0.2999999999798859673, 2.399999999999999911 ) ) ;
#814 = AXIS2_PLACEMENT_3D ( 'NONE', #3441, #585, #4183 ) ;
#815 = DIRECTION ( 'NONE',  ( 0.000000000000000000, 0.000000000000000000, 1.000000000000000000 ) ) ;
#816 = VERTEX_POINT ( 'NONE', #3780 ) ;
#817 = CARTESIAN_POINT ( 'NONE',  ( 2.120000000000000107, 0.9000000000000000222, 0.5000000000000000000 ) ) ;
#818 = CARTESIAN_POINT ( 'NONE',  ( 2.120000000000000107, 0.8000000000000000444, 1.932869999999999866 ) ) ;
#819 = DIRECTION ( 'NONE',  ( 0.000000000000000000, 1.000000000000000000, 0.000000000000000000 ) ) ;
#820 = ADVANCED_FACE ( 'NONE', ( #6153 ), #4981, .T. ) ;
#821 = VECTOR ( 'NONE', #4986, 1000.000000000000114 ) ;
#822 = VECTOR ( 'NONE', #2758, 1000.000000000000000 ) ;
#823 = DIRECTION ( 'NONE',  ( 0.000000000000000000, 0.000000000000000000, -1.000000000000000000 ) ) ;
#824 = DIRECTION ( 'NONE',  ( -0.000000000000000000, 1.000000000000000000, 0.000000000000000000 ) ) ;
#825 = VERTEX_POINT ( 'NONE', #4435 ) ;
#826 = LINE ( 'NONE', #3210, #3655 ) ;
#827 = EDGE_CURVE ( 'NONE', #2092, #3949, #249, .T. ) ;
#828 = CARTESIAN_POINT ( 'NONE',  ( -1.850000000000000089, 0.2999999999999999889, 2.330000000000000071 ) ) ;
#829 = EDGE_CURVE ( 'NONE', #1754, #7005, #3262, .T. ) ;
#830 = CARTESIAN_POINT ( 'NONE',  ( 0.5927737790424739694, 0.4527600221326580909, 0.2818393970400355220 ) ) ;
#831 = VECTOR ( 'NONE', #7388, 1000.000000000000000 ) ;
#832 = CARTESIAN_POINT ( 'NONE',  ( -1.399999999999999911, -0.2999999999999999889, 2.330000000000000071 ) ) ;
#833 = CARTESIAN_POINT ( 'NONE',  ( 1.469999999999999973, -0.2999999999881119428, 2.330000000000000071 ) ) ;
#834 = ORIENTED_EDGE ( 'NONE', *, *, #7320, .F. ) ;
#835 = CARTESIAN_POINT ( 'NONE',  ( 0.5539744068252460130, 0.7040005536924480722, 0.3705099644627319888 ) ) ;
#836 = ORIENTED_EDGE ( 'NONE', *, *, #3314, .T. ) ;
#837 = CARTESIAN_POINT ( 'NONE',  ( 0.000000000000000000, -0.3499999999999999778, 0.2500000000000000000 ) ) ;
#838 =( BOUNDED_CURVE ( )  B_SPLINE_CURVE ( 3, ( #2522, #4903, #212, #4430 ),
 .UNSPECIFIED., .F., .T. ) 
 B_SPLINE_CURVE_WITH_KNOTS ( ( 4, 4 ),
 ( 2.678373508258575342, 4.248561023369584966 ),
 .UNSPECIFIED. ) 
 CURVE ( )  GEOMETRIC_REPRESENTATION_ITEM ( )  RATIONAL_B_SPLINE_CURVE ( ( 1.000000000000000000, 0.8048813305713379274, 0.8048813305713379274, 1.000000000000000000 ) ) 
 REPRESENTATION_ITEM ( '' )  );
#839 = EDGE_CURVE ( 'NONE', #2874, #1986, #379, .T. ) ;
#840 = ORIENTED_EDGE ( 'NONE', *, *, #1484, .T. ) ;
#841 = LINE ( 'NONE', #5836, #6122 ) ;
#842 = DIRECTION ( 'NONE',  ( 0.000000000000000000, -1.000000000000000000, 0.000000000000000000 ) ) ;
#843 = DIRECTION ( 'NONE',  ( 0.000000000000000000, 1.000000000000000000, 0.000000000000000000 ) ) ;
#844 = ORIENTED_EDGE ( 'NONE', *, *, #3875, .T. ) ;
#845 = DIRECTION ( 'NONE',  ( 0.000000000000000000, -1.000000000000000000, 0.000000000000000000 ) ) ;
#846 = DIRECTION ( 'NONE',  ( 0.000000000000000000, 0.000000000000000000, -1.000000000000000000 ) ) ;
#847 = VERTEX_POINT ( 'NONE', #6818 ) ;
#848 = VERTEX_POINT ( 'NONE', #5058 ) ;
#849 = CARTESIAN_POINT ( 'NONE',  ( 1.800000000000000044, 0.3499999999999999778, 2.100000000000000089 ) ) ;
#850 = EDGE_CURVE ( 'NONE', #4998, #2446, #6267, .T. ) ;
#851 = ORIENTED_EDGE ( 'NONE', *, *, #73, .T. ) ;
#852 = DIRECTION ( 'NONE',  ( 1.000000000000000000, 0.000000000000000000, 0.000000000000000000 ) ) ;
#853 = ORIENTED_EDGE ( 'NONE', *, *, #2126, .F. ) ;
#854 = CARTESIAN_POINT ( 'NONE',  ( 0.5599999999999999423, 0.9000000000000000222, 0.2500000000000000000 ) ) ;
#855 = LINE ( 'NONE', #4991, #7683 ) ;
#856 = EDGE_CURVE ( 'NONE', #652, #441, #217, .T. ) ;
#857 = DIRECTION ( 'NONE',  ( 0.000000000000000000, 0.000000000000000000, 1.000000000000000000 ) ) ;
#858 = EDGE_CURVE ( 'NONE', #6210, #58, #6777, .T. ) ;
#859 = PLANE ( 'NONE',  #2170 ) ;
#860 = DIRECTION ( 'NONE',  ( 0.000000000000000000, 0.000000000000000000, 1.000000000000000000 ) ) ;
#861 = EDGE_LOOP ( 'NONE', ( #6396, #5063, #3601, #3277 ) ) ;
#862 = LINE ( 'NONE', #1341, #6387 ) ;
#863 = DIRECTION ( 'NONE',  ( 3.643524251838465300E-15, 1.000000000000000000, 5.420985188938160716E-15 ) ) ;
#864 = DIRECTION ( 'NONE',  ( 0.000000000000000000, 1.000000000000000000, 0.000000000000000000 ) ) ;
#865 = EDGE_LOOP ( 'NONE', ( #4475, #3205, #5420, #1854, #2168, #5793 ) ) ;
#866 = EDGE_CURVE ( 'NONE', #4923, #3562, #139, .T. ) ;
#867 = EDGE_CURVE ( 'NONE', #5816, #6740, #4950, .T. ) ;
#868 = FACE_OUTER_BOUND ( 'NONE', #7512, .T. ) ;
#869 = CARTESIAN_POINT ( 'NONE',  ( -1.849999999987155030, 0.4500000000000000111, 2.330000000000000071 ) ) ;
#870 = ORIENTED_EDGE ( 'NONE', *, *, #1929, .F. ) ;
#871 = DIRECTION ( 'NONE',  ( 0.000000000000000000, -1.000000000000000000, 0.000000000000000000 ) ) ;
#872 = ORIENTED_EDGE ( 'NONE', *, *, #1693, .T. ) ;
#873 = CARTESIAN_POINT ( 'NONE',  ( -0.1163376014357000027, 0.000000000000000000, 0.2500000000000000000 ) ) ;
#874 = DIRECTION ( 'NONE',  ( 0.000000000000000000, 0.000000000000000000, 1.000000000000000000 ) ) ;
#875 = EDGE_CURVE ( 'NONE', #1045, #6065, #6001, .T. ) ;
#876 = TOROIDAL_SURFACE ( 'NONE', #5249, 0.08000000000000000167, 0.06999999999999999278 ) ;
#877 = LINE ( 'NONE', #3187, #7614 ) ;
#878 = CARTESIAN_POINT ( 'NONE',  ( 0.8965076419476439851, -0.4982544935067820258, 2.100000000000000089 ) ) ;
#879 = MANIFOLD_SOLID_BREP ( 'NONE', #3232 ) ;
#880 = DIRECTION ( 'NONE',  ( 0.9987523388778447586, 0.000000000000000000, 0.04993761694389219075 ) ) ;
#881 = CARTESIAN_POINT ( 'NONE',  ( 2.128192357768940557, -0.3501197907310497626, 2.298185679069689069 ) ) ;
#882 = ORIENTED_EDGE ( 'NONE', *, *, #3521, .T. ) ;
#883 = ORIENTED_EDGE ( 'NONE', *, *, #7279, .F. ) ;
#884 = DIRECTION ( 'NONE',  ( 0.000000000000000000, 1.000000000000000000, 0.000000000000000000 ) ) ;
#885 = AXIS2_PLACEMENT_3D ( 'NONE', #2380, #2998, #6559 ) ;
#886 = PRESENTATION_LAYER_ASSIGNMENT (  '', '', ( #6373 ) ) ;
#887 = EDGE_CURVE ( 'NONE', #7293, #2344, #2568, .T. ) ;
#888 = DIRECTION ( 'NONE',  ( 0.000000000000000000, -1.000000000000000000, 0.000000000000000000 ) ) ;
#889 = ORIENTED_EDGE ( 'NONE', *, *, #875, .F. ) ;
#890 = VECTOR ( 'NONE', #1816, 1000.000000000000000 ) ;
#891 = DIRECTION ( 'NONE',  ( -1.000000000000000000, 0.000000000000000000, 0.000000000000000000 ) ) ;
#892 = EDGE_LOOP ( 'NONE', ( #2537, #1868, #834, #3923 ) ) ;
#893 = CARTESIAN_POINT ( 'NONE',  ( 0.2461754054898004918, 0.7038245945101999634, 0.3735081097969069619 ) ) ;
#894 = CARTESIAN_POINT ( 'NONE',  ( -0.5927737790424739694, -0.4527600221326580909, 0.2818393970400355220 ) ) ;
#895 = VECTOR ( 'NONE', #2940, 1000.000000000000000 ) ;
#896 = AXIS2_PLACEMENT_3D ( 'NONE', #1371, #860, #3758 ) ;
#897 = EDGE_CURVE ( 'NONE', #943, #4476, #2249, .T. ) ;
#898 = CYLINDRICAL_SURFACE ( 'NONE', #7037, 0.1499999999999999667 ) ;
#899 = DIRECTION ( 'NONE',  ( 0.000000000000000000, 0.000000000000000000, 1.000000000000000000 ) ) ;
#900 = EDGE_LOOP ( 'NONE', ( #933, #7286, #2797, #7482 ) ) ;
#901 = CARTESIAN_POINT ( 'NONE',  ( 0.000000000000000000, 0.4500000000000000111, 2.299999999999999822 ) ) ;
#902 = CIRCLE ( 'NONE', #39, 0.2000000000000000944 ) ;
#903 = VECTOR ( 'NONE', #6673, 1000.000000000000000 ) ;
#904 = DIRECTION ( 'NONE',  ( 0.000000000000000000, 0.000000000000000000, -1.000000000000000000 ) ) ;
#905 = DIRECTION ( 'NONE',  ( 1.000000000000000000, 0.000000000000000000, 0.000000000000000000 ) ) ;
#906 = CARTESIAN_POINT ( 'NONE',  ( 0.5538245945101549772, -0.7038245945101999634, 0.3735081097969075170 ) ) ;
#907 = AXIS2_PLACEMENT_3D ( 'NONE', #4551, #5174, #7011 ) ;
#908 = VERTEX_POINT ( 'NONE', #7016 ) ;
#909 = DIRECTION ( 'NONE',  ( -1.000000000000000000, 0.000000000000000000, 0.000000000000000000 ) ) ;
#910 = CARTESIAN_POINT ( 'NONE',  ( -1.469999999999999973, -0.2999999999994414912, 2.330000000000000071 ) ) ;
#911 = ORIENTED_EDGE ( 'NONE', *, *, #1563, .T. ) ;
#912 = LINE ( 'NONE', #1422, #5001 ) ;
#913 = ORIENTED_EDGE ( 'NONE', *, *, #6741, .F. ) ;
#914 = CARTESIAN_POINT ( 'NONE',  ( -0.6500000000000000222, 0.000000000000000000, 0.2500000000000000000 ) ) ;
#915 = CIRCLE ( 'NONE', #4532, 0.1499999999999999667 ) ;
#916 = CYLINDRICAL_SURFACE ( 'NONE', #1035, 0.1300000000000000044 ) ;
#917 = ADVANCED_FACE ( 'NONE', ( #7518 ), #5183, .F. ) ;
#918 = VERTEX_POINT ( 'NONE', #4557 ) ;
#919 = VECTOR ( 'NONE', #1565, 1000.000000000000000 ) ;
#920 = VERTEX_POINT ( 'NONE', #2868 ) ;
#921 = CARTESIAN_POINT ( 'NONE',  ( 1.600000000000000089, -0.3499999999999999778, 2.100000000000000089 ) ) ;
#922 = LINE ( 'NONE', #7057, #5886 ) ;
#923 = ORIENTED_EDGE ( 'NONE', *, *, #5814, .F. ) ;
#924 = DIRECTION ( 'NONE',  ( 0.000000000000000000, -1.000000000000000000, 0.000000000000000000 ) ) ;
#925 = CARTESIAN_POINT ( 'NONE',  ( -0.2461754054898575295, 0.4961754054898469546, 0.3735081097978260045 ) ) ;
#926 = ORIENTED_EDGE ( 'NONE', *, *, #344, .F. ) ;
#927 = EDGE_LOOP ( 'NONE', ( #7331, #643, #3242, #2860 ) ) ;
#928 = CARTESIAN_POINT ( 'NONE',  ( -2.194999999999999840, 0.2895950378225999877, 2.495600000000000041 ) ) ;
#929 = EDGE_CURVE ( 'NONE', #6529, #2038, #1687, .T. ) ;
#930 = ADVANCED_FACE ( 'NONE', ( #3467 ), #6431, .T. ) ;
#931 = AXIS2_PLACEMENT_3D ( 'NONE', #2809, #6520, #468 ) ;
#932 = CYLINDRICAL_SURFACE ( 'NONE', #1668, 0.1000000000000000472 ) ;
#933 = ORIENTED_EDGE ( 'NONE', *, *, #5023, .F. ) ;
#934 = DIRECTION ( 'NONE',  ( 0.000000000000000000, 0.000000000000000000, 1.000000000000000000 ) ) ;
#935 = EDGE_LOOP ( 'NONE', ( #3263, #2706, #3032, #911 ) ) ;
#936 = LINE ( 'NONE', #6955, #6439 ) ;
#937 = CARTESIAN_POINT ( 'NONE',  ( -0.5745712183416812335, -0.4726265957894376091, 0.3051491504438674784 ) ) ;
#938 = EDGE_CURVE ( 'NONE', #1986, #1586, #922, .T. ) ;
#939 = VECTOR ( 'NONE', #5434, 1000.000000000000000 ) ;
#940 = CARTESIAN_POINT ( 'NONE',  ( -0.2461754054898420141, 0.1038245945101746032, 0.3735081097972909880 ) ) ;
#941 = DIRECTION ( 'NONE',  ( 1.000000000000000000, 0.000000000000000000, 0.000000000000000000 ) ) ;
#942 = CARTESIAN_POINT ( 'NONE',  ( -0.6477036337370186692, 0.3797897576261402008, 0.2506267804821232237 ) ) ;
#943 = VERTEX_POINT ( 'NONE', #1708 ) ;
#944 = CARTESIAN_POINT ( 'NONE',  ( -1.399999999999999911, -0.2999999999999999889, 2.299999999999999822 ) ) ;
#945 = VECTOR ( 'NONE', #3090, 1000.000000000000000 ) ;
#946 = CARTESIAN_POINT ( 'NONE',  ( 0.8510499682743000172, -0.3755476762963874671, 3.500000000000000000 ) ) ;
#947 = DIRECTION ( 'NONE',  ( 0.000000000000000000, 0.000000000000000000, -1.000000000000000000 ) ) ;
#948 = ADVANCED_FACE ( 'NONE', ( #1666 ), #3306, .T. ) ;
#949 = FACE_OUTER_BOUND ( 'NONE', #2794, .T. ) ;
#950 = AXIS2_PLACEMENT_3D ( 'NONE', #2221, #6397, #4059 ) ;
#951 = ORIENTED_EDGE ( 'NONE', *, *, #976, .T. ) ;
#952 = DIRECTION ( 'NONE',  ( 0.000000000000000000, 0.000000000000000000, 1.000000000000000000 ) ) ;
#953 = PLANE ( 'NONE',  #1280 ) ;
#954 = EDGE_LOOP ( 'NONE', ( #3437, #4289, #3691, #3693 ) ) ;
#955 = CARTESIAN_POINT ( 'NONE',  ( 1.600000000000000089, 0.3499999999999999778, 2.299999999999999822 ) ) ;
#956 = ORIENTED_EDGE ( 'NONE', *, *, #2102, .T. ) ;
#957 = DIRECTION ( 'NONE',  ( 0.000000000000000000, 1.000000000000000000, 0.000000000000000000 ) ) ;
#958 = VECTOR ( 'NONE', #7464, 1000.000000000000000 ) ;
#959 = CARTESIAN_POINT ( 'NONE',  ( -1.500000000000000000, -0.3499999999999999778, 2.100000000000000089 ) ) ;
#960 = VERTEX_POINT ( 'NONE', #5802 ) ;
#961 = FACE_OUTER_BOUND ( 'NONE', #2044, .T. ) ;
#962 = DIRECTION ( 'NONE',  ( 1.000000000000000000, 0.000000000000000000, 0.000000000000000000 ) ) ;
#963 = EDGE_LOOP ( 'NONE', ( #5899, #702, #6340, #3977 ) ) ;
#964 = DIRECTION ( 'NONE',  ( 1.000000000000000000, 0.000000000000000000, 0.000000000000000000 ) ) ;
#965 = DIRECTION ( 'NONE',  ( -1.000000000000000000, 0.000000000000000000, 0.000000000000000000 ) ) ;
#966 = ORIENTED_EDGE ( 'NONE', *, *, #1233, .T. ) ;
#967 = VERTEX_POINT ( 'NONE', #6309 ) ;
#968 = DIRECTION ( 'NONE',  ( -1.000000000000000000, 0.000000000000000000, 0.000000000000000000 ) ) ;
#969 = EDGE_CURVE ( 'NONE', #492, #5683, #6977, .T. ) ;
#970 = CARTESIAN_POINT ( 'NONE',  ( -1.275000000000000133, 0.5000000000000000000, 0.2500000000000000000 ) ) ;
#971 = ORIENTED_EDGE ( 'NONE', *, *, #5694, .F. ) ;
#972 = EDGE_CURVE ( 'NONE', #2469, #4825, #7007, .T. ) ;
#973 = CARTESIAN_POINT ( 'NONE',  ( 1.500000000000000000, 0.2500000000000000000, 2.100000000000000089 ) ) ;
#974 = LINE ( 'NONE', #6791, #78 ) ;
#975 = CARTESIAN_POINT ( 'NONE',  ( -0.6355772891676381153, -0.4013916464121464744, 0.2548152807616311244 ) ) ;
#976 = EDGE_CURVE ( 'NONE', #6472, #4677, #2796, .T. ) ;
#977 = LINE ( 'NONE', #2773, #2043 ) ;
#978 = LINE ( 'NONE', #4491, #7381 ) ;
#979 = EDGE_LOOP ( 'NONE', ( #1457, #6099, #802, #4543 ) ) ;
#980 = CARTESIAN_POINT ( 'NONE',  ( -1.399999999999999911, -0.2999999999999999889, 2.299999999999999822 ) ) ;
#981 = DIRECTION ( 'NONE',  ( 0.000000000000000000, 0.000000000000000000, 1.000000000000000000 ) ) ;
#982 = DIRECTION ( 'NONE',  ( 0.000000000000000000, 1.000000000000000000, 0.000000000000000000 ) ) ;
#983 = DIRECTION ( 'NONE',  ( 1.000000000000000000, 2.046702651109489023E-11, 0.000000000000000000 ) ) ;
#984 = ORIENTED_EDGE ( 'NONE', *, *, #3568, .T. ) ;
#985 = EDGE_CURVE ( 'NONE', #3460, #6843, #2215, .T. ) ;
#986 = CARTESIAN_POINT ( 'NONE',  ( 1.875000000000000000, -0.8750000000000000000, -0.1881966011250000015 ) ) ;
#987 = CARTESIAN_POINT ( 'NONE',  ( 0.1895068923541355643, 0.1604931076458639694, 0.2500000000000000555 ) ) ;
#988 = ORIENTED_EDGE ( 'NONE', *, *, #4074, .T. ) ;
#989 = LINE ( 'NONE', #7008, #6009 ) ;
#990 = ORIENTED_EDGE ( 'NONE', *, *, #2435, .F. ) ;
#991 = CARTESIAN_POINT ( 'NONE',  ( 0.5605677954435904775, -0.7119345221301941473, 0.3343675104904079154 ) ) ;
#992 = CARTESIAN_POINT ( 'NONE',  ( 0.7500000000000000000, 0.6849999999999999423, 0.7500000000000000000 ) ) ;
#993 = ADVANCED_FACE ( 'NONE', ( #7635 ), #2835, .T. ) ;
#994 = VERTEX_POINT ( 'NONE', #456 ) ;
#995 = CARTESIAN_POINT ( 'NONE',  ( -2.100000000000000089, 0.4749999999999999778, 2.100000000000000089 ) ) ;
#996 = CARTESIAN_POINT ( 'NONE',  ( 0.000000000000000000, 0.000000000000000000, 0.5000000000000000000 ) ) ;
#997 = ORIENTED_EDGE ( 'NONE', *, *, #7466, .T. ) ;
#998 = CARTESIAN_POINT ( 'NONE',  ( -0.2400000000000000189, 0.9000000000000000222, 0.2500000000000000000 ) ) ;
#999 = DIRECTION ( 'NONE',  ( 0.000000000000000000, -1.000000000000000000, 0.000000000000000000 ) ) ;
#1000 = EDGE_LOOP ( 'NONE', ( #5928, #4725, #3965, #1119 ) ) ;
#1001 = ORIENTED_EDGE ( 'NONE', *, *, #1081, .F. ) ;
#1002 = FACE_OUTER_BOUND ( 'NONE', #4724, .T. ) ;
#1003 = VECTOR ( 'NONE', #5135, 1000.000000000000000 ) ;
#1004 = CARTESIAN_POINT ( 'NONE',  ( -1.275000000000000133, -0.9000000000000000222, 0.000000000000000000 ) ) ;
#1005 = ORIENTED_EDGE ( 'NONE', *, *, #7226, .T. ) ;
#1006 = DIRECTION ( 'NONE',  ( -1.000000000000000000, 0.000000000000000000, 0.000000000000000000 ) ) ;
#1007 = ORIENTED_EDGE ( 'NONE', *, *, #7014, .T. ) ;
#1008 = PLANE ( 'NONE',  #5190 ) ;
#1009 = VECTOR ( 'NONE', #5638, 1000.000000000000000 ) ;
#1010 = CARTESIAN_POINT ( 'NONE',  ( -0.5641348408898566591, -0.4840570004171068641, 0.3236746148519071276 ) ) ;
#1011 = EDGE_LOOP ( 'NONE', ( #1863, #2802, #5172, #5429, #7157, #1983, #2577, #7148, #150, #7334, #3589, #5959, #5424, #3855, #3506, #6584, #6091, #7488 ) ) ;
#1012 = EDGE_CURVE ( 'NONE', #1951, #2341, #2714, .T. ) ;
#1013 = EDGE_CURVE ( 'NONE', #3710, #4187, #1039, .T. ) ;
#1014 = AXIS2_PLACEMENT_3D ( 'NONE', #365, #6423, #5832 ) ;
#1015 = VECTOR ( 'NONE', #6214, 1000.000000000000000 ) ;
#1016 = DIRECTION ( 'NONE',  ( 1.000000000000000000, 0.000000000000000000, 0.000000000000000000 ) ) ;
#1017 = DIRECTION ( 'NONE',  ( 0.000000000000000000, 0.000000000000000000, 1.000000000000000000 ) ) ;
#1018 = CARTESIAN_POINT ( 'NONE',  ( 1.275000000000000133, 0.3499999999999999778, 0.000000000000000000 ) ) ;
#1019 = CARTESIAN_POINT ( 'NONE',  ( -2.250000000000000000, 0.4000000000000000222, 0.000000000000000000 ) ) ;
#1020 = VECTOR ( 'NONE', #1689, 1000.000000000000114 ) ;
#1021 = CYLINDRICAL_SURFACE ( 'NONE', #6648, 0.2000000000000000944 ) ;
#1022 = VECTOR ( 'NONE', #3578, 1000.000000000000000 ) ;
#1023 = EDGE_CURVE ( 'NONE', #5289, #6147, #2761, .T. ) ;
#1024 = EDGE_CURVE ( 'NONE', #2904, #1143, #2177, .T. ) ;
#1025 = ORIENTED_EDGE ( 'NONE', *, *, #4094, .F. ) ;
#1026 = VECTOR ( 'NONE', #4884, 1000.000000000000000 ) ;
#1027 = CYLINDRICAL_SURFACE ( 'NONE', #2781, 0.09999999999999982514 ) ;
#1028 = AXIS2_PLACEMENT_3D ( 'NONE', #7244, #4791, #2373 ) ;
#1029 = LINE ( 'NONE', #5748, #4523 ) ;
#1030 = FACE_OUTER_BOUND ( 'NONE', #6899, .T. ) ;
#1031 = ORIENTED_EDGE ( 'NONE', *, *, #3321, .F. ) ;
#1032 = LINE ( 'NONE', #3541, #458 ) ;
#1033 = CARTESIAN_POINT ( 'NONE',  ( 0.000000000000000000, -0.4000000000000000222, 0.5000000000000000000 ) ) ;
#1034 = EDGE_CURVE ( 'NONE', #2241, #6725, #415, .T. ) ;
#1035 = AXIS2_PLACEMENT_3D ( 'NONE', #5676, #333, #2708 ) ;
#1036 = ORIENTED_EDGE ( 'NONE', *, *, #733, .F. ) ;
#1037 = CARTESIAN_POINT ( 'NONE',  ( 0.6500000000000000222, 0.9000000000000000222, 0.2500000000000000000 ) ) ;
#1038 = ORIENTED_EDGE ( 'NONE', *, *, #5838, .F. ) ;
#1039 = LINE ( 'NONE', #4514, #3524 ) ;
#1040 = ORIENTED_EDGE ( 'NONE', *, *, #856, .F. ) ;
#1041 = VECTOR ( 'NONE', #7082, 1000.000000000000000 ) ;
#1042 = DIRECTION ( 'NONE',  ( 0.000000000000000000, -1.000000000000000000, 0.000000000000000000 ) ) ;
#1043 = CARTESIAN_POINT ( 'NONE',  ( 0.2650000000000000133, 0.6849999999999999423, 0.7500000000000000000 ) ) ;
#1044 = ORIENTED_EDGE ( 'NONE', *, *, #3324, .T. ) ;
#1045 = VERTEX_POINT ( 'NONE', #2484 ) ;
#1046 = PLANE ( 'NONE',  #1958 ) ;
#1047 = EDGE_CURVE ( 'NONE', #4476, #240, #5877, .T. ) ;
#1048 = CARTESIAN_POINT ( 'NONE',  ( 0.6499567474192100569, -1.299999991578181913, 1.407711848961846091 ) ) ;
#1049 = ORIENTED_EDGE ( 'NONE', *, *, #126, .F. ) ;
#1050 = CARTESIAN_POINT ( 'NONE',  ( 0.000000000000000000, -0.2336623985642999890, 0.2500000000000000000 ) ) ;
#1051 = ORIENTED_EDGE ( 'NONE', *, *, #2472, .F. ) ;
#1052 = DIRECTION ( 'NONE',  ( 0.000000000000000000, 0.000000000000000000, 1.000000000000000000 ) ) ;
#1053 = VECTOR ( 'NONE', #5268, 1000.000000000000000 ) ;
#1054 = CARTESIAN_POINT ( 'NONE',  ( -0.5546482206497795886, -0.4948566426500236037, 0.3570355870039964574 ) ) ;
#1055 = VERTEX_POINT ( 'NONE', #7240 ) ;
#1056 = CIRCLE ( 'NONE', #2184, 0.07000000000000018707 ) ;
#1057 = CARTESIAN_POINT ( 'NONE',  ( -0.6364217540603455125, -0.7998260332238330550, 0.2544806772622358881 ) ) ;
#1058 = LINE ( 'NONE', #554, #3795 ) ;
#1059 = EDGE_CURVE ( 'NONE', #3331, #3460, #5376, .T. ) ;
#1060 = CARTESIAN_POINT ( 'NONE',  ( 1.500000000000000000, -0.2500000000000000000, 2.658830721404000563 ) ) ;
#1061 = DIRECTION ( 'NONE',  ( 0.000000000000000000, 1.000000000000000000, 0.000000000000000000 ) ) ;
#1062 = CARTESIAN_POINT ( 'NONE',  ( 2.104999999999999982, -0.9449999999999999512, 2.299937490231324766 ) ) ;
#1063 = CIRCLE ( 'NONE', #4064, 0.2999999999999999334 ) ;
#1064 = LINE ( 'NONE', #2855, #3788 ) ;
#1065 = ORIENTED_EDGE ( 'NONE', *, *, #1555, .T. ) ;
#1066 = VECTOR ( 'NONE', #6526, 1000.000000000000000 ) ;
#1067 = CARTESIAN_POINT ( 'NONE',  ( 2.100000000000000089, -0.4000000000000000222, 0.2500000000000000000 ) ) ;
#1068 = EDGE_CURVE ( 'NONE', #5683, #5732, #6546, .T. ) ;
#1069 = DIRECTION ( 'NONE',  ( -0.9987523388778447586, 0.000000000000000000, 0.04993761694389219075 ) ) ;
#1070 = ORIENTED_EDGE ( 'NONE', *, *, #5214, .T. ) ;
#1071 = ADVANCED_FACE ( 'NONE', ( #2448 ), #4787, .T. ) ;
#1072 = DIRECTION ( 'NONE',  ( 0.000000000000000000, 1.000000000000000000, 0.000000000000000000 ) ) ;
#1073 = ORIENTED_EDGE ( 'NONE', *, *, #1563, .F. ) ;
#1074 = CARTESIAN_POINT ( 'NONE',  ( 0.5540493129827799290, -0.7041274530909997775, 0.3690137403439989749 ) ) ;
#1075 = DIRECTION ( 'NONE',  ( 0.000000000000000000, -8.518731355243226360E-15, 1.000000000000000000 ) ) ;
#1076 = AXIS2_PLACEMENT_3D ( 'NONE', #7641, #6983, #7567 ) ;
#1077 = ORIENTED_EDGE ( 'NONE', *, *, #4920, .T. ) ;
#1078 = LINE ( 'NONE', #995, #2255 ) ;
#1079 = CARTESIAN_POINT ( 'NONE',  ( 2.112253379640000261, -0.4961754054898729893, 0.3735081097983665166 ) ) ;
#1080 = VERTEX_POINT ( 'NONE', #7711 ) ;
#1081 = EDGE_CURVE ( 'NONE', #3078, #4014, #6471, .T. ) ;
#1082 = VECTOR ( 'NONE', #6101, 1000.000000000000000 ) ;
#1083 = CARTESIAN_POINT ( 'NONE',  ( 1.474999999999999867, 0.000000000000000000, 2.299999999999999822 ) ) ;
#1084 = LINE ( 'NONE', #4560, #3777 ) ;
#1085 = EDGE_LOOP ( 'NONE', ( #60, #38, #7030, #1513 ) ) ;
#1086 = ORIENTED_EDGE ( 'NONE', *, *, #6326, .T. ) ;
#1087 = DIRECTION ( 'NONE',  ( -1.000000000000000000, 0.000000000000000000, 0.000000000000000000 ) ) ;
#1088 = ORIENTED_EDGE ( 'NONE', *, *, #3311, .T. ) ;
#1089 = CIRCLE ( 'NONE', #1946, 0.1499999999999999667 ) ;
#1090 = CARTESIAN_POINT ( 'NONE',  ( -1.899999999999999911, 0.09682458365518510635, 2.200000000000000178 ) ) ;
#1091 = ORIENTED_EDGE ( 'NONE', *, *, #7600, .T. ) ;
#1092 = EDGE_CURVE ( 'NONE', #4719, #6990, #6506, .T. ) ;
#1093 = CARTESIAN_POINT ( 'NONE',  ( 0.7500000000000000000, 0.5150000000000000133, 0.7500000000000000000 ) ) ;
#1094 = EDGE_LOOP ( 'NONE', ( #5140, #4000, #1560, #926 ) ) ;
#1095 = DIRECTION ( 'NONE',  ( -1.000000000000000000, 0.000000000000000000, 0.000000000000000000 ) ) ;
#1096 = CARTESIAN_POINT ( 'NONE',  ( 0.5539744068252390186, 0.4959994463075619864, 0.3705099644628474520 ) ) ;
#1097 = ORIENTED_EDGE ( 'NONE', *, *, #16, .F. ) ;
#1098 = CARTESIAN_POINT ( 'NONE',  ( 0.6499999999999801492, 0.8336623985643000223, 0.2500000000000000000 ) ) ;
#1099 = CARTESIAN_POINT ( 'NONE',  ( 0.5538995006677099875, -0.4961004193718420163, 0.3720083874379064848 ) ) ;
#1100 = DIRECTION ( 'NONE',  ( -1.000000000000000000, 0.000000000000000000, 0.000000000000000000 ) ) ;
#1101 = CARTESIAN_POINT ( 'NONE',  ( 0.6407106710560012131, 0.8060659156373373158, 0.2527985861194562700 ) ) ;
#1102 = LINE ( 'NONE', #7154, #35 ) ;
#1103 = CARTESIAN_POINT ( 'NONE',  ( 1.375000000000000000, -0.4000000000000000222, 0.000000000000000000 ) ) ;
#1104 = ORIENTED_EDGE ( 'NONE', *, *, #2516, .T. ) ;
#1105 = CARTESIAN_POINT ( 'NONE',  ( -2.220000000000000195, 0.8000000000000000444, 2.100000000000000089 ) ) ;
#1106 = PLANE ( 'NONE',  #6388 ) ;
#1107 = ORIENTED_EDGE ( 'NONE', *, *, #6177, .T. ) ;
#1108 = CARTESIAN_POINT ( 'NONE',  ( 1.275000000000000133, 0.3499999999999999778, 0.000000000000000000 ) ) ;
#1109 = ORIENTED_EDGE ( 'NONE', *, *, #6032, .T. ) ;
#1110 = LINE ( 'NONE', #2169, #4700 ) ;
#1111 = DIRECTION ( 'NONE',  ( -1.000000000000000000, 0.000000000000000000, 0.000000000000000000 ) ) ;
#1112 = EDGE_CURVE ( 'NONE', #7392, #2370, #1157, .T. ) ;
#1113 = EDGE_CURVE ( 'NONE', #5966, #2241, #5298, .T. ) ;
#1114 = CARTESIAN_POINT ( 'NONE',  ( 0.5350000000000000311, 0.9000000000000000222, 0.7500000000000000000 ) ) ;
#1115 = DIRECTION ( 'NONE',  ( 0.000000000000000000, 0.000000000000000000, 1.000000000000000000 ) ) ;
#1116 = ORIENTED_EDGE ( 'NONE', *, *, #4468, .T. ) ;
#1117 = CYLINDRICAL_SURFACE ( 'NONE', #5305, 0.07000000000000018707 ) ;
#1118 = LINE ( 'NONE', #5806, #405 ) ;
#1119 = ORIENTED_EDGE ( 'NONE', *, *, #2597, .F. ) ;
#1120 = ORIENTED_EDGE ( 'NONE', *, *, #5452, .F. ) ;
#1121 = CARTESIAN_POINT ( 'NONE',  ( 1.399999999999999911, 0.2999999999959379604, 2.299999999999999822 ) ) ;
#1122 = EDGE_CURVE ( 'NONE', #6592, #2208, #2411, .T. ) ;
#1123 = PLANE ( 'NONE',  #1764 ) ;
#1124 = VERTEX_POINT ( 'NONE', #7676 ) ;
#1125 = PLANE ( 'NONE',  #1421 ) ;
#1126 = CARTESIAN_POINT ( 'NONE',  ( -1.858677673624999915, -0.3800000000000000044, 2.399999999999999911 ) ) ;
#1127 = ORIENTED_EDGE ( 'NONE', *, *, #1023, .T. ) ;
#1128 = ORIENTED_EDGE ( 'NONE', *, *, #267, .F. ) ;
#1129 = DIRECTION ( 'NONE',  ( 1.000000000000000000, 0.000000000000000000, 0.000000000000000000 ) ) ;
#1130 = LINE ( 'NONE', #5818, #2525 ) ;
#1131 = ORIENTED_EDGE ( 'NONE', *, *, #1543, .F. ) ;
#1132 = VECTOR ( 'NONE', #6080, 1000.000000000000000 ) ;
#1133 = EDGE_CURVE ( 'NONE', #1579, #6075, #3066, .T. ) ;
#1134 = CARTESIAN_POINT ( 'NONE',  ( 1.699999999999999956, 0.3750000000000000000, 2.200000000000000178 ) ) ;
#1135 = ORIENTED_EDGE ( 'NONE', *, *, #6721, .T. ) ;
#1136 = CARTESIAN_POINT ( 'NONE',  ( -1.699999999999999956, 0.3750000000000000000, 2.299999999999999822 ) ) ;
#1137 = VECTOR ( 'NONE', #6187, 1000.000000000000000 ) ;
#1138 = CARTESIAN_POINT ( 'NONE',  ( 1.050000000000000044, -0.4000000000000000222, 2.100000000000000089 ) ) ;
#1139 = DIRECTION ( 'NONE',  ( -1.000000000000000000, 0.000000000000000000, 0.000000000000000000 ) ) ;
#1140 = ADVANCED_FACE ( 'NONE', ( #3663 ), #4860, .T. ) ;
#1141 = VECTOR ( 'NONE', #3299, 1000.000000000000000 ) ;
#1142 = AXIS2_PLACEMENT_3D ( 'NONE', #7231, #5511, #1924 ) ;
#1143 = VERTEX_POINT ( 'NONE', #1824 ) ;
#1144 = DIRECTION ( 'NONE',  ( -1.000000000000000000, -6.306066779870887887E-14, 0.000000000000000000 ) ) ;
#1145 = DIRECTION ( 'NONE',  ( 1.000000000000000000, 0.000000000000000000, 0.000000000000000000 ) ) ;
#1146 = ORIENTED_EDGE ( 'NONE', *, *, #3639, .F. ) ;
#1147 = AXIS2_PLACEMENT_3D ( 'NONE', #2040, #1452, #130 ) ;
#1148 = CIRCLE ( 'NONE', #5507, 0.09999999999999993616 ) ;
#1149 = CARTESIAN_POINT ( 'NONE',  ( 0.000000000000000000, 0.4000000000000000222, 0.2500000000000000000 ) ) ;
#1150 = EDGE_LOOP ( 'NONE', ( #1727, #1005, #6670, #7529 ) ) ;
#1151 = DIRECTION ( 'NONE',  ( 0.000000000000000000, -1.000000000000000000, 0.000000000000000000 ) ) ;
#1152 = DIRECTION ( 'NONE',  ( 0.000000000000000000, 0.000000000000000000, -1.000000000000000000 ) ) ;
#1153 = VECTOR ( 'NONE', #312, 1000.000000000000000 ) ;
#1154 = VECTOR ( 'NONE', #2703, 1000.000000000000000 ) ;
#1155 = EDGE_LOOP ( 'NONE', ( #6717, #4546, #7365, #4139 ) ) ;
#1156 = CARTESIAN_POINT ( 'NONE',  ( 2.194999999999999840, -0.3750000000000000000, 2.484815000000000218 ) ) ;
#1157 = LINE ( 'NONE', #5993, #2518 ) ;
#1158 = ORIENTED_EDGE ( 'NONE', *, *, #2126, .T. ) ;
#1159 = CARTESIAN_POINT ( 'NONE',  ( -1.800000000000000044, 0.3499999999999999778, 2.658830721404000563 ) ) ;
#1160 = DIRECTION ( 'NONE',  ( 0.000000000000000000, 0.000000000000000000, -1.000000000000000000 ) ) ;
#1161 = ORIENTED_EDGE ( 'NONE', *, *, #328, .T. ) ;
#1162 = EDGE_CURVE ( 'NONE', #2461, #334, #4826, .T. ) ;
#1163 = DIRECTION ( 'NONE',  ( 1.000000000000000000, 0.000000000000000000, 0.000000000000000000 ) ) ;
#1164 = AXIS2_PLACEMENT_3D ( 'NONE', #1454, #2081, #4423 ) ;
#1165 = ORIENTED_EDGE ( 'NONE', *, *, #709, .F. ) ;
#1166 = B_SPLINE_CURVE_WITH_KNOTS ( 'NONE', 3,
 ( #2843, #5226, #7603, #4638 ),
 .UNSPECIFIED., .F., .F.,
 ( 4, 4 ),
 ( 0.000000000000000000, 1.000000000000000000 ),
 .UNSPECIFIED. ) ;
#1167 = VECTOR ( 'NONE', #7665, 1000.000000000000000 ) ;
#1168 = ORIENTED_EDGE ( 'NONE', *, *, #595, .F. ) ;
#1169 = LINE ( 'NONE', #2226, #1681 ) ;
#1170 = CARTESIAN_POINT ( 'NONE',  ( 1.875000000000000000, -0.8000000000000000444, 0.5000000000000000000 ) ) ;
#1171 = EDGE_LOOP ( 'NONE', ( #316, #645, #5715, #4093, #7441 ) ) ;
#1172 = EDGE_CURVE ( 'NONE', #918, #847, #3648, .T. ) ;
#1173 = ORIENTED_EDGE ( 'NONE', *, *, #1809, .F. ) ;
#1174 = FACE_OUTER_BOUND ( 'NONE', #954, .T. ) ;
#1175 = ADVANCED_FACE ( 'NONE', ( #2330 ), #527, .F. ) ;
#1176 = LINE ( 'NONE', #2848, #274 ) ;
#1177 = VECTOR ( 'NONE', #3170, 1000.000000000000000 ) ;
#1178 = VERTEX_POINT ( 'NONE', #7128 ) ;
#1179 = EDGE_LOOP ( 'NONE', ( #6680, #2051, #7132, #7116 ) ) ;
#1180 = CIRCLE ( 'NONE', #5163, 0.09999999999999982514 ) ;
#1181 = PLANE ( 'NONE',  #7156 ) ;
#1182 = CARTESIAN_POINT ( 'NONE',  ( -1.949999999999999956, -0.9000000000000000222, 0.000000000000000000 ) ) ;
#1183 = EDGE_CURVE ( 'NONE', #5816, #6464, #5751, .T. ) ;
#1184 = LINE ( 'NONE', #5282, #1773 ) ;
#1185 = VECTOR ( 'NONE', #5017, 1000.000000000000000 ) ;
#1186 =( BOUNDED_CURVE ( )  B_SPLINE_CURVE ( 3, ( #2239, #4616, #479, #2944 ),
 .UNSPECIFIED., .F., .T. ) 
 B_SPLINE_CURVE_WITH_KNOTS ( ( 4, 4 ),
 ( 1.570796326794895004, 3.091634257871954894 ),
 .UNSPECIFIED. ) 
 CURVE ( )  GEOMETRIC_REPRESENTATION_ITEM ( )  RATIONAL_B_SPLINE_CURVE ( ( 1.000000000000000000, 0.8163648751927290448, 0.8163648751927290448, 1.000000000000000000 ) ) 
 REPRESENTATION_ITEM ( '' )  );
#1187 = CARTESIAN_POINT ( 'NONE',  ( 0.8499999999848999455, -1.299999999997756950, 1.199999526405451045 ) ) ;
#1188 = DIRECTION ( 'NONE',  ( -0.04987546680538128274, 0.04987546680550199174, -0.9975093361076268206 ) ) ;
#1189 = VERTEX_POINT ( 'NONE', #644 ) ;
#1190 = EDGE_CURVE ( 'NONE', #561, #1055, #6617, .T. ) ;
#1191 = AXIS2_PLACEMENT_3D ( 'NONE', #40, #4178, #4836 ) ;
#1192 = DIRECTION ( 'NONE',  ( 0.000000000000000000, 0.000000000000000000, -1.000000000000000000 ) ) ;
#1193 = ORIENTED_EDGE ( 'NONE', *, *, #3283, .T. ) ;
#1194 = CARTESIAN_POINT ( 'NONE',  ( 0.6104931076458638417, 0.1604931076458633310, 0.2500000000000000000 ) ) ;
#1195 = DIRECTION ( 'NONE',  ( 0.000000000000000000, 1.000000000000000000, 0.000000000000000000 ) ) ;
#1196 = AXIS2_PLACEMENT_3D ( 'NONE', #7209, #7130, #6662 ) ;
#1197 = ORIENTED_EDGE ( 'NONE', *, *, #3674, .F. ) ;
#1198 = ORIENTED_EDGE ( 'NONE', *, *, #5225, .T. ) ;
#1199 = CARTESIAN_POINT ( 'NONE',  ( 2.100000000000000089, -0.9250000000000000444, 1.500000000000000000 ) ) ;
#1200 = ORIENTED_EDGE ( 'NONE', *, *, #5942, .T. ) ;
#1201 = EDGE_CURVE ( 'NONE', #6740, #779, #5003, .T. ) ;
#1202 = DIRECTION ( 'NONE',  ( 0.000000000000000000, 1.445602896647339508E-15, 1.000000000000000000 ) ) ;
#1203 = CARTESIAN_POINT ( 'NONE',  ( -0.8965076756919490020, 0.4982544935069030401, 2.100000000000000089 ) ) ;
#1204 = ORIENTED_EDGE ( 'NONE', *, *, #6706, .F. ) ;
#1205 = LINE ( 'NONE', #6665, #5684 ) ;
#1206 = AXIS2_PLACEMENT_3D ( 'NONE', #342, #4521, #5570 ) ;
#1207 = VERTEX_POINT ( 'NONE', #4900 ) ;
#1208 = EDGE_CURVE ( 'NONE', #5674, #4666, #6808, .T. ) ;
#1209 =( LENGTH_UNIT ( ) NAMED_UNIT ( * ) SI_UNIT ( .MILLI., .METRE. ) );
#1210 = ORIENTED_EDGE ( 'NONE', *, *, #7124, .F. ) ;
#1211 = FACE_OUTER_BOUND ( 'NONE', #3106, .T. ) ;
#1212 = DIRECTION ( 'NONE',  ( -1.000000000000000000, 0.000000000000000000, 0.000000000000000000 ) ) ;
#1213 = EDGE_LOOP ( 'NONE', ( #6560, #6263, #3036, #3044 ) ) ;
#1214 = ORIENTED_EDGE ( 'NONE', *, *, #3167, .F. ) ;
#1215 = CARTESIAN_POINT ( 'NONE',  ( -0.8500000000151000101, -1.199999999999999956, 1.099999999999999867 ) ) ;
#1216 = DIRECTION ( 'NONE',  ( 0.000000000000000000, 0.000000000000000000, -1.000000000000000000 ) ) ;
#1217 = CIRCLE ( 'NONE', #3328, 0.2999999999999999334 ) ;
#1218 = ORIENTED_EDGE ( 'NONE', *, *, #7186, .T. ) ;
#1219 = EDGE_CURVE ( 'NONE', #3371, #6218, #6144, .T. ) ;
#1220 = EDGE_CURVE ( 'NONE', #1226, #5101, #1312, .T. ) ;
#1221 = CARTESIAN_POINT ( 'NONE',  ( -2.194999999999999840, -0.2750000000000000222, 2.100000000000000089 ) ) ;
#1222 = CARTESIAN_POINT ( 'NONE',  ( 1.375000000000000000, -0.5000000000000000000, 0.5000000000000000000 ) ) ;
#1223 = LINE ( 'NONE', #2313, #1517 ) ;
#1224 = ORIENTED_EDGE ( 'NONE', *, *, #1894, .T. ) ;
#1225 = EDGE_CURVE ( 'NONE', #2336, #3516, #284, .T. ) ;
#1226 = VERTEX_POINT ( 'NONE', #869 ) ;
#1227 = LINE ( 'NONE', #4702, #1167 ) ;
#1228 = CARTESIAN_POINT ( 'NONE',  ( -0.8510499682842920244, 0.3755476762974119809, 3.399999999926055061 ) ) ;
#1229 = EDGE_LOOP ( 'NONE', ( #3522, #6268, #5120, #3026, #3310 ) ) ;
#1230 = DIRECTION ( 'NONE',  ( 0.0006087084952234590425, -0.9998478806160483456, 0.01743115319088710605 ) ) ;
#1231 = FACE_OUTER_BOUND ( 'NONE', #2866, .T. ) ;
#1232 = CARTESIAN_POINT ( 'NONE',  ( 1.500000000000000000, 0.3499999999999999778, 2.100000000000000089 ) ) ;
#1233 = EDGE_CURVE ( 'NONE', #6310, #1579, #1643, .T. ) ;
#1234 = ORIENTED_EDGE ( 'NONE', *, *, #49, .F. ) ;
#1235 = ORIENTED_EDGE ( 'NONE', *, *, #6186, .T. ) ;
#1236 = CARTESIAN_POINT ( 'NONE',  ( -0.2425215054681940652, -0.4925215054681937321, 0.3004301093587473104 ) ) ;
#1237 = ORIENTED_EDGE ( 'NONE', *, *, #3570, .T. ) ;
#1238 = CARTESIAN_POINT ( 'NONE',  ( -1.500000000000000000, 0.3499999999999999778, 2.299999999999999822 ) ) ;
#1239 = LINE ( 'NONE', #4127, #6625 ) ;
#1240 = ORIENTED_EDGE ( 'NONE', *, *, #1059, .T. ) ;
#1241 = CARTESIAN_POINT ( 'NONE',  ( -0.5567020315621749038, 0.7075736932594643980, 0.3465428590174057244 ) ) ;
#1242 = EDGE_CURVE ( 'NONE', #4998, #6225, #1344, .T. ) ;
#1243 = CARTESIAN_POINT ( 'NONE',  ( 0.5538245945101739620, -0.4961754054897768995, 0.3735081097965269881 ) ) ;
#1244 = EDGE_LOOP ( 'NONE', ( #4602, #5583, #1781, #7144 ) ) ;
#1245 = DIRECTION ( 'NONE',  ( 0.000000000000000000, 1.000000000000000000, 0.000000000000000000 ) ) ;
#1246 = DIRECTION ( 'NONE',  ( 0.000000000000000000, 0.000000000000000000, -1.000000000000000000 ) ) ;
#1247 = ORIENTED_EDGE ( 'NONE', *, *, #4366, .F. ) ;
#1248 = VERTEX_POINT ( 'NONE', #6071 ) ;
#1249 = CARTESIAN_POINT ( 'NONE',  ( 0.6407106710560011020, -0.3939340843626628064, 0.2527985861194563255 ) ) ;
#1250 = FACE_BOUND ( 'NONE', #3587, .T. ) ;
#1251 = CARTESIAN_POINT ( 'NONE',  ( -1.849999999954001328, 0.4500000000000002887, 2.371005050633883116 ) ) ;
#1252 = VERTEX_POINT ( 'NONE', #4428 ) ;
#1253 = DIRECTION ( 'NONE',  ( 0.000000000000000000, 1.000000000000000000, 0.000000000000000000 ) ) ;
#1254 = CARTESIAN_POINT ( 'NONE',  ( -0.5538245945100969125, -0.4961754054898649402, 0.3735081097979734976 ) ) ;
#1255 = DIRECTION ( 'NONE',  ( 0.000000000000000000, 0.000000000000000000, -1.000000000000000000 ) ) ;
#1256 = EDGE_CURVE ( 'NONE', #1433, #648, #239, .T. ) ;
#1257 = VECTOR ( 'NONE', #3466, 1000.000000000000000 ) ;
#1258 = FACE_OUTER_BOUND ( 'NONE', #979, .T. ) ;
#1259 = FACE_OUTER_BOUND ( 'NONE', #1383, .T. ) ;
#1260 = ORIENTED_EDGE ( 'NONE', *, *, #2378, .T. ) ;
#1261 = CARTESIAN_POINT ( 'NONE',  ( -0.5539744068252190345, 0.7040005536924069940, 0.3705099644632204869 ) ) ;
#1262 = ORIENTED_EDGE ( 'NONE', *, *, #2388, .F. ) ;
#1263 = EDGE_CURVE ( 'NONE', #7224, #1822, #1148, .T. ) ;
#1264 = CYLINDRICAL_SURFACE ( 'NONE', #2692, 0.1300000000000000044 ) ;
#1265 = EDGE_CURVE ( 'NONE', #4026, #5101, #6504, .T. ) ;
#1266 = VECTOR ( 'NONE', #6004, 1000.000000000000000 ) ;
#1267 = DIRECTION ( 'NONE',  ( -1.000000000000000000, 0.000000000000000000, 0.000000000000000000 ) ) ;
#1268 = VECTOR ( 'NONE', #466, 1000.000000000000000 ) ;
#1269 = VECTOR ( 'NONE', #3219, 1000.000000000000000 ) ;
#1270 = ORIENTED_EDGE ( 'NONE', *, *, #5571, .F. ) ;
#1271 = VECTOR ( 'NONE', #3844, 1000.000000000000000 ) ;
#1272 = CARTESIAN_POINT ( 'NONE',  ( -2.095000000000000195, 0.4749999999999999778, 2.100000000000000089 ) ) ;
#1273 = VERTEX_POINT ( 'NONE', #796 ) ;
#1274 = FACE_OUTER_BOUND ( 'NONE', #2009, .T. ) ;
#1275 = DIRECTION ( 'NONE',  ( 0.000000000000000000, 1.000000000000000000, 0.000000000000000000 ) ) ;
#1276 = ORIENTED_EDGE ( 'NONE', *, *, #4298, .F. ) ;
#1277 = PLANE ( 'NONE',  #1830 ) ;
#1278 = EDGE_CURVE ( 'NONE', #1874, #2822, #4928, .T. ) ;
#1279 = AXIS2_PLACEMENT_3D ( 'NONE', #5204, #1531, #1647 ) ;
#1280 = AXIS2_PLACEMENT_3D ( 'NONE', #5122, #7509, #2165 ) ;
#1281 = SURFACE_STYLE_FILL_AREA ( #1322 ) ;
#1282 = ORIENTED_EDGE ( 'NONE', *, *, #540, .F. ) ;
#1283 = VECTOR ( 'NONE', #586, 1000.000000000000114 ) ;
#1284 = CARTESIAN_POINT ( 'NONE',  ( 0.6500000000000000222, 0.000000000000000000, 0.2500000000000000000 ) ) ;
#1285 = AXIS2_PLACEMENT_3D ( 'NONE', #2493, #7254, #5971 ) ;
#1286 = PLANE ( 'NONE',  #777 ) ;
#1287 = ORIENTED_EDGE ( 'NONE', *, *, #7420, .T. ) ;
#1288 = ORIENTED_EDGE ( 'NONE', *, *, #1832, .T. ) ;
#1289 = CARTESIAN_POINT ( 'NONE',  ( 0.6499999999999801492, -0.3663376014356999888, 0.2500000000000000000 ) ) ;
#1290 = EDGE_CURVE ( 'NONE', #6472, #3376, #6698, .T. ) ;
#1291 = CARTESIAN_POINT ( 'NONE',  ( 1.000000000000000000, 0.5000000000000000000, 2.000000000000000000 ) ) ;
#1292 = LINE ( 'NONE', #701, #6688 ) ;
#1293 = ORIENTED_EDGE ( 'NONE', *, *, #219, .T. ) ;
#1294 = VECTOR ( 'NONE', #2950, 1000.000000000000000 ) ;
#1295 = DIRECTION ( 'NONE',  ( 0.000000000000000000, -1.000000000000000000, 0.000000000000000000 ) ) ;
#1296 = FACE_OUTER_BOUND ( 'NONE', #472, .T. ) ;
#1297 = EDGE_CURVE ( 'NONE', #7245, #3562, #3179, .T. ) ;
#1298 = AXIS2_PLACEMENT_3D ( 'NONE', #1575, #5747, #4461 ) ;
#1299 = CARTESIAN_POINT ( 'NONE',  ( -0.5350000000000000311, 0.6849999999999999423, 0.7500000000000000000 ) ) ;
#1300 = AXIS2_PLACEMENT_3D ( 'NONE', #7076, #1686, #5944 ) ;
#1301 = EDGE_LOOP ( 'NONE', ( #5762, #7551, #3897, #7216 ) ) ;
#1302 = CARTESIAN_POINT ( 'NONE',  ( 1.899999999999999911, -0.09682458365518480103, 2.200000000000000178 ) ) ;
#1303 = PLANE ( 'NONE',  #1905 ) ;
#1304 = EDGE_LOOP ( 'NONE', ( #6515, #4915, #4867, #3076, #1313, #2155, #1128, #2660, #3338, #4639, #4706, #3862, #2481, #4934, #5322, #5874, #1944, #5365 ) ) ;
#1305 = CYLINDRICAL_SURFACE ( 'NONE', #6014, 0.07000000000000018707 ) ;
#1306 = DIRECTION ( 'NONE',  ( 0.000000000000000000, -1.000000000000000000, 0.000000000000000000 ) ) ;
#1307 = CIRCLE ( 'NONE', #2305, 0.09999999999999993616 ) ;
#1308 = DIRECTION ( 'NONE',  ( 0.000000000000000000, 0.000000000000000000, 1.000000000000000000 ) ) ;
#1309 = ADVANCED_FACE ( 'NONE', ( #5627 ), #6769, .T. ) ;
#1310 = EDGE_CURVE ( 'NONE', #7293, #3440, #4317, .T. ) ;
#1311 = VECTOR ( 'NONE', #2716, 1000.000000000000000 ) ;
#1312 = LINE ( 'NONE', #3698, #1271 ) ;
#1313 = ORIENTED_EDGE ( 'NONE', *, *, #5342, .F. ) ;
#1314 = CARTESIAN_POINT ( 'NONE',  ( 1.525000000000000133, -0.8530330085889999969, 0.5530330085890000635 ) ) ;
#1315 = CARTESIAN_POINT ( 'NONE',  ( 2.120000000000000107, 0.4749999999999999778, 2.100000000000000089 ) ) ;
#1316 = ORIENTED_EDGE ( 'NONE', *, *, #6033, .T. ) ;
#1317 = FACE_BOUND ( 'NONE', #7709, .T. ) ;
#1318 = AXIS2_PLACEMENT_3D ( 'NONE', #1365, #1963, #6644 ) ;
#1319 = EDGE_CURVE ( 'NONE', #5199, #5382, #3396, .T. ) ;
#1320 = ORIENTED_EDGE ( 'NONE', *, *, #5717, .F. ) ;
#1321 = AXIS2_PLACEMENT_3D ( 'NONE', #6054, #7302, #3748 ) ;
#1322 = FILL_AREA_STYLE ('',( #3709 ) ) ;
#1323 = ORIENTED_EDGE ( 'NONE', *, *, #5117, .F. ) ;
#1324 = DIRECTION ( 'NONE',  ( 0.000000000000000000, -1.000000000000000000, 0.000000000000000000 ) ) ;
#1325 = PLANE ( 'NONE',  #4899 ) ;
#1326 = ORIENTED_EDGE ( 'NONE', *, *, #6950, .F. ) ;
#1327 = EDGE_LOOP ( 'NONE', ( #6198, #3972, #4349, #1834 ) ) ;
#1328 = CARTESIAN_POINT ( 'NONE',  ( -1.932869999999999866, -0.6449999999999999067, 1.800000000000000044 ) ) ;
#1329 = CARTESIAN_POINT ( 'NONE',  ( 0.7500000000000000000, 0.08500000000000000611, 0.7500000000000000000 ) ) ;
#1330 = AXIS2_PLACEMENT_3D ( 'NONE', #4679, #4098, #7099 ) ;
#1331 = EDGE_CURVE ( 'NONE', #7088, #7283, #7520, .T. ) ;
#1332 = ORIENTED_EDGE ( 'NONE', *, *, #4822, .F. ) ;
#1333 = DIRECTION ( 'NONE',  ( 0.000000000000000000, 1.000000000000000000, 0.000000000000000000 ) ) ;
#1334 = CARTESIAN_POINT ( 'NONE',  ( 1.550000000000000044, -0.4500000000000000111, 2.299999999999999822 ) ) ;
#1335 = VECTOR ( 'NONE', #565, 1000.000000000000000 ) ;
#1336 = LINE ( 'NONE', #7267, #2150 ) ;
#1337 = EDGE_CURVE ( 'NONE', #1273, #4741, #7322, .T. ) ;
#1338 = DIRECTION ( 'NONE',  ( 0.000000000000000000, 0.000000000000000000, -1.000000000000000000 ) ) ;
#1339 = CARTESIAN_POINT ( 'NONE',  ( -0.5546482206497793666, 0.4948566426500236037, 0.3570355870039970680 ) ) ;
#1340 = ORIENTED_EDGE ( 'NONE', *, *, #4582, .T. ) ;
#1341 = CARTESIAN_POINT ( 'NONE',  ( -0.5538245945101170076, -0.4961754054898789290, 0.3735081097975794795 ) ) ;
#1342 = LINE ( 'NONE', #6695, #4079 ) ;
#1343 = DIRECTION ( 'NONE',  ( 0.000000000000000000, -1.000000000000000000, 0.000000000000000000 ) ) ;
#1344 = LINE ( 'NONE', #7434, #4511 ) ;
#1345 = ORIENTED_EDGE ( 'NONE', *, *, #867, .F. ) ;
#1346 = DIRECTION ( 'NONE',  ( 1.000000000000000000, 0.000000000000000000, 0.000000000000000000 ) ) ;
#1347 = ORIENTED_EDGE ( 'NONE', *, *, #3529, .F. ) ;
#1348 = CARTESIAN_POINT ( 'NONE',  ( -1.908333333333320114, 0.1105541596785194064, 2.100000000000000089 ) ) ;
#1349 = EDGE_CURVE ( 'NONE', #3917, #5347, #3340, .T. ) ;
#1350 = EDGE_CURVE ( 'NONE', #2446, #3622, #6377, .T. ) ;
#1351 = CARTESIAN_POINT ( 'NONE',  ( 0.5599999999999999423, 0.9000000000000000222, 0.2500000000000000000 ) ) ;
#1352 = VERTEX_POINT ( 'NONE', #3999 ) ;
#1353 = EDGE_LOOP ( 'NONE', ( #2100, #3472, #1620, #4250, #66 ) ) ;
#1354 = PLANE ( 'NONE',  #1191 ) ;
#1355 = FACE_OUTER_BOUND ( 'NONE', #2709, .T. ) ;
#1356 = VERTEX_POINT ( 'NONE', #6888 ) ;
#1357 = VERTEX_POINT ( 'NONE', #4462 ) ;
#1358 = DIRECTION ( 'NONE',  ( -1.000000000000000000, 0.000000000000000000, 0.000000000000000000 ) ) ;
#1359 = CYLINDRICAL_SURFACE ( 'NONE', #4774, 0.07000000000000018707 ) ;
#1360 = FACE_OUTER_BOUND ( 'NONE', #5580, .T. ) ;
#1361 = EDGE_CURVE ( 'NONE', #7558, #2918, #1495, .T. ) ;
#1362 = EDGE_CURVE ( 'NONE', #7169, #2904, #5977, .T. ) ;
#1363 = CARTESIAN_POINT ( 'NONE',  ( 1.800000000000000044, -0.3499999999999999778, 2.658830721404000563 ) ) ;
#1364 = ORIENTED_EDGE ( 'NONE', *, *, #5551, .T. ) ;
#1365 = CARTESIAN_POINT ( 'NONE',  ( 2.075000000000000178, 0.000000000000000000, 2.200000000000000178 ) ) ;
#1366 = DIRECTION ( 'NONE',  ( 0.000000000000000000, 0.000000000000000000, -1.000000000000000000 ) ) ;
#1367 = ORIENTED_EDGE ( 'NONE', *, *, #2873, .T. ) ;
#1368 = EDGE_CURVE ( 'NONE', #797, #2019, #7004, .T. ) ;
#1369 = FACE_OUTER_BOUND ( 'NONE', #7017, .T. ) ;
#1370 = LINE ( 'NONE', #198, #3165 ) ;
#1371 = CARTESIAN_POINT ( 'NONE',  ( -2.075000000000000178, 0.000000000000000000, 2.200000000000000178 ) ) ;
#1372 = ORIENTED_EDGE ( 'NONE', *, *, #1732, .T. ) ;
#1373 = CARTESIAN_POINT ( 'NONE',  ( 0.2461754054898004918, -0.7038245945101990753, 0.3735081097969095154 ) ) ;
#1374 = ORIENTED_EDGE ( 'NONE', *, *, #6240, .T. ) ;
#1375 = LINE ( 'NONE', #5041, #958 ) ;
#1376 = ADVANCED_FACE ( 'NONE', ( #6970 ), #5792, .T. ) ;
#1377 = DIRECTION ( 'NONE',  ( 0.000000000000000000, 0.000000000000000000, 1.000000000000000000 ) ) ;
#1378 = AXIS2_PLACEMENT_3D ( 'NONE', #2834, #1707, #6505 ) ;
#1379 = CARTESIAN_POINT ( 'NONE',  ( -0.8965076417431270261, -0.4982544935069809777, 2.100000000000000089 ) ) ;
#1380 = VERTEX_POINT ( 'NONE', #4042 ) ;
#1381 = VECTOR ( 'NONE', #6441, 1000.000000000000000 ) ;
#1382 = CARTESIAN_POINT ( 'NONE',  ( 1.500000000000000000, 0.2500000000000000000, 2.299999999999999822 ) ) ;
#1383 = EDGE_LOOP ( 'NONE', ( #3883, #4502, #623, #2499 ) ) ;
#1384 = FACE_OUTER_BOUND ( 'NONE', #5418, .T. ) ;
#1385 = ORIENTED_EDGE ( 'NONE', *, *, #4478, .F. ) ;
#1386 = VECTOR ( 'NONE', #1072, 1000.000000000000000 ) ;
#1387 = AXIS2_PLACEMENT_3D ( 'NONE', #6391, #336, #2290 ) ;
#1388 = LINE ( 'NONE', #293, #3510 ) ;
#1389 = EDGE_CURVE ( 'NONE', #1822, #1080, #1029, .T. ) ;
#1390 = EDGE_LOOP ( 'NONE', ( #4172, #5476, #4801, #3988 ) ) ;
#1391 = FACE_OUTER_BOUND ( 'NONE', #5594, .T. ) ;
#1392 = PLANE ( 'NONE',  #5145 ) ;
#1393 = ORIENTED_EDGE ( 'NONE', *, *, #1162, .T. ) ;
#1394 = DIRECTION ( 'NONE',  ( 1.000000000000000000, 0.000000000000000000, 0.000000000000000000 ) ) ;
#1395 = AXIS2_PLACEMENT_3D ( 'NONE', #6455, #4734, #3489 ) ;
#1396 = DIRECTION ( 'NONE',  ( -1.000000000000000000, 0.000000000000000000, 0.000000000000000000 ) ) ;
#1397 = ORIENTED_EDGE ( 'NONE', *, *, #5351, .T. ) ;
#1398 = VECTOR ( 'NONE', #4723, 1000.000000000000000 ) ;
#1399 = EDGE_CURVE ( 'NONE', #648, #918, #5709, .T. ) ;
#1400 = FACE_OUTER_BOUND ( 'NONE', #3257, .T. ) ;
#1401 = ORIENTED_EDGE ( 'NONE', *, *, #1399, .F. ) ;
#1402 = EDGE_CURVE ( 'NONE', #6550, #2763, #1774, .T. ) ;
#1403 = PLANE ( 'NONE',  #7534 ) ;
#1404 = DIRECTION ( 'NONE',  ( 0.000000000000000000, 0.000000000000000000, -1.000000000000000000 ) ) ;
#1405 = CARTESIAN_POINT ( 'NONE',  ( 1.500000000000000000, -0.2500000000000000000, 2.100000000000000089 ) ) ;
#1406 = VECTOR ( 'NONE', #4458, 1000.000000000000000 ) ;
#1407 = FACE_OUTER_BOUND ( 'NONE', #4239, .T. ) ;
#1408 = EDGE_CURVE ( 'NONE', #4223, #5813, #326, .T. ) ;
#1409 = VECTOR ( 'NONE', #5790, 1000.000000000000000 ) ;
#1410 = LINE ( 'NONE', #6649, #1177 ) ;
#1411 = CARTESIAN_POINT ( 'NONE',  ( -0.9499999999999999556, -0.4000000000000000222, 2.495600000000000041 ) ) ;
#1412 = ORIENTED_EDGE ( 'NONE', *, *, #6624, .F. ) ;
#1413 = DIRECTION ( 'NONE',  ( 0.000000000000000000, 0.000000000000000000, 1.000000000000000000 ) ) ;
#1414 = CARTESIAN_POINT ( 'NONE',  ( 2.112253379640000261, 0.7038245945102190593, 0.3735081097965274877 ) ) ;
#1415 = CARTESIAN_POINT ( 'NONE',  ( -1.399999999999999911, 0.2999999999999999889, 2.299999999999999822 ) ) ;
#1416 = VECTOR ( 'NONE', #823, 1000.000000000000000 ) ;
#1417 = EDGE_CURVE ( 'NONE', #2520, #2439, #2400, .T. ) ;
#1418 = CARTESIAN_POINT ( 'NONE',  ( 1.550000000000000044, -0.2999999999999999889, 2.330000000000000071 ) ) ;
#1419 = CARTESIAN_POINT ( 'NONE',  ( 0.2461754054898004918, -0.7038245945101990753, 0.3735081097969095154 ) ) ;
#1420 = ORIENTED_EDGE ( 'NONE', *, *, #5342, .T. ) ;
#1421 = AXIS2_PLACEMENT_3D ( 'NONE', #6443, #1596, #1006 ) ;
#1422 = CARTESIAN_POINT ( 'NONE',  ( -0.6500000000000000222, -0.3499999999999999778, 0.000000000000000000 ) ) ;
#1423 = ORIENTED_EDGE ( 'NONE', *, *, #1926, .T. ) ;
#1424 = CARTESIAN_POINT ( 'NONE',  ( -1.375000000000000000, 0.4000000000000000222, 0.2500000000000000000 ) ) ;
#1425 = VECTOR ( 'NONE', #5805, 1000.000000000000000 ) ;
#1426 = ADVANCED_FACE ( 'NONE', ( #445 ), #953, .F. ) ;
#1427 = CARTESIAN_POINT ( 'NONE',  ( 2.112253379640000261, 0.2336623985642999890, 0.3800000000000000044 ) ) ;
#1428 = CARTESIAN_POINT ( 'NONE',  ( 0.8510499682852941117, -0.3755476762978919858, 3.399999999896044844 ) ) ;
#1429 = ORIENTED_EDGE ( 'NONE', *, *, #733, .T. ) ;
#1430 = CYLINDRICAL_SURFACE ( 'NONE', #2804, 0.2999999999999999334 ) ;
#1431 = LINE ( 'NONE', #3822, #5276 ) ;
#1432 = ORIENTED_EDGE ( 'NONE', *, *, #4553, .T. ) ;
#1433 = VERTEX_POINT ( 'NONE', #4545 ) ;
#1434 = LINE ( 'NONE', #255, #2327 ) ;
#1435 = VECTOR ( 'NONE', #1528, 1000.000000000000000 ) ;
#1436 = SHAPE_DEFINITION_REPRESENTATION ( #4730, #6522 ) ;
#1437 = ADVANCED_FACE ( 'NONE', ( #7548 ), #2240, .T. ) ;
#1438 = VECTOR ( 'NONE', #5730, 1000.000000000000000 ) ;
#1439 = DIRECTION ( 'NONE',  ( 0.000000000000000000, 0.000000000000000000, -1.000000000000000000 ) ) ;
#1440 = ORIENTED_EDGE ( 'NONE', *, *, #7584, .T. ) ;
#1441 = CARTESIAN_POINT ( 'NONE',  ( -0.5538245945101090140, 0.4961754054898509514, 0.3735081097978219522 ) ) ;
#1442 = FACE_OUTER_BOUND ( 'NONE', #3502, .T. ) ;
#1443 = CARTESIAN_POINT ( 'NONE',  ( 0.6499999999999869216, 0.3499999999999999778, 0.2500000000000000000 ) ) ;
#1444 = VECTOR ( 'NONE', #3255, 1000.000000000000000 ) ;
#1445 = ADVANCED_FACE ( 'NONE', ( #2086 ), #6420, .T. ) ;
#1446 = ADVANCED_FACE ( 'NONE', ( #1613 ), #3416, .F. ) ;
#1447 = CARTESIAN_POINT ( 'NONE',  ( 0.8499999999848999455, -0.9000000000000000222, 1.100000000000000089 ) ) ;
#1448 = CIRCLE ( 'NONE', #7073, 0.1499999999999999667 ) ;
#1449 = CARTESIAN_POINT ( 'NONE',  ( -0.2461754054898420141, -0.1038245945101804041, 0.3735081097972889896 ) ) ;
#1450 = CARTESIAN_POINT ( 'NONE',  ( -0.5605677954435902555, 0.4880654778698061413, 0.3343675104904086370 ) ) ;
#1451 = EDGE_LOOP ( 'NONE', ( #1866, #2296, #5598, #2288 ) ) ;
#1452 = DIRECTION ( 'NONE',  ( 0.000000000000000000, -1.000000000000000000, 0.000000000000000000 ) ) ;
#1453 = CARTESIAN_POINT ( 'NONE',  ( 0.5350000000000000311, -0.6849999999999999423, 0.7500000000000000000 ) ) ;
#1454 = CARTESIAN_POINT ( 'NONE',  ( -0.6500000000000000222, -0.3499999999999999778, 0.000000000000000000 ) ) ;
#1455 = ADVANCED_FACE ( 'NONE', ( #2438 ), #5983, .T. ) ;
#1456 = AXIS2_PLACEMENT_3D ( 'NONE', #4034, #5704, #982 ) ;
#1457 = ORIENTED_EDGE ( 'NONE', *, *, #1543, .T. ) ;
#1458 = CARTESIAN_POINT ( 'NONE',  ( 1.899999999999999911, -0.2500000000000000000, 2.100000000000000089 ) ) ;
#1459 = LINE ( 'NONE', #6212, #4627 ) ;
#1460 = DIRECTION ( 'NONE',  ( 0.000000000000000000, -1.000000000000000000, 0.000000000000000000 ) ) ;
#1461 = ORIENTED_EDGE ( 'NONE', *, *, #7192, .T. ) ;
#1462 = CARTESIAN_POINT ( 'NONE',  ( -1.469999999999999973, -0.2999999999997209343, 2.399999999999999911 ) ) ;
#1463 = ORIENTED_EDGE ( 'NONE', *, *, #1172, .F. ) ;
#1464 = CARTESIAN_POINT ( 'NONE',  ( -1.925000000000000044, -0.1658312395178000165, 2.299999999999999822 ) ) ;
#1465 = ADVANCED_FACE ( 'NONE', ( #1259 ), #1106, .F. ) ;
#1466 = ORIENTED_EDGE ( 'NONE', *, *, #6264, .F. ) ;
#1467 = CARTESIAN_POINT ( 'NONE',  ( -0.6836623985643000001, 0.2336623985642999890, 0.2500000000000000000 ) ) ;
#1468 = DIRECTION ( 'NONE',  ( -0.9993908270190960952, 0.000000000000000000, -0.03489949670249306579 ) ) ;
#1469 = VERTEX_POINT ( 'NONE', #6539 ) ;
#1470 = CARTESIAN_POINT ( 'NONE',  ( -0.8510492565254180741, 0.4755324461018599624, 3.401745224023254632 ) ) ;
#1471 = CARTESIAN_POINT ( 'NONE',  ( -1.899999999999999911, 0.3499999999999999778, 2.100000000000000089 ) ) ;
#1472 = ORIENTED_EDGE ( 'NONE', *, *, #7368, .T. ) ;
#1473 = VERTEX_POINT ( 'NONE', #6577 ) ;
#1474 = CARTESIAN_POINT ( 'NONE',  ( 2.220000000000000195, 0.6250000000000000000, 2.299999999999999822 ) ) ;
#1475 = EDGE_CURVE ( 'NONE', #1207, #5683, #7507, .T. ) ;
#1476 = EDGE_LOOP ( 'NONE', ( #5169, #4621, #3417, #1769 ) ) ;
#1477 = DIRECTION ( 'NONE',  ( 1.000000000000000000, 0.000000000000000000, 0.000000000000000000 ) ) ;
#1478 = ORIENTED_EDGE ( 'NONE', *, *, #93, .F. ) ;
#1479 = LINE ( 'NONE', #817, #173 ) ;
#1480 = ORIENTED_EDGE ( 'NONE', *, *, #228, .F. ) ;
#1481 = CARTESIAN_POINT ( 'NONE',  ( -1.824999999999999956, -0.1658312395178000165, 2.200000000000000178 ) ) ;
#1482 = CARTESIAN_POINT ( 'NONE',  ( -0.6254115804877640183, -0.4159232580977175742, 0.2588844017590294366 ) ) ;
#1483 = FACE_OUTER_BOUND ( 'NONE', #1304, .T. ) ;
#1484 = EDGE_CURVE ( 'NONE', #3146, #759, #6461, .T. ) ;
#1485 = CARTESIAN_POINT ( 'NONE',  ( 1.474999999999999867, -0.3750000000000000000, 2.200000000000000178 ) ) ;
#1486 = ORIENTED_EDGE ( 'NONE', *, *, #4943, .F. ) ;
#1487 = CARTESIAN_POINT ( 'NONE',  ( -1.899999999999999911, 0.09682458365518528676, 2.299999999999999822 ) ) ;
#1488 = DIRECTION ( 'NONE',  ( 0.000000000000000000, -1.000000000000000000, 0.000000000000000000 ) ) ;
#1489 = CARTESIAN_POINT ( 'NONE',  ( -1.550000000000000044, -0.2999999999999999889, 2.299999999999999822 ) ) ;
#1490 = CARTESIAN_POINT ( 'NONE',  ( -1.800000000000000044, -0.2500000000000000000, 2.100000000000000089 ) ) ;
#1491 = ORIENTED_EDGE ( 'NONE', *, *, #2736, .T. ) ;
#1492 = LINE ( 'NONE', #5121, #3544 ) ;
#1493 = DIRECTION ( 'NONE',  ( 0.000000000000000000, 0.000000000000000000, -1.000000000000000000 ) ) ;
#1494 = EDGE_CURVE ( 'NONE', #3744, #2677, #4114, .T. ) ;
#1495 = LINE ( 'NONE', #6299, #4273 ) ;
#1496 = VERTEX_POINT ( 'NONE', #6496 ) ;
#1497 = EDGE_CURVE ( 'NONE', #4825, #7348, #4640, .T. ) ;
#1498 = CYLINDRICAL_SURFACE ( 'NONE', #1895, 0.1000000000000000472 ) ;
#1499 = VERTEX_POINT ( 'NONE', #3652 ) ;
#1500 = CARTESIAN_POINT ( 'NONE',  ( 0.2425215054676504722, 0.7074784945323495666, 0.3004301093582705251 ) ) ;
#1501 = DIRECTION ( 'NONE',  ( 0.000000000000000000, 0.000000000000000000, 1.000000000000000000 ) ) ;
#1502 = AXIS2_PLACEMENT_3D ( 'NONE', #5317, #5388, #4189 ) ;
#1503 = CARTESIAN_POINT ( 'NONE',  ( -0.6500000000000000222, -0.9000000000000000222, 0.000000000000000000 ) ) ;
#1504 = EDGE_LOOP ( 'NONE', ( #1888, #3929, #990, #1787, #6971, #6639 ) ) ;
#1505 = EDGE_CURVE ( 'NONE', #7088, #1976, #2280, .T. ) ;
#1506 = DIRECTION ( 'NONE',  ( -1.000000000000000000, 0.000000000000000000, 0.000000000000000000 ) ) ;
#1507 = CARTESIAN_POINT ( 'NONE',  ( 2.165223792956248783, -0.3704640115126516253, 2.289065747380111926 ) ) ;
#1508 = ORIENTED_EDGE ( 'NONE', *, *, #4287, .F. ) ;
#1509 = ORIENTED_EDGE ( 'NONE', *, *, #4736, .F. ) ;
#1510 = LINE ( 'NONE', #6158, #821 ) ;
#1511 = AXIS2_PLACEMENT_3D ( 'NONE', #5963, #2487, #5450 ) ;
#1512 = AXIS2_PLACEMENT_3D ( 'NONE', #4415, #6328, #2813 ) ;
#1513 = ORIENTED_EDGE ( 'NONE', *, *, #5769, .T. ) ;
#1514 = CARTESIAN_POINT ( 'NONE',  ( -2.100000000000000089, -0.9449999999999999512, 1.800000000000000044 ) ) ;
#1515 = ORIENTED_EDGE ( 'NONE', *, *, #1263, .F. ) ;
#1516 = EDGE_CURVE ( 'NONE', #3612, #3156, #5865, .T. ) ;
#1517 = VECTOR ( 'NONE', #1139, 1000.000000000000000 ) ;
#1518 = CARTESIAN_POINT ( 'NONE',  ( -0.8510499682816999867, 0.3755476762960995307, 3.399999999999999911 ) ) ;
#1519 = PRESENTATION_LAYER_ASSIGNMENT (  '', '', ( #6380 ) ) ;
#1520 = PLANE ( 'NONE',  #6061 ) ;
#1521 = LINE ( 'NONE', #4025, #6262 ) ;
#1522 = AXIS2_PLACEMENT_3D ( 'NONE', #2497, #7301, #1955 ) ;
#1523 = CIRCLE ( 'NONE', #3531, 0.1499999999999999667 ) ;
#1524 = EDGE_CURVE ( 'NONE', #4431, #1937, #3059, .T. ) ;
#1525 = DIRECTION ( 'NONE',  ( 1.000000000000000000, 0.000000000000000000, 0.000000000000000000 ) ) ;
#1526 = CARTESIAN_POINT ( 'NONE',  ( 0.000000000000000000, -0.8000000000000000444, 0.5000000000000000000 ) ) ;
#1527 = ORIENTED_EDGE ( 'NONE', *, *, #6601, .T. ) ;
#1528 = DIRECTION ( 'NONE',  ( 0.000000000000000000, 1.000000000000000000, 0.000000000000000000 ) ) ;
#1529 = AXIS2_PLACEMENT_3D ( 'NONE', #3716, #3116, #4467 ) ;
#1530 = VECTOR ( 'NONE', #3351, 1000.000000000000000 ) ;
#1531 = DIRECTION ( 'NONE',  ( 0.000000000000000000, 0.000000000000000000, 1.000000000000000000 ) ) ;
#1532 = DIRECTION ( 'NONE',  ( 0.000000000000000000, 1.000000000000000000, 0.000000000000000000 ) ) ;
#1533 = DIRECTION ( 'NONE',  ( 0.000000000000000000, 0.000000000000000000, -1.000000000000000000 ) ) ;
#1534 = VECTOR ( 'NONE', #1661, 1000.000000000000000 ) ;
#1535 = ORIENTED_EDGE ( 'NONE', *, *, #4554, .F. ) ;
#1536 = LINE ( 'NONE', #3924, #7033 ) ;
#1537 = ORIENTED_EDGE ( 'NONE', *, *, #2701, .T. ) ;
#1538 = CARTESIAN_POINT ( 'NONE',  ( 0.000000000000000000, 0.4500000000000000111, 2.299999999999999822 ) ) ;
#1539 = EDGE_LOOP ( 'NONE', ( #5807, #3615, #4597, #4361 ) ) ;
#1540 = CARTESIAN_POINT ( 'NONE',  ( -1.875000000000000000, -0.9499999999999999556, 0.6500000000000000222 ) ) ;
#1541 = AXIS2_PLACEMENT_3D ( 'NONE', #1514, #1477, #3276 ) ;
#1542 = PLANE ( 'NONE',  #2651 ) ;
#1543 = EDGE_CURVE ( 'NONE', #2166, #2106, #6025, .T. ) ;
#1544 = EDGE_CURVE ( 'NONE', #1737, #7519, #6887, .T. ) ;
#1545 = ORIENTED_EDGE ( 'NONE', *, *, #2597, .T. ) ;
#1546 = PLANE ( 'NONE',  #4625 ) ;
#1547 = CARTESIAN_POINT ( 'NONE',  ( 1.525000000000000133, -0.8000000000000000444, 0.5530330085890000635 ) ) ;
#1548 = ORIENTED_EDGE ( 'NONE', *, *, #2668, .T. ) ;
#1549 = CARTESIAN_POINT ( 'NONE',  ( -1.600000000000000089, -0.2500000000000000000, 2.100000000000000089 ) ) ;
#1550 = CARTESIAN_POINT ( 'NONE',  ( -2.299999999999999822, -0.6449999999999999067, 1.500000000000000000 ) ) ;
#1551 = EDGE_LOOP ( 'NONE', ( #3873, #5672, #4947, #2213, #6510 ) ) ;
#1552 = VERTEX_POINT ( 'NONE', #4158 ) ;
#1553 = FACE_OUTER_BOUND ( 'NONE', #210, .T. ) ;
#1554 = AXIS2_PLACEMENT_3D ( 'NONE', #7414, #934, #3320 ) ;
#1555 = EDGE_CURVE ( 'NONE', #3491, #501, #2903, .T. ) ;
#1556 = LINE ( 'NONE', #4062, #2885 ) ;
#1557 = VERTEX_POINT ( 'NONE', #2945 ) ;
#1558 = VECTOR ( 'NONE', #6820, 1000.000000000000000 ) ;
#1559 = CARTESIAN_POINT ( 'NONE',  ( -1.850000000000000089, -0.4500000000000000111, 2.330000000000000071 ) ) ;
#1560 = ORIENTED_EDGE ( 'NONE', *, *, #3839, .T. ) ;
#1561 = CARTESIAN_POINT ( 'NONE',  ( -2.194999999999999840, -0.3750000000000000000, 2.275997159067980391 ) ) ;
#1562 = FACE_OUTER_BOUND ( 'NONE', #1551, .T. ) ;
#1563 = EDGE_CURVE ( 'NONE', #6118, #6932, #1523, .T. ) ;
#1564 = VECTOR ( 'NONE', #4243, 1000.000000000000000 ) ;
#1565 = DIRECTION ( 'NONE',  ( 0.000000000000000000, 0.000000000000000000, 1.000000000000000000 ) ) ;
#1566 = CARTESIAN_POINT ( 'NONE',  ( -0.6499999999999801492, 0.3663376014356999888, 0.2500000000000000000 ) ) ;
#1567 = ORIENTED_EDGE ( 'NONE', *, *, #5143, .T. ) ;
#1568 = LINE ( 'NONE', #2732, #3178 ) ;
#1569 = AXIS2_PLACEMENT_3D ( 'NONE', #6051, #7257, #1875 ) ;
#1570 = PLANE ( 'NONE',  #2897 ) ;
#1571 = DIRECTION ( 'NONE',  ( 1.000000000000000000, 0.000000000000000000, 0.000000000000000000 ) ) ;
#1572 = LINE ( 'NONE', #6417, #5153 ) ;
#1573 = EDGE_CURVE ( 'NONE', #2446, #7373, #7197, .T. ) ;
#1574 = ORIENTED_EDGE ( 'NONE', *, *, #5094, .T. ) ;
#1575 = CARTESIAN_POINT ( 'NONE',  ( -1.850000000000000089, -0.2999999999999999889, 2.399999999999999911 ) ) ;
#1576 = DIRECTION ( 'NONE',  ( 0.000000000000000000, 0.000000000000000000, -1.000000000000000000 ) ) ;
#1577 = ORIENTED_EDGE ( 'NONE', *, *, #5604, .T. ) ;
#1578 = CARTESIAN_POINT ( 'NONE',  ( 1.925000000000000044, -0.1658312395178000165, 2.200000000000000178 ) ) ;
#1579 = VERTEX_POINT ( 'NONE', #5951 ) ;
#1580 = CARTESIAN_POINT ( 'NONE',  ( 0.5641348408898566591, -0.7159429995828932025, 0.3236746148519070720 ) ) ;
#1581 = VECTOR ( 'NONE', #5619, 1000.000000000000000 ) ;
#1582 = LINE ( 'NONE', #3423, #2157 ) ;
#1583 = ORIENTED_EDGE ( 'NONE', *, *, #7432, .F. ) ;
#1584 = FACE_OUTER_BOUND ( 'NONE', #4735, .T. ) ;
#1585 = DIRECTION ( 'NONE',  ( 0.000000000000000000, -1.000000000000000000, 0.000000000000000000 ) ) ;
#1586 = VERTEX_POINT ( 'NONE', #598 ) ;
#1587 = CARTESIAN_POINT ( 'NONE',  ( 0.8499999999848999455, -1.199999999999999956, 1.399999999999999911 ) ) ;
#1588 = DIRECTION ( 'NONE',  ( -0.04987546680538119254, 0.04987546680550029171, -0.9975093361076269316 ) ) ;
#1589 = VERTEX_POINT ( 'NONE', #2980 ) ;
#1590 = ADVANCED_FACE ( 'NONE', ( #1813 ), #3014, .F. ) ;
#1591 = ORIENTED_EDGE ( 'NONE', *, *, #4952, .F. ) ;
#1592 = PLANE ( 'NONE',  #4196 ) ;
#1593 = ADVANCED_FACE ( 'NONE', ( #5398, #1853, #4232 ), #1303, .T. ) ;
#1594 = DIRECTION ( 'NONE',  ( 1.000000000000000000, 0.000000000000000000, 0.000000000000000000 ) ) ;
#1595 = VERTEX_POINT ( 'NONE', #5582 ) ;
#1596 = DIRECTION ( 'NONE',  ( 0.000000000000000000, -0.9987523388778447586, 0.04993761694389219075 ) ) ;
#1597 = ADVANCED_FACE ( 'NONE', ( #1887 ), #4270, .T. ) ;
#1598 = ORIENTED_EDGE ( 'NONE', *, *, #3434, .F. ) ;
#1599 = CARTESIAN_POINT ( 'NONE',  ( -2.100000000000000089, 0.4000000000000000222, 0.2500000000000000000 ) ) ;
#1600 = EDGE_CURVE ( 'NONE', #4377, #4526, #3690, .T. ) ;
#1601 = PLANE ( 'NONE',  #7642 ) ;
#1602 = ORIENTED_EDGE ( 'NONE', *, *, #703, .T. ) ;
#1603 = DIRECTION ( 'NONE',  ( 0.000000000000000000, 1.000000000000000000, 0.000000000000000000 ) ) ;
#1604 = DIRECTION ( 'NONE',  ( 0.000000000000000000, 0.000000000000000000, -1.000000000000000000 ) ) ;
#1605 = CARTESIAN_POINT ( 'NONE',  ( 2.100000000000000089, 0.4000000000000000222, 0.2500000000000000000 ) ) ;
#1606 = CARTESIAN_POINT ( 'NONE',  ( -1.850000000000000089, -0.2999999999999999889, 2.330000000000000071 ) ) ;
#1607 = ADVANCED_FACE ( 'NONE', ( #7313 ), #4967, .F. ) ;
#1608 = DIRECTION ( 'NONE',  ( 0.000000000000000000, 0.000000000000000000, -1.000000000000000000 ) ) ;
#1609 = CYLINDRICAL_SURFACE ( 'NONE', #7193, 0.1300000000000000044 ) ;
#1610 = DIRECTION ( 'NONE',  ( 0.000000000000000000, 0.000000000000000000, 1.000000000000000000 ) ) ;
#1611 = VERTEX_POINT ( 'NONE', #1927 ) ;
#1612 = LINE ( 'NONE', #5085, #5778 ) ;
#1613 = FACE_OUTER_BOUND ( 'NONE', #5976, .T. ) ;
#1614 = ORIENTED_EDGE ( 'NONE', *, *, #465, .F. ) ;
#1615 = EDGE_CURVE ( 'NONE', #2520, #6147, #5626, .T. ) ;
#1616 = CARTESIAN_POINT ( 'NONE',  ( -0.2461754054898735167, -0.9115440117052999724, 0.3735081097983695142 ) ) ;
#1617 = VERTEX_POINT ( 'NONE', #3801 ) ;
#1618 = FACE_OUTER_BOUND ( 'NONE', #7703, .T. ) ;
#1619 = FACE_OUTER_BOUND ( 'NONE', #7680, .T. ) ;
#1620 = ORIENTED_EDGE ( 'NONE', *, *, #634, .F. ) ;
#1621 = ORIENTED_EDGE ( 'NONE', *, *, #1113, .F. ) ;
#1622 = DIRECTION ( 'NONE',  ( 0.000000000000000000, 1.000000000000000000, 0.000000000000000000 ) ) ;
#1623 = DIRECTION ( 'NONE',  ( 0.000000000000000000, 0.000000000000000000, 1.000000000000000000 ) ) ;
#1624 = ORIENTED_EDGE ( 'NONE', *, *, #6660, .T. ) ;
#1625 = CARTESIAN_POINT ( 'NONE',  ( -1.275000000000000133, 0.5000000000000000000, 0.000000000000000000 ) ) ;
#1626 = DIRECTION ( 'NONE',  ( 1.000000000000000000, 0.000000000000000000, 0.000000000000000000 ) ) ;
#1627 = VERTEX_POINT ( 'NONE', #4418 ) ;
#1628 = ORIENTED_EDGE ( 'NONE', *, *, #6705, .T. ) ;
#1629 = DIRECTION ( 'NONE',  ( 1.000000000000000000, 0.000000000000000000, 0.000000000000000000 ) ) ;
#1630 = VECTOR ( 'NONE', #4071, 1000.000000000000000 ) ;
#1631 = EDGE_CURVE ( 'NONE', #257, #584, #4343, .T. ) ;
#1632 = LINE ( 'NONE', #497, #6626 ) ;
#1633 = VERTEX_POINT ( 'NONE', #97 ) ;
#1634 = CARTESIAN_POINT ( 'NONE',  ( 2.075000000000000178, 0.000000000000000000, 2.299999999999999822 ) ) ;
#1635 = ORIENTED_EDGE ( 'NONE', *, *, #5528, .F. ) ;
#1636 = LINE ( 'NONE', #5852, #3814 ) ;
#1637 = VECTOR ( 'NONE', #7443, 1000.000000000000000 ) ;
#1638 = CARTESIAN_POINT ( 'NONE',  ( 0.9499999999999999556, -0.4000000000000000222, 2.495600000000000041 ) ) ;
#1639 = ORIENTED_EDGE ( 'NONE', *, *, #2727, .F. ) ;
#1640 = EDGE_CURVE ( 'NONE', #7686, #330, #6724, .T. ) ;
#1641 = ADVANCED_FACE ( 'NONE', ( #3725 ), #4309, .T. ) ;
#1642 = CIRCLE ( 'NONE', #4266, 0.2999999999999999334 ) ;
#1643 = CIRCLE ( 'NONE', #6010, 0.07000000000000018707 ) ;
#1644 = DIRECTION ( 'NONE',  ( -8.705496089999369231E-31, 5.543480938999820347E-15, -1.000000000000000000 ) ) ;
#1645 = CARTESIAN_POINT ( 'NONE',  ( -1.375000000000000000, -0.5000000000000000000, 0.5000000000000000000 ) ) ;
#1646 = CARTESIAN_POINT ( 'NONE',  ( 0.5748020454931664913, 0.7276259650513098309, 0.3047917905555170281 ) ) ;
#1647 = DIRECTION ( 'NONE',  ( 1.000000000000000000, 0.000000000000000000, 0.000000000000000000 ) ) ;
#1648 = CARTESIAN_POINT ( 'NONE',  ( 1.908333333333315007, 0.1105541596784976044, 2.299999999999999822 ) ) ;
#1649 = CIRCLE ( 'NONE', #2399, 0.1000000000000000472 ) ;
#1650 = CARTESIAN_POINT ( 'NONE',  ( 0.6430289865947389494, 0.3902125795788106144, 0.2520592787166228144 ) ) ;
#1651 = AXIS2_PLACEMENT_3D ( 'NONE', #3330, #3286, #4453 ) ;
#1652 = EDGE_CURVE ( 'NONE', #138, #218, #6064, .T. ) ;
#1653 = VECTOR ( 'NONE', #5777, 1000.000000000000000 ) ;
#1654 = DIRECTION ( 'NONE',  ( -1.000000000000000000, 0.000000000000000000, 0.000000000000000000 ) ) ;
#1655 = VECTOR ( 'NONE', #4676, 1000.000000000000000 ) ;
#1656 = CARTESIAN_POINT ( 'NONE',  ( -2.000000000000000000, 0.2999999999999999889, 2.330000000000000071 ) ) ;
#1657 = ORIENTED_EDGE ( 'NONE', *, *, #6884, .T. ) ;
#1658 = LINE ( 'NONE', #2123, #5873 ) ;
#1659 = ORIENTED_EDGE ( 'NONE', *, *, #387, .T. ) ;
#1660 = CARTESIAN_POINT ( 'NONE',  ( 0.6393875839007107098, -0.8040550691304901854, 0.2532900993116335986 ) ) ;
#1661 = DIRECTION ( 'NONE',  ( 1.000000000000000000, 0.000000000000000000, 0.000000000000000000 ) ) ;
#1662 = AXIS2_PLACEMENT_3D ( 'NONE', #7429, #3291, #864 ) ;
#1663 = ORIENTED_EDGE ( 'NONE', *, *, #4224, .F. ) ;
#1664 = EDGE_CURVE ( 'NONE', #4202, #6770, #401, .T. ) ;
#1665 = LINE ( 'NONE', #4052, #1003 ) ;
#1666 = FACE_OUTER_BOUND ( 'NONE', #3617, .T. ) ;
#1667 = ORIENTED_EDGE ( 'NONE', *, *, #4907, .T. ) ;
#1668 = AXIS2_PLACEMENT_3D ( 'NONE', #4367, #5068, #2103 ) ;
#1669 = CARTESIAN_POINT ( 'NONE',  ( 0.6836623985643000001, -0.2336623985642999890, 0.2500000000000000000 ) ) ;
#1670 = CARTESIAN_POINT ( 'NONE',  ( -0.2650000000000000133, 0.9000000000000000222, 0.7500000000000000000 ) ) ;
#1671 = ORIENTED_EDGE ( 'NONE', *, *, #5075, .T. ) ;
#1672 = ORIENTED_EDGE ( 'NONE', *, *, #1310, .T. ) ;
#1673 = DIRECTION ( 'NONE',  ( 1.000000000000000000, 0.000000000000000000, 0.000000000000000000 ) ) ;
#1674 = ADVANCED_FACE ( 'NONE', ( #200 ), #233, .T. ) ;
#1675 = AXIS2_PLACEMENT_3D ( 'NONE', #3613, #5287, #3456 ) ;
#1676 = CARTESIAN_POINT ( 'NONE',  ( 0.6512660830426759695, -1.299999987538480006, 1.423088437467532108 ) ) ;
#1677 = ORIENTED_EDGE ( 'NONE', *, *, #1331, .F. ) ;
#1678 = CARTESIAN_POINT ( 'NONE',  ( 0.000000000000000000, 0.000000000000000000, 2.299999999999999822 ) ) ;
#1679 = ORIENTED_EDGE ( 'NONE', *, *, #5894, .F. ) ;
#1680 = FACE_OUTER_BOUND ( 'NONE', #892, .T. ) ;
#1681 = VECTOR ( 'NONE', #4603, 1000.000000000000000 ) ;
#1682 = LINE ( 'NONE', #546, #3902 ) ;
#1683 = VERTEX_POINT ( 'NONE', #2616 ) ;
#1684 = AXIS2_PLACEMENT_3D ( 'NONE', #2379, #79, #2422 ) ;
#1685 = CARTESIAN_POINT ( 'NONE',  ( -0.6104931076458631756, -0.1604931076458633588, 0.2499999999999997224 ) ) ;
#1686 = DIRECTION ( 'NONE',  ( 0.000000000000000000, 1.000000000000000000, 0.000000000000000000 ) ) ;
#1687 =( BOUNDED_CURVE ( )  B_SPLINE_CURVE ( 3, ( #5136, #4010, #5217, #3935 ),
 .UNSPECIFIED., .F., .T. ) 
 B_SPLINE_CURVE_WITH_KNOTS ( ( 4, 4 ),
 ( 1.570796326794895004, 3.091634257871964664 ),
 .UNSPECIFIED. ) 
 CURVE ( )  GEOMETRIC_REPRESENTATION_ITEM ( )  RATIONAL_B_SPLINE_CURVE ( ( 1.000000000000000000, 0.8163648751927269354, 0.8163648751927269354, 1.000000000000000000 ) ) 
 REPRESENTATION_ITEM ( '' )  );
#1688 = DIRECTION ( 'NONE',  ( 0.000000000000000000, 1.000000000000000000, 0.000000000000000000 ) ) ;
#1689 = DIRECTION ( 'NONE',  ( -0.04987546680538117866, 0.04987546680550607875, -0.9975093361076267096 ) ) ;
#1690 = VERTEX_POINT ( 'NONE', #4997 ) ;
#1691 = EDGE_CURVE ( 'NONE', #574, #3120, #6958, .T. ) ;
#1692 = CARTESIAN_POINT ( 'NONE',  ( 2.100000000000000089, -0.9449999999999999512, 0.2500000000000000000 ) ) ;
#1693 = EDGE_CURVE ( 'NONE', #4891, #848, #978, .T. ) ;
#1694 = AXIS2_PLACEMENT_3D ( 'NONE', #2939, #5320, #7696 ) ;
#1695 = ORIENTED_EDGE ( 'NONE', *, *, #238, .F. ) ;
#1696 = AXIS2_PLACEMENT_3D ( 'NONE', #1800, #4645, #502 ) ;
#1697 = DIRECTION ( 'NONE',  ( 0.000000000000000000, 1.000000000000000000, 0.000000000000000000 ) ) ;
#1698 = CARTESIAN_POINT ( 'NONE',  ( -1.925000000000000044, -0.2704156197588999944, 2.200000000000000178 ) ) ;
#1699 = ORIENTED_EDGE ( 'NONE', *, *, #3363, .F. ) ;
#1700 = DIRECTION ( 'NONE',  ( -1.000000000000000000, 0.000000000000000000, 0.000000000000000000 ) ) ;
#1701 = EDGE_LOOP ( 'NONE', ( #3043, #1480, #6659, #7480 ) ) ;
#1702 = DIRECTION ( 'NONE',  ( 0.000000000000000000, 0.000000000000000000, -1.000000000000000000 ) ) ;
#1703 = ADVANCED_FACE ( 'NONE', ( #7423 ), #272, .T. ) ;
#1704 = PLANE ( 'NONE',  #5396 ) ;
#1705 = TOROIDAL_SURFACE ( 'NONE', #2689, 0.08000000000000220823, 0.06999999999999999278 ) ;
#1706 = ORIENTED_EDGE ( 'NONE', *, *, #4468, .F. ) ;
#1707 = DIRECTION ( 'NONE',  ( 0.000000000000000000, 0.000000000000000000, -1.000000000000000000 ) ) ;
#1708 = CARTESIAN_POINT ( 'NONE',  ( 1.525000000000000133, -0.8000000000000000444, -0.1881966011250000015 ) ) ;
#1709 = ORIENTED_EDGE ( 'NONE', *, *, #1760, .F. ) ;
#1710 = VECTOR ( 'NONE', #4742, 1000.000000000000000 ) ;
#1711 = CARTESIAN_POINT ( 'NONE',  ( -1.930000000000000160, 0.3086776736253000197, 2.330000000000000071 ) ) ;
#1712 = CARTESIAN_POINT ( 'NONE',  ( 0.5350000000000000311, 0.6849999999999999423, 0.7500000000000000000 ) ) ;
#1713 = EDGE_LOOP ( 'NONE', ( #5071, #4753, #2830, #7576 ) ) ;
#1714 = ORIENTED_EDGE ( 'NONE', *, *, #4806, .T. ) ;
#1715 = CARTESIAN_POINT ( 'NONE',  ( -1.930000000000000160, -0.2999999999873189660, 2.330000000000000071 ) ) ;
#1716 = ADVANCED_FACE ( 'NONE', ( #5036 ), #3955, .T. ) ;
#1717 = DIRECTION ( 'NONE',  ( -0.000000000000000000, 1.000000000000000000, 0.000000000000000000 ) ) ;
#1718 = ORIENTED_EDGE ( 'NONE', *, *, #7320, .T. ) ;
#1719 = DIRECTION ( 'NONE',  ( -1.000000000000000000, 0.000000000000000000, 0.000000000000000000 ) ) ;
#1720 = ORIENTED_EDGE ( 'NONE', *, *, #2640, .T. ) ;
#1721 = ORIENTED_EDGE ( 'NONE', *, *, #1475, .F. ) ;
#1722 = FACE_OUTER_BOUND ( 'NONE', #2953, .T. ) ;
#1723 = EDGE_CURVE ( 'NONE', #3358, #4444, #4535, .T. ) ;
#1724 = CARTESIAN_POINT ( 'NONE',  ( 0.2650000000000000133, -0.5150000000000000133, 0.7500000000000000000 ) ) ;
#1725 = ORIENTED_EDGE ( 'NONE', *, *, #6265, .T. ) ;
#1726 = CARTESIAN_POINT ( 'NONE',  ( -0.5830152926694178728, -0.7366123688503087852, 0.2921218145516760734 ) ) ;
#1727 = ORIENTED_EDGE ( 'NONE', *, *, #3324, .F. ) ;
#1728 = PLANE ( 'NONE',  #4300 ) ;
#1729 = LINE ( 'NONE', #6412, #7418 ) ;
#1730 = DIRECTION ( 'NONE',  ( 0.04987546680538118560, -0.04987546680550408035, -0.9975093361076268206 ) ) ;
#1731 = ORIENTED_EDGE ( 'NONE', *, *, #5361, .T. ) ;
#1732 = EDGE_CURVE ( 'NONE', #5803, #4484, #5006, .T. ) ;
#1733 = DIRECTION ( 'NONE',  ( 0.000000000000000000, 1.000000000000000000, 0.000000000000000000 ) ) ;
#1734 = CARTESIAN_POINT ( 'NONE',  ( 0.7500000000000000000, -0.08500000000000000611, 0.7500000000000000000 ) ) ;
#1735 = ORIENTED_EDGE ( 'NONE', *, *, #2174, .F. ) ;
#1736 = CARTESIAN_POINT ( 'NONE',  ( 0.2650000000000000133, 0.9000000000000000222, 0.7500000000000000000 ) ) ;
#1737 = VERTEX_POINT ( 'NONE', #6962 ) ;
#1738 = CARTESIAN_POINT ( 'NONE',  ( 0.6031414644350422405, -0.7589371575775930578, 0.2736226604981507049 ) ) ;
#1739 = FACE_OUTER_BOUND ( 'NONE', #4838, .T. ) ;
#1740 = EDGE_CURVE ( 'NONE', #2992, #3956, #6015, .T. ) ;
#1741 = EDGE_CURVE ( 'NONE', #2134, #1754, #5158, .T. ) ;
#1742 = LINE ( 'NONE', #1114, #5610 ) ;
#1743 = CARTESIAN_POINT ( 'NONE',  ( -0.2461754054898470101, -0.4961754054898689370, 0.3735081097978280029 ) ) ;
#1744 = VERTEX_POINT ( 'NONE', #315 ) ;
#1745 = DIRECTION ( 'NONE',  ( 0.000000000000000000, 1.000000000000000000, 0.000000000000000000 ) ) ;
#1746 = CARTESIAN_POINT ( 'NONE',  ( 2.112253379640000261, 0.8336623985643000223, 0.3800000000000000044 ) ) ;
#1747 = ORIENTED_EDGE ( 'NONE', *, *, #4173, .F. ) ;
#1748 = DIRECTION ( 'NONE',  ( 0.000000000000000000, 0.000000000000000000, 1.000000000000000000 ) ) ;
#1749 = EDGE_CURVE ( 'NONE', #619, #2208, #7688, .T. ) ;
#1750 = DIRECTION ( 'NONE',  ( 0.000000000000000000, 1.000000000000000000, 0.000000000000000000 ) ) ;
#1751 = ORIENTED_EDGE ( 'NONE', *, *, #4082, .F. ) ;
#1752 = FACE_OUTER_BOUND ( 'NONE', #7448, .T. ) ;
#1753 = DIRECTION ( 'NONE',  ( -1.000000000000000000, 0.000000000000000000, 0.000000000000000000 ) ) ;
#1754 = VERTEX_POINT ( 'NONE', #6874 ) ;
#1755 = VERTEX_POINT ( 'NONE', #2343 ) ;
#1756 = CARTESIAN_POINT ( 'NONE',  ( 0.1163376014357000027, -0.3663376014356999888, 0.2500000000000000000 ) ) ;
#1757 = CARTESIAN_POINT ( 'NONE',  ( -0.2461754054898470101, -0.4961754054898689370, 0.3735081097978280029 ) ) ;
#1758 = VERTEX_POINT ( 'NONE', #3866 ) ;
#1759 = VECTOR ( 'NONE', #1622, 1000.000000000000000 ) ;
#1760 = EDGE_CURVE ( 'NONE', #6693, #5447, #6921, .T. ) ;
#1761 = CARTESIAN_POINT ( 'NONE',  ( -0.6490056111029567365, -0.8243264472718991875, 0.2502619736960299823 ) ) ;
#1762 = LINE ( 'NONE', #3738, #2738 ) ;
#1763 = CARTESIAN_POINT ( 'NONE',  ( 1.699999999999999956, -0.3750000000000000000, 2.200000000000000178 ) ) ;
#1764 = AXIS2_PLACEMENT_3D ( 'NONE', #7644, #5847, #5887 ) ;
#1765 = CARTESIAN_POINT ( 'NONE',  ( 0.5546126700666768050, 0.7050830542502281029, 0.3577465986660515740 ) ) ;
#1766 = DIRECTION ( 'NONE',  ( 1.000000000000000000, 0.000000000000000000, 0.000000000000000000 ) ) ;
#1767 = VECTOR ( 'NONE', #2451, 1000.000000000000000 ) ;
#1768 = VECTOR ( 'NONE', #2047, 1000.000000000000000 ) ;
#1769 = ORIENTED_EDGE ( 'NONE', *, *, #6318, .F. ) ;
#1770 = DIRECTION ( 'NONE',  ( 0.000000000000000000, 1.000000000000000000, 0.000000000000000000 ) ) ;
#1771 = CARTESIAN_POINT ( 'NONE',  ( 0.5538245945101739620, 0.7038245945102240553, 0.3735081097965279873 ) ) ;
#1772 = ORIENTED_EDGE ( 'NONE', *, *, #1505, .F. ) ;
#1773 = VECTOR ( 'NONE', #671, 1000.000000000000000 ) ;
#1774 = CIRCLE ( 'NONE', #4643, 0.1000000000000000472 ) ;
#1775 = DIRECTION ( 'NONE',  ( 0.000000000000000000, -1.000000000000000000, 0.000000000000000000 ) ) ;
#1776 = ORIENTED_EDGE ( 'NONE', *, *, #2472, .T. ) ;
#1777 = CARTESIAN_POINT ( 'NONE',  ( -0.8500000000151000101, -1.199999999999999956, 1.399999999999999911 ) ) ;
#1778 = CARTESIAN_POINT ( 'NONE',  ( -0.5350000000000000311, 0.9000000000000000222, 0.7500000000000000000 ) ) ;
#1779 = VECTOR ( 'NONE', #2466, 1000.000000000000000 ) ;
#1780 = VECTOR ( 'NONE', #3154, 1000.000000000000000 ) ;
#1781 = ORIENTED_EDGE ( 'NONE', *, *, #1012, .T. ) ;
#1782 = VERTEX_POINT ( 'NONE', #2775 ) ;
#1783 = DIRECTION ( 'NONE',  ( -1.000000000000000000, 0.000000000000000000, 0.000000000000000000 ) ) ;
#1784 = ORIENTED_EDGE ( 'NONE', *, *, #7192, .F. ) ;
#1785 = LINE ( 'NONE', #3591, #1564 ) ;
#1786 = CARTESIAN_POINT ( 'NONE',  ( -1.850000000000000089, -0.4500000000000000111, 2.299999999999999822 ) ) ;
#1787 = ORIENTED_EDGE ( 'NONE', *, *, #1219, .F. ) ;
#1788 = CARTESIAN_POINT ( 'NONE',  ( -0.5929541861521905322, 0.7474398216734911005, 0.2816745734635829335 ) ) ;
#1789 = AXIS2_PLACEMENT_3D ( 'NONE', #5621, #278, #2042 ) ;
#1790 = EDGE_CURVE ( 'NONE', #7167, #6349, #6242, .T. ) ;
#1791 = EDGE_CURVE ( 'NONE', #5289, #7145, #5110, .T. ) ;
#1792 = ORIENTED_EDGE ( 'NONE', *, *, #7466, .F. ) ;
#1793 = CIRCLE ( 'NONE', #6657, 0.1000000000000000472 ) ;
#1794 = FACE_OUTER_BOUND ( 'NONE', #5015, .T. ) ;
#1795 = VERTEX_POINT ( 'NONE', #5077 ) ;
#1796 = CARTESIAN_POINT ( 'NONE',  ( -1.849999999995879607, 0.3000000000112906240, 2.400000000000001243 ) ) ;
#1797 = DIRECTION ( 'NONE',  ( 0.000000000000000000, 1.000000000000000000, 0.000000000000000000 ) ) ;
#1798 = EDGE_LOOP ( 'NONE', ( #588, #1218, #6607, #3713, #4177 ) ) ;
#1799 = EDGE_LOOP ( 'NONE', ( #515, #2670, #4908, #1709 ) ) ;
#1800 = CARTESIAN_POINT ( 'NONE',  ( -1.275000000000000133, 0.4000000000000000222, 0.000000000000000000 ) ) ;
#1801 = CARTESIAN_POINT ( 'NONE',  ( 0.8965074369655851028, 0.4982544935071779868, 2.100000000000000089 ) ) ;
#1802 = EDGE_CURVE ( 'NONE', #2607, #4476, #3365, .T. ) ;
#1803 = VECTOR ( 'NONE', #1770, 1000.000000000000000 ) ;
#1804 = ORIENTED_EDGE ( 'NONE', *, *, #2922, .T. ) ;
#1805 = VECTOR ( 'NONE', #2542, 1000.000000000000000 ) ;
#1806 = FACE_OUTER_BOUND ( 'NONE', #4792, .T. ) ;
#1807 = CARTESIAN_POINT ( 'NONE',  ( 0.6448013791789359850, 0.8127219903351923236, 0.2514902811073850275 ) ) ;
#1808 = LINE ( 'NONE', #4193, #399 ) ;
#1809 = EDGE_CURVE ( 'NONE', #4484, #3155, #3916, .T. ) ;
#1810 = VECTOR ( 'NONE', #4055, 1000.000000000000000 ) ;
#1811 = ORIENTED_EDGE ( 'NONE', *, *, #2641, .T. ) ;
#1812 = DIRECTION ( 'NONE',  ( -1.000000000000000000, 0.000000000000000000, 0.000000000000000000 ) ) ;
#1813 = FACE_OUTER_BOUND ( 'NONE', #861, .T. ) ;
#1814 = ORIENTED_EDGE ( 'NONE', *, *, #2222, .T. ) ;
#1815 = VECTOR ( 'NONE', #3068, 1000.000000000000000 ) ;
#1816 = DIRECTION ( 'NONE',  ( 1.000000000000000000, 0.000000000000000000, 0.000000000000000000 ) ) ;
#1817 = VERTEX_POINT ( 'NONE', #1605 ) ;
#1818 = DIRECTION ( 'NONE',  ( 1.000000000000000000, 0.000000000000000000, 0.000000000000000000 ) ) ;
#1819 = EDGE_CURVE ( 'NONE', #5881, #7395, #4137, .T. ) ;
#1820 = CARTESIAN_POINT ( 'NONE',  ( -2.095000000000000195, 0.2895950378225999877, 2.299999999999999822 ) ) ;
#1821 = CIRCLE ( 'NONE', #4314, 0.1000000000000000056 ) ;
#1822 = VERTEX_POINT ( 'NONE', #2730 ) ;
#1823 = VERTEX_POINT ( 'NONE', #2154 ) ;
#1824 = CARTESIAN_POINT ( 'NONE',  ( 0.2461754054898255273, -0.1038245945101579915, 0.3735081097972904884 ) ) ;
#1825 = ORIENTED_EDGE ( 'NONE', *, *, #7600, .F. ) ;
#1826 = CYLINDRICAL_SURFACE ( 'NONE', #4563, 0.09999999999999982514 ) ;
#1827 = DIRECTION ( 'NONE',  ( 0.000000000000000000, -1.000000000000000000, 0.000000000000000000 ) ) ;
#1828 = ORIENTED_EDGE ( 'NONE', *, *, #6033, .F. ) ;
#1829 = CARTESIAN_POINT ( 'NONE',  ( -2.120000000000000107, 0.9000000000000000222, 2.100000000000000089 ) ) ;
#1830 = AXIS2_PLACEMENT_3D ( 'NONE', #4246, #2993, #3669 ) ;
#1831 = VECTOR ( 'NONE', #1306, 1000.000000000000000 ) ;
#1832 = EDGE_CURVE ( 'NONE', #7483, #4552, #6330, .T. ) ;
#1833 = FACE_OUTER_BOUND ( 'NONE', #1978, .T. ) ;
#1834 = ORIENTED_EDGE ( 'NONE', *, *, #7495, .T. ) ;
#1835 = LINE ( 'NONE', #5970, #6287 ) ;
#1836 = DIRECTION ( 'NONE',  ( 0.000000000000000000, -1.000000000000000000, 0.000000000000000000 ) ) ;
#1837 = VERTEX_POINT ( 'NONE', #7218 ) ;
#1838 = ORIENTED_EDGE ( 'NONE', *, *, #5239, .F. ) ;
#1839 = CARTESIAN_POINT ( 'NONE',  ( 0.6032749857866664955, -0.4409121749895480447, 0.2735169826720628694 ) ) ;
#1840 = PLANE ( 'NONE',  #6398 ) ;
#1841 = CARTESIAN_POINT ( 'NONE',  ( -1.929799999999999960, 0.2999999999797844930, 2.399999999999999911 ) ) ;
#1842 = AXIS2_PLACEMENT_3D ( 'NONE', #6974, #1702, #7010 ) ;
#1843 = ORIENTED_EDGE ( 'NONE', *, *, #6884, .F. ) ;
#1844 = ADVANCED_FACE ( 'NONE', ( #6048 ), #1872, .T. ) ;
#1845 = EDGE_CURVE ( 'NONE', #4112, #7283, #3633, .T. ) ;
#1846 = LINE ( 'NONE', #705, #6418 ) ;
#1847 = FACE_OUTER_BOUND ( 'NONE', #900, .T. ) ;
#1848 = LINE ( 'NONE', #3609, #1904 ) ;
#1849 = EDGE_LOOP ( 'NONE', ( #6580, #5746, #5493, #6928 ) ) ;
#1850 = ORIENTED_EDGE ( 'NONE', *, *, #4154, .T. ) ;
#1851 = EDGE_CURVE ( 'NONE', #619, #1683, #2460, .T. ) ;
#1852 = LINE ( 'NONE', #96, #6284 ) ;
#1853 = FACE_BOUND ( 'NONE', #5903, .T. ) ;
#1854 = ORIENTED_EDGE ( 'NONE', *, *, #160, .T. ) ;
#1855 = CARTESIAN_POINT ( 'NONE',  ( -0.5538995006676549204, 0.7038995806280928802, 0.3720083874388854239 ) ) ;
#1856 = EDGE_LOOP ( 'NONE', ( #1968, #376, #6823, #5727 ) ) ;
#1857 = CARTESIAN_POINT ( 'NONE',  ( 2.000000000000000000, 0.2999999999999999889, 2.299999999999999822 ) ) ;
#1858 = CARTESIAN_POINT ( 'NONE',  ( 0.000000000000000000, -0.4000000000000000222, 0.5000000000000000000 ) ) ;
#1859 = EDGE_CURVE ( 'NONE', #767, #2607, #3560, .T. ) ;
#1860 = ORIENTED_EDGE ( 'NONE', *, *, #5655, .F. ) ;
#1861 = ORIENTED_EDGE ( 'NONE', *, *, #537, .T. ) ;
#1862 = CARTESIAN_POINT ( 'NONE',  ( -2.250000000000000000, 0.9000000000000000222, 0.5000000000000000000 ) ) ;
#1863 = ORIENTED_EDGE ( 'NONE', *, *, #370, .T. ) ;
#1864 = CARTESIAN_POINT ( 'NONE',  ( -0.5540493129827799290, -0.4958725469090002336, 0.3690137403439989749 ) ) ;
#1865 = DIRECTION ( 'NONE',  ( 1.000000000000000000, 0.000000000000000000, 0.000000000000000000 ) ) ;
#1866 = ORIENTED_EDGE ( 'NONE', *, *, #4699, .T. ) ;
#1867 = FACE_BOUND ( 'NONE', #4529, .T. ) ;
#1868 = ORIENTED_EDGE ( 'NONE', *, *, #2934, .F. ) ;
#1869 = PLANE ( 'NONE',  #3381 ) ;
#1870 = ORIENTED_EDGE ( 'NONE', *, *, #1723, .T. ) ;
#1871 = LINE ( 'NONE', #3711, #3688 ) ;
#1872 = CYLINDRICAL_SURFACE ( 'NONE', #4028, 0.1499999999999999667 ) ;
#1873 = ORIENTED_EDGE ( 'NONE', *, *, #2501, .T. ) ;
#1874 = VERTEX_POINT ( 'NONE', #7143 ) ;
#1875 = DIRECTION ( 'NONE',  ( -1.000000000000000000, 1.626303258728255862E-15, 0.000000000000000000 ) ) ;
#1876 = CYLINDRICAL_SURFACE ( 'NONE', #5767, 0.09999999999999982514 ) ;
#1877 = CARTESIAN_POINT ( 'NONE',  ( -1.929599999999999982, 0.2999999999798349526, 2.399999999999999911 ) ) ;
#1878 = ORIENTED_EDGE ( 'NONE', *, *, #7510, .F. ) ;
#1879 = ADVANCED_FACE ( 'NONE', ( #659 ), #3080, .T. ) ;
#1880 = LINE ( 'NONE', #4810, #4671 ) ;
#1881 = CARTESIAN_POINT ( 'NONE',  ( -2.200000000000000178, 0.3499999999999999778, 2.100000000000000089 ) ) ;
#1882 = CARTESIAN_POINT ( 'NONE',  ( 0.8499999999848999455, -0.9000000000000000222, 1.399999999999999911 ) ) ;
#1883 = EDGE_CURVE ( 'NONE', #7468, #1352, #144, .T. ) ;
#1884 = EDGE_CURVE ( 'NONE', #3180, #4058, #4837, .T. ) ;
#1885 = VECTOR ( 'NONE', #6179, 1000.000000000000000 ) ;
#1886 = CYLINDRICAL_SURFACE ( 'NONE', #3554, 0.1000000000000000472 ) ;
#1887 = FACE_OUTER_BOUND ( 'NONE', #5106, .T. ) ;
#1888 = ORIENTED_EDGE ( 'NONE', *, *, #3585, .F. ) ;
#1889 = PLANE ( 'NONE',  #5124 ) ;
#1890 = DIRECTION ( 'NONE',  ( 1.000000000000000000, 0.000000000000000000, 0.000000000000000000 ) ) ;
#1891 = CIRCLE ( 'NONE', #4017, 0.2999999999999999334 ) ;
#1892 = DIRECTION ( 'NONE',  ( 0.000000000000000000, 0.000000000000000000, -1.000000000000000000 ) ) ;
#1893 = AXIS2_PLACEMENT_3D ( 'NONE', #434, #3284, #2728 ) ;
#1894 = EDGE_CURVE ( 'NONE', #5188, #3477, #5251, .T. ) ;
#1895 = AXIS2_PLACEMENT_3D ( 'NONE', #2561, #4320, #4975 ) ;
#1896 = MECHANICAL_DESIGN_GEOMETRIC_PRESENTATION_REPRESENTATION (  '', ( #6380 ), #263 ) ;
#1897 = DIRECTION ( 'NONE',  ( -0.03489455119606340444, 0.01744177791665880300, -0.9992387876178202566 ) ) ;
#1898 = ORIENTED_EDGE ( 'NONE', *, *, #2139, .F. ) ;
#1899 = PLANE ( 'NONE',  #4061 ) ;
#1900 = LINE ( 'NONE', #4211, #2267 ) ;
#1901 = EDGE_LOOP ( 'NONE', ( #5973, #7497, #2919, #6859 ) ) ;
#1902 = CARTESIAN_POINT ( 'NONE',  ( -0.5599326875623642508, 0.7112193652824563284, 0.3363227335935349838 ) ) ;
#1903 = ADVANCED_FACE ( 'NONE', ( #114 ), #1286, .F. ) ;
#1904 = VECTOR ( 'NONE', #5979, 1000.000000000000227 ) ;
#1905 = AXIS2_PLACEMENT_3D ( 'NONE', #3834, #4376, #3208 ) ;
#1906 = CARTESIAN_POINT ( 'NONE',  ( -2.100000000000000089, -0.4000000000000000222, 1.800000000000000044 ) ) ;
#1907 = CARTESIAN_POINT ( 'NONE',  ( 1.375000000000000000, 0.4000000000000000222, 0.2500000000000000000 ) ) ;
#1908 = CIRCLE ( 'NONE', #656, 0.1000000000000000472 ) ;
#1909 = CARTESIAN_POINT ( 'NONE',  ( -1.850000000000000089, -0.2999999999999999889, 2.330000000000000071 ) ) ;
#1910 = VECTOR ( 'NONE', #1836, 1000.000000000000000 ) ;
#1911 = FACE_OUTER_BOUND ( 'NONE', #5141, .T. ) ;
#1912 = ORIENTED_EDGE ( 'NONE', *, *, #2606, .T. ) ;
#1913 = ORIENTED_EDGE ( 'NONE', *, *, #3839, .F. ) ;
#1914 = CARTESIAN_POINT ( 'NONE',  ( 0.5546126700666768050, -0.4949169457497719637, 0.3577465986660516850 ) ) ;
#1915 = CARTESIAN_POINT ( 'NONE',  ( 2.120000000000000107, 0.4749999999999999778, 1.932869999999999866 ) ) ;
#1916 = CARTESIAN_POINT ( 'NONE',  ( -1.849999999975530107, 0.3798000000000000265, 2.399999999999999911 ) ) ;
#1917 = ORIENTED_EDGE ( 'NONE', *, *, #7149, .T. ) ;
#1918 = CIRCLE ( 'NONE', #5016, 0.2000000000000000944 ) ;
#1919 = LINE ( 'NONE', #1559, #4924 ) ;
#1920 = CARTESIAN_POINT ( 'NONE',  ( 1.469999999999999973, -0.2999999999940560214, 2.399999999999999911 ) ) ;
#1921 = VECTOR ( 'NONE', #5118, 1000.000000000000114 ) ;
#1922 = DIRECTION ( 'NONE',  ( -0.04987546680543939598, -0.04987546680538149785, -0.9975093361076300402 ) ) ;
#1923 = VECTOR ( 'NONE', #1925, 1000.000000000000000 ) ;
#1924 = DIRECTION ( 'NONE',  ( 0.000000000000000000, 0.000000000000000000, -1.000000000000000000 ) ) ;
#1925 = DIRECTION ( 'NONE',  ( -1.000000000000000000, 0.000000000000000000, 0.000000000000000000 ) ) ;
#1926 = EDGE_CURVE ( 'NONE', #4205, #5608, #3676, .T. ) ;
#1927 = CARTESIAN_POINT ( 'NONE',  ( 1.849999999985170174, -0.4500000000000000111, 2.299999999999999822 ) ) ;
#1928 = ORIENTED_EDGE ( 'NONE', *, *, #6624, .T. ) ;
#1929 = EDGE_CURVE ( 'NONE', #1744, #4408, #3275, .T. ) ;
#1930 = CARTESIAN_POINT ( 'NONE',  ( 0.000000000000000000, 0.4000000000000000222, 0.5000000000000000000 ) ) ;
#1931 = DIRECTION ( 'NONE',  ( 0.000000000000000000, 1.000000000000000000, 0.000000000000000000 ) ) ;
#1932 = AXIS2_PLACEMENT_3D ( 'NONE', #6642, #1295, #7306 ) ;
#1933 = CARTESIAN_POINT ( 'NONE',  ( 1.930000000000000160, -0.2999999999999064526, 2.399999999999999911 ) ) ;
#1934 = VECTOR ( 'NONE', #2333, 1000.000000000000000 ) ;
#1935 = EDGE_CURVE ( 'NONE', #498, #7573, #7643, .T. ) ;
#1936 = CARTESIAN_POINT ( 'NONE',  ( -1.875000000000000000, -0.9000000000000000222, 0.000000000000000000 ) ) ;
#1937 = VERTEX_POINT ( 'NONE', #5381 ) ;
#1938 = EDGE_CURVE ( 'NONE', #7178, #3744, #42, .T. ) ;
#1939 = DIRECTION ( 'NONE',  ( -1.000000000000000000, 0.000000000000000000, 0.000000000000000000 ) ) ;
#1940 = CARTESIAN_POINT ( 'NONE',  ( -0.1163376014357000027, -0.2336623985642999890, 0.2500000000000000000 ) ) ;
#1941 = ORIENTED_EDGE ( 'NONE', *, *, #442, .T. ) ;
#1942 = DIRECTION ( 'NONE',  ( 1.548860246407859195E-14, 2.090961332650610150E-14, 1.000000000000000000 ) ) ;
#1943 = AXIS2_PLACEMENT_3D ( 'NONE', #3721, #6165, #3794 ) ;
#1944 = ORIENTED_EDGE ( 'NONE', *, *, #730, .T. ) ;
#1945 = CARTESIAN_POINT ( 'NONE',  ( 0.5539744068252460130, -0.4959994463075519944, 0.3705099644627314892 ) ) ;
#1946 = AXIS2_PLACEMENT_3D ( 'NONE', #5238, #3994, #7582 ) ;
#1947 = ADVANCED_FACE ( 'NONE', ( #1911 ), #4800, .T. ) ;
#1948 = VECTOR ( 'NONE', #2929, 1000.000000000000000 ) ;
#1949 = DIRECTION ( 'NONE',  ( 0.000000000000000000, 0.000000000000000000, -1.000000000000000000 ) ) ;
#1950 = CARTESIAN_POINT ( 'NONE',  ( 1.875000000000000000, -0.8000000000000000444, 0.1749999999999999889 ) ) ;
#1951 = VERTEX_POINT ( 'NONE', #80 ) ;
#1952 = ORIENTED_EDGE ( 'NONE', *, *, #3585, .T. ) ;
#1953 = CARTESIAN_POINT ( 'NONE',  ( 0.000000000000000000, 0.000000000000000000, 0.5000000000000000000 ) ) ;
#1954 = UNCERTAINTY_MEASURE_WITH_UNIT (LENGTH_MEASURE( 1.000000000000000082E-05 ), #4876, 'distance_accuracy_value', 'NONE');
#1955 = DIRECTION ( 'NONE',  ( 0.000000000000000000, 1.000000000000000000, 0.000000000000000000 ) ) ;
#1956 = CARTESIAN_POINT ( 'NONE',  ( -2.101981752618240051, -0.9436585567192180557, 2.100000000000000089 ) ) ;
#1957 = ORIENTED_EDGE ( 'NONE', *, *, #7486, .T. ) ;
#1958 = AXIS2_PLACEMENT_3D ( 'NONE', #463, #6437, #2254 ) ;
#1959 = CARTESIAN_POINT ( 'NONE',  ( 1.899999999999999911, 0.4749999999999999778, 2.100000000000000089 ) ) ;
#1960 = ORIENTED_EDGE ( 'NONE', *, *, #5324, .F. ) ;
#1961 = EDGE_CURVE ( 'NONE', #2700, #3856, #6594, .T. ) ;
#1962 = CARTESIAN_POINT ( 'NONE',  ( 2.101666840326619656, -0.9427777777777760493, 2.299999999999999822 ) ) ;
#1963 = DIRECTION ( 'NONE',  ( 0.000000000000000000, 0.000000000000000000, -1.000000000000000000 ) ) ;
#1964 = VECTOR ( 'NONE', #6727, 1000.000000000000000 ) ;
#1965 = DIRECTION ( 'NONE',  ( 0.000000000000000000, 0.000000000000000000, 1.000000000000000000 ) ) ;
#1966 = FACE_OUTER_BOUND ( 'NONE', #2593, .T. ) ;
#1967 = DIRECTION ( 'NONE',  ( -1.000000000000000000, 0.000000000000000000, 0.000000000000000000 ) ) ;
#1968 = ORIENTED_EDGE ( 'NONE', *, *, #7345, .T. ) ;
#1969 = CARTESIAN_POINT ( 'NONE',  ( -1.800000000000000044, 0.3499999999999999778, 2.299999999999999822 ) ) ;
#1970 = FACE_OUTER_BOUND ( 'NONE', #1229, .T. ) ;
#1971 = CARTESIAN_POINT ( 'NONE',  ( 0.5605677954435904775, 0.4880654778698059193, 0.3343675104904079709 ) ) ;
#1972 = ADVANCED_FACE ( 'NONE', ( #728 ), #1325, .T. ) ;
#1973 = CARTESIAN_POINT ( 'NONE',  ( -0.9965079230506389552, -0.3983003557155185281, 2.100000000000000089 ) ) ;
#1974 = ORIENTED_EDGE ( 'NONE', *, *, #1081, .T. ) ;
#1975 = LINE ( 'NONE', #286, #6247 ) ;
#1976 = VERTEX_POINT ( 'NONE', #252 ) ;
#1977 = CARTESIAN_POINT ( 'NONE',  ( -1.550000000004194911, 0.4500000000000000111, 2.299999999999999822 ) ) ;
#1978 = EDGE_LOOP ( 'NONE', ( #4678, #2879, #1432, #3673 ) ) ;
#1979 = EDGE_CURVE ( 'NONE', #1469, #1589, #7258, .T. ) ;
#1980 = EDGE_CURVE ( 'NONE', #5796, #994, #5430, .T. ) ;
#1981 = PLANE ( 'NONE',  #4489 ) ;
#1982 = SURFACE_STYLE_FILL_AREA ( #5597 ) ;
#1983 = ORIENTED_EDGE ( 'NONE', *, *, #6985, .F. ) ;
#1984 = DIRECTION ( 'NONE',  ( 0.000000000000000000, -1.000000000000000000, 0.000000000000000000 ) ) ;
#1985 = DIRECTION ( 'NONE',  ( -1.000000000000000000, 0.000000000000000000, 0.000000000000000000 ) ) ;
#1986 = VERTEX_POINT ( 'NONE', #925 ) ;
#1987 = ORIENTED_EDGE ( 'NONE', *, *, #1297, .T. ) ;
#1988 = CARTESIAN_POINT ( 'NONE',  ( 1.050000000000000044, -0.4000000000000000222, 2.299999999999999822 ) ) ;
#1989 = ADVANCED_FACE ( 'NONE', ( #2057 ), #183, .F. ) ;
#1990 = LINE ( 'NONE', #986, #4659 ) ;
#1991 = ORIENTED_EDGE ( 'NONE', *, *, #454, .T. ) ;
#1992 = CARTESIAN_POINT ( 'NONE',  ( 2.044999999999999929, -0.9050000000000000266, 2.299999999999999822 ) ) ;
#1993 = CARTESIAN_POINT ( 'NONE',  ( 1.824999999999999956, -0.1658312395178000165, 2.200000000000000178 ) ) ;
#1994 = CARTESIAN_POINT ( 'NONE',  ( -0.8510497311867469827, -0.3755476762870770258, 3.500000000000000000 ) ) ;
#1995 = ADVANCED_FACE ( 'NONE', ( #1355 ), #1392, .T. ) ;
#1996 = CARTESIAN_POINT ( 'NONE',  ( 2.044999999999999929, -0.9050000000000000266, 2.100000000000000089 ) ) ;
#1997 = CARTESIAN_POINT ( 'NONE',  ( -1.550000000000000044, -0.2999999999999999889, 2.330000000000000071 ) ) ;
#1998 = ORIENTED_EDGE ( 'NONE', *, *, #4173, .T. ) ;
#1999 = CARTESIAN_POINT ( 'NONE',  ( -2.250000000000000000, 0.9000000000000000222, 2.100000000000000089 ) ) ;
#2000 = VERTEX_POINT ( 'NONE', #3309 ) ;
#2001 = DIRECTION ( 'NONE',  ( 0.000000000000000000, 0.000000000000000000, 1.000000000000000000 ) ) ;
#2002 = CARTESIAN_POINT ( 'NONE',  ( 0.9509890507696260320, 0.5000000000000000000, 3.403489955797154742 ) ) ;
#2003 = VECTOR ( 'NONE', #6450, 1000.000000000000000 ) ;
#2004 = DIRECTION ( 'NONE',  ( 0.000000000000000000, -1.000000000000000000, 0.000000000000000000 ) ) ;
#2005 = CARTESIAN_POINT ( 'NONE',  ( -1.925000000000000044, 0.2704156197588999944, 2.299999999999999822 ) ) ;
#2006 = ORIENTED_EDGE ( 'NONE', *, *, #5783, .T. ) ;
#2007 = VECTOR ( 'NONE', #5034, 1000.000000000000000 ) ;
#2008 = CARTESIAN_POINT ( 'NONE',  ( -2.100000000000000089, 0.000000000000000000, 0.2500000000000000000 ) ) ;
#2009 = EDGE_LOOP ( 'NONE', ( #1247, #3211, #4144, #2463, #6321, #2647 ) ) ;
#2010 = CARTESIAN_POINT ( 'NONE',  ( 0.1163376014357000027, 0.8336623985643000223, 0.2500000000000000000 ) ) ;
#2011 = ORIENTED_EDGE ( 'NONE', *, *, #4846, .T. ) ;
#2012 = VECTOR ( 'NONE', #4705, 1000.000000000000000 ) ;
#2013 = VECTOR ( 'NONE', #7353, 1000.000000000000000 ) ;
#2014 = CARTESIAN_POINT ( 'NONE',  ( 0.000000000000000000, -1.300000000000000044, 0.000000000000000000 ) ) ;
#2015 = CARTESIAN_POINT ( 'NONE',  ( -0.2461754054898575295, 0.4961754054898469546, 0.3735081097978260045 ) ) ;
#2016 = ORIENTED_EDGE ( 'NONE', *, *, #3798, .F. ) ;
#2017 = DIRECTION ( 'NONE',  ( 1.000000000000000000, 0.000000000000000000, 0.000000000000000000 ) ) ;
#2018 = CARTESIAN_POINT ( 'NONE',  ( -1.049610460450316030, -1.299999984729446112, 1.415425110922764240 ) ) ;
#2019 = VERTEX_POINT ( 'NONE', #6116 ) ;
#2020 = ADVANCED_FACE ( 'NONE', ( #766 ), #7363, .T. ) ;
#2021 = ORIENTED_EDGE ( 'NONE', *, *, #7014, .F. ) ;
#2022 = DIRECTION ( 'NONE',  ( -1.000000000000000000, 0.000000000000000000, 0.000000000000000000 ) ) ;
#2023 = EDGE_CURVE ( 'NONE', #7348, #5188, #5004, .T. ) ;
#2024 = AXIS2_PLACEMENT_3D ( 'NONE', #708, #3125, #5505 ) ;
#2025 = VECTOR ( 'NONE', #393, 1000.000000000000000 ) ;
#2026 = AXIS2_PLACEMENT_3D ( 'NONE', #2149, #7535, #5197 ) ;
#2027 = AXIS2_PLACEMENT_3D ( 'NONE', #1315, #686, #3550 ) ;
#2028 = CARTESIAN_POINT ( 'NONE',  ( 0.7500000000000000000, -0.6849999999999999423, 0.7500000000000000000 ) ) ;
#2029 = EDGE_LOOP ( 'NONE', ( #1131, #30, #201, #120, #3627, #693 ) ) ;
#2030 = CARTESIAN_POINT ( 'NONE',  ( -1.600000000000000089, -0.2500000000000000000, 2.299999999999999822 ) ) ;
#2031 = DIRECTION ( 'NONE',  ( -0.03489418781260641284, -0.01744177813808910418, -0.9992388003036514199 ) ) ;
#2032 = EDGE_CURVE ( 'NONE', #2461, #4844, #3034, .T. ) ;
#2033 = LINE ( 'NONE', #6131, #5393 ) ;
#2034 = AXIS2_PLACEMENT_3D ( 'NONE', #368, #2864, #1075 ) ;
#2035 = CIRCLE ( 'NONE', #3038, 0.08000000000000086209 ) ;
#2036 = CARTESIAN_POINT ( 'NONE',  ( -1.925000000000000044, -0.2704156197588999944, 2.299999999999999822 ) ) ;
#2037 = CARTESIAN_POINT ( 'NONE',  ( 0.6500000000000000222, 0.9000000000000000222, 0.5000000000000000000 ) ) ;
#2038 = VERTEX_POINT ( 'NONE', #5600 ) ;
#2039 = EDGE_CURVE ( 'NONE', #4591, #501, #4474, .T. ) ;
#2040 = CARTESIAN_POINT ( 'NONE',  ( 0.000000000000000000, -1.300000000000000044, 0.000000000000000000 ) ) ;
#2041 = CARTESIAN_POINT ( 'NONE',  ( -0.2650000000000000133, 0.08500000000000000611, 0.7500000000000000000 ) ) ;
#2042 = DIRECTION ( 'NONE',  ( 0.000000000000000000, 0.000000000000000000, 1.000000000000000000 ) ) ;
#2043 = VECTOR ( 'NONE', #6797, 1000.000000000000000 ) ;
#2044 = EDGE_LOOP ( 'NONE', ( #6359, #4618, #2836, #5265 ) ) ;
#2045 = CARTESIAN_POINT ( 'NONE',  ( 0.9082409506391000420, 0.3755476762961000303, 3.399999999999999911 ) ) ;
#2046 = DIRECTION ( 'NONE',  ( 1.000000000000000000, 0.000000000000000000, 0.000000000000000000 ) ) ;
#2047 = DIRECTION ( 'NONE',  ( 0.000000000000000000, -1.000000000000000000, 0.000000000000000000 ) ) ;
#2048 = ORIENTED_EDGE ( 'NONE', *, *, #2554, .T. ) ;
#2049 = EDGE_CURVE ( 'NONE', #6550, #3388, #6709, .T. ) ;
#2050 = FACE_OUTER_BOUND ( 'NONE', #5008, .T. ) ;
#2051 = ORIENTED_EDGE ( 'NONE', *, *, #4516, .F. ) ;
#2052 = CARTESIAN_POINT ( 'NONE',  ( 0.1163376014357000027, 0.8336623985643000223, 0.2500000000000000000 ) ) ;
#2053 = AXIS2_PLACEMENT_3D ( 'NONE', #807, #5566, #220 ) ;
#2054 = DIRECTION ( 'NONE',  ( 1.000000000000000000, 0.000000000000000000, -1.224646799147353207E-16 ) ) ;
#2055 = CARTESIAN_POINT ( 'NONE',  ( -2.075000000000000178, 0.000000000000000000, 2.299999999999999822 ) ) ;
#2056 = PLANE ( 'NONE',  #7668 ) ;
#2057 = FACE_OUTER_BOUND ( 'NONE', #3533, .T. ) ;
#2058 = ORIENTED_EDGE ( 'NONE', *, *, #4795, .T. ) ;
#2059 = ORIENTED_EDGE ( 'NONE', *, *, #1162, .F. ) ;
#2060 = FACE_OUTER_BOUND ( 'NONE', #4558, .T. ) ;
#2061 = AXIS2_PLACEMENT_3D ( 'NONE', #1222, #3608, #7659 ) ;
#2062 = ORIENTED_EDGE ( 'NONE', *, *, #5049, .F. ) ;
#2063 = ADVANCED_FACE ( 'NONE', ( #2571 ), #4954, .F. ) ;
#2064 = AXIS2_PLACEMENT_3D ( 'NONE', #5272, #7146, #6484 ) ;
#2065 = DIRECTION ( 'NONE',  ( 1.000000000000000000, 0.000000000000000000, 0.000000000000000000 ) ) ;
#2066 = ORIENTED_EDGE ( 'NONE', *, *, #3753, .F. ) ;
#2067 = LINE ( 'NONE', #5728, #798 ) ;
#2068 = CARTESIAN_POINT ( 'NONE',  ( 0.5350000000000000311, 0.5150000000000000133, 0.7500000000000000000 ) ) ;
#2069 = DIRECTION ( 'NONE',  ( 1.000000000000000000, 0.000000000000000000, 0.000000000000000000 ) ) ;
#2070 = AXIS2_PLACEMENT_3D ( 'NONE', #4635, #7022, #1673 ) ;
#2071 = EDGE_CURVE ( 'NONE', #4626, #2827, #4983, .T. ) ;
#2072 = EDGE_CURVE ( 'NONE', #960, #1248, #1431, .T. ) ;
#2073 = DIRECTION ( 'NONE',  ( -1.850848880207040227E-14, 1.626303258728305245E-14, -1.000000000000000000 ) ) ;
#2074 = AXIS2_PLACEMENT_3D ( 'NONE', #7500, #2819, #2159 ) ;
#2075 = CARTESIAN_POINT ( 'NONE',  ( -0.5350000000000000311, 0.5150000000000000133, 0.7500000000000000000 ) ) ;
#2076 = DIRECTION ( 'NONE',  ( 0.000000000000000000, 0.000000000000000000, 1.000000000000000000 ) ) ;
#2077 = VERTEX_POINT ( 'NONE', #4518 ) ;
#2078 = LINE ( 'NONE', #6837, #1435 ) ;
#2079 = DIRECTION ( 'NONE',  ( 0.000000000000000000, 0.000000000000000000, -1.000000000000000000 ) ) ;
#2080 = DIRECTION ( 'NONE',  ( 0.000000000000000000, 0.000000000000000000, 1.000000000000000000 ) ) ;
#2081 = DIRECTION ( 'NONE',  ( 0.000000000000000000, -1.000000000000000000, 0.000000000000000000 ) ) ;
#2082 = AXIS2_PLACEMENT_3D ( 'NONE', #2314, #7041, #4698 ) ;
#2083 = ADVANCED_FACE ( 'NONE', ( #530 ), #5139, .F. ) ;
#2084 = VERTEX_POINT ( 'NONE', #3938 ) ;
#2085 = CARTESIAN_POINT ( 'NONE',  ( -1.850000000000000089, 0.2999999999999999889, 2.299999999999999822 ) ) ;
#2086 = FACE_OUTER_BOUND ( 'NONE', #4704, .T. ) ;
#2087 = EDGE_LOOP ( 'NONE', ( #4872, #7524, #4318, #6469 ) ) ;
#2088 = DIRECTION ( 'NONE',  ( 1.000000000000000000, 0.000000000000000000, 0.000000000000000000 ) ) ;
#2089 = ORIENTED_EDGE ( 'NONE', *, *, #2236, .F. ) ;
#2090 = CARTESIAN_POINT ( 'NONE',  ( 0.1163376014357000027, 0.000000000000000000, 0.2500000000000000000 ) ) ;
#2091 = DIRECTION ( 'NONE',  ( 1.000000000000000000, 0.000000000000000000, 0.000000000000000000 ) ) ;
#2092 = VERTEX_POINT ( 'NONE', #3470 ) ;
#2093 = EDGE_CURVE ( 'NONE', #5732, #7188, #2251, .T. ) ;
#2094 = CARTESIAN_POINT ( 'NONE',  ( 2.194999999999999840, -0.2750000000000000222, 2.299999999999999822 ) ) ;
#2095 = CARTESIAN_POINT ( 'NONE',  ( 0.9965079230508180341, -0.3983003551484455285, 2.100000000000000089 ) ) ;
#2096 = ORIENTED_EDGE ( 'NONE', *, *, #3997, .F. ) ;
#2097 = CARTESIAN_POINT ( 'NONE',  ( -2.100000000000000089, -0.6449999999999999067, 1.800000000000000044 ) ) ;
#2098 = DIRECTION ( 'NONE',  ( 0.000000000000000000, -0.9998476951563913806, 0.01745240643727980628 ) ) ;
#2099 = ORIENTED_EDGE ( 'NONE', *, *, #6605, .T. ) ;
#2100 = ORIENTED_EDGE ( 'NONE', *, *, #1740, .F. ) ;
#2101 = DIRECTION ( 'NONE',  ( 0.000000000000000000, 1.000000000000000000, 0.000000000000000000 ) ) ;
#2102 = EDGE_CURVE ( 'NONE', #1595, #3155, #2534, .T. ) ;
#2103 = DIRECTION ( 'NONE',  ( 1.000000000000000000, 0.000000000000000000, 0.000000000000000000 ) ) ;
#2104 = ORIENTED_EDGE ( 'NONE', *, *, #7226, .F. ) ;
#2105 = DIRECTION ( 'NONE',  ( 0.000000000000000000, 0.000000000000000000, 1.000000000000000000 ) ) ;
#2106 = VERTEX_POINT ( 'NONE', #1712 ) ;
#2107 = CARTESIAN_POINT ( 'NONE',  ( 1.899999999999999911, 0.2500000000000000000, 2.299999999999999822 ) ) ;
#2108 = CARTESIAN_POINT ( 'NONE',  ( 0.6500000000000000222, -0.3499999999999999778, 0.000000000000000000 ) ) ;
#2109 = CARTESIAN_POINT ( 'NONE',  ( -1.699999999999999956, 0.3750000000000000000, 2.200000000000000178 ) ) ;
#2110 = DIRECTION ( 'NONE',  ( 0.000000000000000000, 0.000000000000000000, -1.000000000000000000 ) ) ;
#2111 = CARTESIAN_POINT ( 'NONE',  ( -1.932869999999999866, -0.6449999999999999067, 1.500000000000000000 ) ) ;
#2112 = ORIENTED_EDGE ( 'NONE', *, *, #2883, .T. ) ;
#2113 = LINE ( 'NONE', #3366, #5308 ) ;
#2114 = CARTESIAN_POINT ( 'NONE',  ( 0.6512660830426759695, -1.299999987538480006, 1.423088437467532108 ) ) ;
#2115 = EDGE_CURVE ( 'NONE', #369, #295, #6905, .T. ) ;
#2116 = CARTESIAN_POINT ( 'NONE',  ( -2.113554018886000030, -0.1038245945101801959, 0.3735081097972919872 ) ) ;
#2117 = EDGE_CURVE ( 'NONE', #3004, #2956, #1084, .T. ) ;
#2118 = DIRECTION ( 'NONE',  ( 1.000000000000000000, 0.000000000000000000, 0.000000000000000000 ) ) ;
#2119 = ORIENTED_EDGE ( 'NONE', *, *, #550, .T. ) ;
#2120 = CARTESIAN_POINT ( 'NONE',  ( 1.275000000000000133, -0.9000000000000000222, 0.5000000000000000000 ) ) ;
#2121 = DIRECTION ( 'NONE',  ( -1.000000000000000000, 0.000000000000000000, 0.000000000000000000 ) ) ;
#2122 = ORIENTED_EDGE ( 'NONE', *, *, #775, .T. ) ;
#2123 = CARTESIAN_POINT ( 'NONE',  ( 0.000000000000000000, 0.3499999999999999778, 0.2500000000000000000 ) ) ;
#2124 = VERTEX_POINT ( 'NONE', #7019 ) ;
#2125 = CARTESIAN_POINT ( 'NONE',  ( 2.100000000000000089, -0.6449999999999999067, 1.800000000000000044 ) ) ;
#2126 = EDGE_CURVE ( 'NONE', #584, #381, #4096, .T. ) ;
#2127 = LINE ( 'NONE', #4875, #5889 ) ;
#2128 = CIRCLE ( 'NONE', #1378, 0.1000000000000000472 ) ;
#2129 = CARTESIAN_POINT ( 'NONE',  ( -2.095000000000000195, 0.2895950378225999877, 2.100000000000000089 ) ) ;
#2130 = EDGE_LOOP ( 'NONE', ( #5184, #7715, #7532, #7554 ) ) ;
#2131 = AXIS2_PLACEMENT_3D ( 'NONE', #6517, #7139, #2963 ) ;
#2132 = DIRECTION ( 'NONE',  ( 0.000000000000000000, -1.000000000000000000, 0.000000000000000000 ) ) ;
#2133 = DIRECTION ( 'NONE',  ( 0.000000000000000000, 0.000000000000000000, -1.000000000000000000 ) ) ;
#2134 = VERTEX_POINT ( 'NONE', #1550 ) ;
#2135 = CARTESIAN_POINT ( 'NONE',  ( 0.8510499682779999464, 0.3755476762961000303, 3.399999999999999911 ) ) ;
#2136 = EDGE_LOOP ( 'NONE', ( #5831, #2429, #6278, #5299 ) ) ;
#2137 = ORIENTED_EDGE ( 'NONE', *, *, #64, .T. ) ;
#2138 = DIRECTION ( 'NONE',  ( 0.000000000000000000, -1.000000000000000000, 0.000000000000000000 ) ) ;
#2139 = EDGE_CURVE ( 'NONE', #1352, #6483, #1118, .T. ) ;
#2140 = AXIS2_PLACEMENT_3D ( 'NONE', #3343, #329, #7511 ) ;
#2141 = VECTOR ( 'NONE', #76, 1000.000000000000000 ) ;
#2142 = CARTESIAN_POINT ( 'NONE',  ( 0.6503895395494150300, -1.299999984729446112, 1.415425110922370111 ) ) ;
#2143 = EDGE_LOOP ( 'NONE', ( #7447, #1725, #7451, #5270 ) ) ;
#2144 = LINE ( 'NONE', #4369, #4414 ) ;
#2145 = VECTOR ( 'NONE', #683, 1000.000000000000000 ) ;
#2146 = ORIENTED_EDGE ( 'NONE', *, *, #5323, .F. ) ;
#2147 = FACE_OUTER_BOUND ( 'NONE', #4955, .T. ) ;
#2148 = EDGE_CURVE ( 'NONE', #2124, #1552, #7523, .T. ) ;
#2149 = CARTESIAN_POINT ( 'NONE',  ( -0.8500000000151000101, -0.9000000000000000222, 1.399999999999999911 ) ) ;
#2150 = VECTOR ( 'NONE', #7378, 1000.000000000000000 ) ;
#2151 = AXIS2_PLACEMENT_3D ( 'NONE', #2548, #6651, #4933 ) ;
#2152 = CARTESIAN_POINT ( 'NONE',  ( 1.550000000000000044, 0.2999999999999999889, 2.399999999999999911 ) ) ;
#2153 = FACE_OUTER_BOUND ( 'NONE', #5084, .T. ) ;
#2154 = CARTESIAN_POINT ( 'NONE',  ( -2.100000000000000089, -0.3062249899919919360, 2.299999999999999822 ) ) ;
#2155 = ORIENTED_EDGE ( 'NONE', *, *, #1290, .F. ) ;
#2156 = DIRECTION ( 'NONE',  ( 1.000000000000000000, 0.000000000000000000, 0.000000000000000000 ) ) ;
#2157 = VECTOR ( 'NONE', #3931, 1000.000000000000000 ) ;
#2158 = DIRECTION ( 'NONE',  ( 0.000000000000000000, 0.000000000000000000, 1.000000000000000000 ) ) ;
#2159 = DIRECTION ( 'NONE',  ( 0.000000000000000000, 0.000000000000000000, 1.000000000000000000 ) ) ;
#2160 = CARTESIAN_POINT ( 'NONE',  ( 0.6500000000000000222, 0.3499999999999999778, 0.000000000000000000 ) ) ;
#2161 = EDGE_LOOP ( 'NONE', ( #4122, #7350 ) ) ;
#2162 = EDGE_CURVE ( 'NONE', #3581, #6378, #3504, .T. ) ;
#2163 = EDGE_CURVE ( 'NONE', #1273, #1633, #7024, .T. ) ;
#2164 = DIRECTION ( 'NONE',  ( 1.000000000000000000, 0.000000000000000000, 0.000000000000000000 ) ) ;
#2165 = DIRECTION ( 'NONE',  ( 0.000000000000000000, 0.000000000000000000, 1.000000000000000000 ) ) ;
#2166 = VERTEX_POINT ( 'NONE', #7564 ) ;
#2167 = CARTESIAN_POINT ( 'NONE',  ( 0.8499999999848999455, -1.199999999999999956, 1.399999999999999911 ) ) ;
#2168 = ORIENTED_EDGE ( 'NONE', *, *, #7173, .T. ) ;
#2169 = CARTESIAN_POINT ( 'NONE',  ( 1.925000000000000044, -0.9000000000000000222, 0.5000000000000000000 ) ) ;
#2170 = AXIS2_PLACEMENT_3D ( 'NONE', #2653, #2693, #6873 ) ;
#2171 = LINE ( 'NONE', #5798, #4031 ) ;
#2172 = ORIENTED_EDGE ( 'NONE', *, *, #1494, .T. ) ;
#2173 = EDGE_CURVE ( 'NONE', #2203, #1273, #2800, .T. ) ;
#2174 = EDGE_CURVE ( 'NONE', #3682, #5199, #5843, .T. ) ;
#2175 = VECTOR ( 'NONE', #891, 1000.000000000000000 ) ;
#2176 = CARTESIAN_POINT ( 'NONE',  ( 0.5540493129827800400, -0.4958718802752545285, 0.3690137403439990305 ) ) ;
#2177 = LINE ( 'NONE', #6348, #4383 ) ;
#2178 = ORIENTED_EDGE ( 'NONE', *, *, #3832, .F. ) ;
#2179 = FACE_OUTER_BOUND ( 'NONE', #2398, .T. ) ;
#2180 = CARTESIAN_POINT ( 'NONE',  ( 0.5540493129827800400, -0.9009336148352999896, 0.3690137403439990305 ) ) ;
#2181 = ORIENTED_EDGE ( 'NONE', *, *, #4353, .F. ) ;
#2182 = VERTEX_POINT ( 'NONE', #7639 ) ;
#2183 = CARTESIAN_POINT ( 'NONE',  ( 1.275000000000000133, 0.5000000000000000000, 0.000000000000000000 ) ) ;
#2184 = AXIS2_PLACEMENT_3D ( 'NONE', #6558, #4251, #3079 ) ;
#2185 = ADVANCED_FACE ( 'NONE', ( #2838 ), #6945, .F. ) ;
#2186 = LINE ( 'NONE', #4018, #2750 ) ;
#2187 = ORIENTED_EDGE ( 'NONE', *, *, #4145, .T. ) ;
#2188 = CIRCLE ( 'NONE', #2193, 0.1499999999999999667 ) ;
#2189 = FACE_BOUND ( 'NONE', #3095, .T. ) ;
#2190 = LINE ( 'NONE', #384, #3445 ) ;
#2191 = CARTESIAN_POINT ( 'NONE',  ( -0.1163376014357000027, -0.3663376014356999888, 0.2500000000000000000 ) ) ;
#2192 = VERTEX_POINT ( 'NONE', #6351 ) ;
#2193 = AXIS2_PLACEMENT_3D ( 'NONE', #2372, #2990, #1202 ) ;
#2194 = ADVANCED_FACE ( 'NONE', ( #3386 ), #6434, .T. ) ;
#2195 = DIRECTION ( 'NONE',  ( 0.04987546680550129091, 0.04987546680538128968, -0.9975093361076269316 ) ) ;
#2196 = DIRECTION ( 'NONE',  ( 0.000000000000000000, -1.000000000000000000, 0.000000000000000000 ) ) ;
#2197 = CYLINDRICAL_SURFACE ( 'NONE', #3808, 0.1499999999999999667 ) ;
#2198 = CIRCLE ( 'NONE', #7309, 0.2000000000000000944 ) ;
#2199 = CARTESIAN_POINT ( 'NONE',  ( -1.500000000000000000, -0.2500000000000000000, 2.100000000000000089 ) ) ;
#2200 = LINE ( 'NONE', #1692, #4828 ) ;
#2201 = LINE ( 'NONE', #5162, #3671 ) ;
#2202 = AXIS2_PLACEMENT_3D ( 'NONE', #2416, #3594, #3628 ) ;
#2203 = VERTEX_POINT ( 'NONE', #2294 ) ;
#2204 = CARTESIAN_POINT ( 'NONE',  ( -1.525000000000000133, -0.8000000000000000444, -0.1881966011250000015 ) ) ;
#2205 = DIRECTION ( 'NONE',  ( 0.000000000000000000, -1.000000000000000000, 0.000000000000000000 ) ) ;
#2206 = ORIENTED_EDGE ( 'NONE', *, *, #7557, .F. ) ;
#2207 = LINE ( 'NONE', #4587, #2393 ) ;
#2208 = VERTEX_POINT ( 'NONE', #4013 ) ;
#2209 = CARTESIAN_POINT ( 'NONE',  ( 0.9965079230508180341, -0.3983003551484455285, 2.100000000000000089 ) ) ;
#2210 = AXIS2_PLACEMENT_3D ( 'NONE', #2235, #1532, #5283 ) ;
#2211 = PLANE ( 'NONE',  #907 ) ;
#2212 = EDGE_CURVE ( 'NONE', #6990, #4431, #3662, .T. ) ;
#2213 = ORIENTED_EDGE ( 'NONE', *, *, #2163, .T. ) ;
#2214 = CARTESIAN_POINT ( 'NONE',  ( 1.525000000000000133, -0.9000000000000000222, 0.5000000000000000000 ) ) ;
#2215 = LINE ( 'NONE', #1079, #27 ) ;
#2216 = EDGE_LOOP ( 'NONE', ( #4782, #2181, #1987, #5148 ) ) ;
#2217 = DIRECTION ( 'NONE',  ( 0.000000000000000000, 0.000000000000000000, -1.000000000000000000 ) ) ;
#2218 = DIRECTION ( 'NONE',  ( 0.000000000000000000, -1.000000000000000000, 0.000000000000000000 ) ) ;
#2219 = EDGE_LOOP ( 'NONE', ( #4051, #2258, #3322, #1347 ) ) ;
#2220 = ORIENTED_EDGE ( 'NONE', *, *, #5295, .F. ) ;
#2221 = CARTESIAN_POINT ( 'NONE',  ( -2.250000000000000000, 0.4000000000000000222, 0.000000000000000000 ) ) ;
#2222 = EDGE_CURVE ( 'NONE', #544, #7453, #6394, .T. ) ;
#2223 = ADVANCED_FACE ( 'NONE', ( #4752 ), #2414, .F. ) ;
#2224 = DIRECTION ( 'NONE',  ( 1.000000000000000000, 0.000000000000000000, 0.000000000000000000 ) ) ;
#2225 = VERTEX_POINT ( 'NONE', #6039 ) ;
#2226 = CARTESIAN_POINT ( 'NONE',  ( -2.113554018886000030, -0.7038245945102179491, 0.3735081097965359809 ) ) ;
#2227 = VERTEX_POINT ( 'NONE', #6663 ) ;
#2228 = DIRECTION ( 'NONE',  ( 0.000000000000000000, 1.000000000000000000, 0.000000000000000000 ) ) ;
#2229 = LINE ( 'NONE', #6236, #1153 ) ;
#2230 = EDGE_CURVE ( 'NONE', #2956, #4923, #5613, .T. ) ;
#2231 = ORIENTED_EDGE ( 'NONE', *, *, #6167, .T. ) ;
#2232 = DIRECTION ( 'NONE',  ( 1.000000000000000000, 0.000000000000000000, 0.000000000000000000 ) ) ;
#2233 = CARTESIAN_POINT ( 'NONE',  ( 1.500000000000000000, 0.4749999999999999778, 2.100000000000000089 ) ) ;
#2234 = DIRECTION ( 'NONE',  ( 0.000000000000000000, 0.000000000000000000, -1.000000000000000000 ) ) ;
#2235 = CARTESIAN_POINT ( 'NONE',  ( 1.930000000000000160, -0.2999999999998144706, 2.330000000000000071 ) ) ;
#2236 = EDGE_CURVE ( 'NONE', #7058, #6210, #6509, .T. ) ;
#2237 = DIRECTION ( 'NONE',  ( -1.000000000000000000, 0.000000000000000000, 0.000000000000000000 ) ) ;
#2238 = ORIENTED_EDGE ( 'NONE', *, *, #5509, .T. ) ;
#2239 = CARTESIAN_POINT ( 'NONE',  ( -0.1163376014357000027, 0.8336623985643000223, 0.2500000000000000000 ) ) ;
#2240 = PLANE ( 'NONE',  #6756 ) ;
#2241 = VERTEX_POINT ( 'NONE', #3667 ) ;
#2242 = CARTESIAN_POINT ( 'NONE',  ( -2.220000000000000195, 0.4749999999999999778, 2.299999999999999822 ) ) ;
#2243 = ORIENTED_EDGE ( 'NONE', *, *, #5553, .T. ) ;
#2244 = CARTESIAN_POINT ( 'NONE',  ( 0.5569791683949584238, -0.7079017922905322946, 0.3451251010775114869 ) ) ;
#2245 = DIRECTION ( 'NONE',  ( 1.000000000000000000, 0.000000000000000000, 0.000000000000000000 ) ) ;
#2246 = ORIENTED_EDGE ( 'NONE', *, *, #360, .T. ) ;
#2247 = CARTESIAN_POINT ( 'NONE',  ( 1.600000000000000089, -0.3499999999999999778, 2.100000000000000089 ) ) ;
#2248 = EDGE_CURVE ( 'NONE', #2704, #7201, #1239, .T. ) ;
#2249 = LINE ( 'NONE', #1547, #390 ) ;
#2250 = ORIENTED_EDGE ( 'NONE', *, *, #2658, .F. ) ;
#2251 = LINE ( 'NONE', #6313, #658 ) ;
#2252 = ORIENTED_EDGE ( 'NONE', *, *, #6363, .T. ) ;
#2253 = ORIENTED_EDGE ( 'NONE', *, *, #2326, .F. ) ;
#2254 = DIRECTION ( 'NONE',  ( 1.000000000000000000, 0.000000000000000000, 0.000000000000000000 ) ) ;
#2255 = VECTOR ( 'NONE', #3382, 1000.000000000000000 ) ;
#2256 = EDGE_CURVE ( 'NONE', #3143, #737, #3251, .T. ) ;
#2257 = DIRECTION ( 'NONE',  ( 0.000000000000000000, 0.000000000000000000, 1.000000000000000000 ) ) ;
#2258 = ORIENTED_EDGE ( 'NONE', *, *, #1068, .F. ) ;
#2259 = ADVANCED_FACE ( 'NONE', ( #4830 ), #3103, .T. ) ;
#2260 = LINE ( 'NONE', #2533, #5296 ) ;
#2261 = VERTEX_POINT ( 'NONE', #610 ) ;
#2262 = DIRECTION ( 'NONE',  ( -1.000000000000000000, 0.000000000000000000, 0.000000000000000000 ) ) ;
#2263 = AXIS2_PLACEMENT_3D ( 'NONE', #6621, #1275, #6549 ) ;
#2264 = VECTOR ( 'NONE', #6400, 1000.000000000000000 ) ;
#2265 = CARTESIAN_POINT ( 'NONE',  ( -0.8500000000151003432, -1.299999999997758060, 1.600000473594530126 ) ) ;
#2266 = EDGE_LOOP ( 'NONE', ( #6524, #1001, #3776, #6192, #4271, #6392 ) ) ;
#2267 = VECTOR ( 'NONE', #6588, 1000.000000000000000 ) ;
#2268 = EDGE_CURVE ( 'NONE', #2182, #1557, #107, .T. ) ;
#2269 = CARTESIAN_POINT ( 'NONE',  ( -1.474999999999999867, 0.000000000000000000, 2.200000000000000178 ) ) ;
#2270 = DIRECTION ( 'NONE',  ( 0.000000000000000000, 0.000000000000000000, -1.000000000000000000 ) ) ;
#2271 = FACE_OUTER_BOUND ( 'NONE', #7297, .T. ) ;
#2272 = CARTESIAN_POINT ( 'NONE',  ( 1.275000000000000133, 0.5000000000000000000, 0.5000000000000000000 ) ) ;
#2273 = AXIS2_PLACEMENT_3D ( 'NONE', #5985, #59, #2441 ) ;
#2274 = AXIS2_PLACEMENT_3D ( 'NONE', #128, #824, #6692 ) ;
#2275 = EDGE_LOOP ( 'NONE', ( #6044, #7561, #5227, #2891 ) ) ;
#2276 = EDGE_CURVE ( 'NONE', #1976, #1207, #1900, .T. ) ;
#2277 = VECTOR ( 'NONE', #6261, 1000.000000000000000 ) ;
#2278 = CARTESIAN_POINT ( 'NONE',  ( 1.550000000003599832, -0.4500000000000000111, 2.330000000000000071 ) ) ;
#2279 = VECTOR ( 'NONE', #1246, 1000.000000000000000 ) ;
#2280 = LINE ( 'NONE', #3493, #3768 ) ;
#2281 = ORIENTED_EDGE ( 'NONE', *, *, #3037, .F. ) ;
#2282 = CARTESIAN_POINT ( 'NONE',  ( 2.194999999999999840, -0.2750000000000000222, 2.100000000000000089 ) ) ;
#2283 = ORIENTED_EDGE ( 'NONE', *, *, #6265, .F. ) ;
#2284 = CARTESIAN_POINT ( 'NONE',  ( -1.275000000000000133, 0.9000000000000000222, 0.000000000000000000 ) ) ;
#2285 = CARTESIAN_POINT ( 'NONE',  ( 0.000000000000000000, -0.3499999999999999778, 0.2500000000000000000 ) ) ;
#2286 = CIRCLE ( 'NONE', #5770, 0.09999999999999982514 ) ;
#2287 = ADVANCED_FACE ( 'NONE', ( #573 ), #7097, .T. ) ;
#2288 = ORIENTED_EDGE ( 'NONE', *, *, #1652, .T. ) ;
#2289 = CARTESIAN_POINT ( 'NONE',  ( 2.100000000000000089, 0.4000000000000000222, 0.000000000000000000 ) ) ;
#2290 = DIRECTION ( 'NONE',  ( 0.000000000000000000, 0.000000000000000000, -1.000000000000000000 ) ) ;
#2291 = ORIENTED_EDGE ( 'NONE', *, *, #4886, .F. ) ;
#2292 = CIRCLE ( 'NONE', #5284, 0.1499999999999999667 ) ;
#2293 = FACE_OUTER_BOUND ( 'NONE', #7596, .T. ) ;
#2294 = CARTESIAN_POINT ( 'NONE',  ( 2.299999999999999822, -0.9449999999999999512, 2.100000000000000089 ) ) ;
#2295 = ORIENTED_EDGE ( 'NONE', *, *, #1068, .T. ) ;
#2296 = ORIENTED_EDGE ( 'NONE', *, *, #3944, .T. ) ;
#2297 = FACE_OUTER_BOUND ( 'NONE', #3393, .T. ) ;
#2298 = AXIS2_PLACEMENT_3D ( 'NONE', #7701, #4737, #4966 ) ;
#2299 = DIRECTION ( 'NONE',  ( 1.000000000000000000, 0.000000000000000000, 0.000000000000000000 ) ) ;
#2300 = VERTEX_POINT ( 'NONE', #2959 ) ;
#2301 = DIRECTION ( 'NONE',  ( 1.000000000000000000, 0.000000000000000000, 0.000000000000000000 ) ) ;
#2302 = ORIENTED_EDGE ( 'NONE', *, *, #2308, .F. ) ;
#2303 = EDGE_LOOP ( 'NONE', ( #5271, #6759, #7316, #6934, #4465 ) ) ;
#2304 = PLANE ( 'NONE',  #4433 ) ;
#2305 = AXIS2_PLACEMENT_3D ( 'NONE', #7180, #5458, #3675 ) ;
#2306 = CARTESIAN_POINT ( 'NONE',  ( -0.8500000000151000101, -1.200000000000001066, 1.600000000000000089 ) ) ;
#2307 = VERTEX_POINT ( 'NONE', #7714 ) ;
#2308 = EDGE_CURVE ( 'NONE', #7545, #3726, #7131, .T. ) ;
#2309 = CARTESIAN_POINT ( 'NONE',  ( -0.8500000000151000101, -1.199999999999999956, 1.399999999999999911 ) ) ;
#2310 = VERTEX_POINT ( 'NONE', #5339 ) ;
#2311 = DIRECTION ( 'NONE',  ( 0.000000000000000000, 0.000000000000000000, 1.000000000000000000 ) ) ;
#2312 = DIRECTION ( 'NONE',  ( -0.9987523388778447586, 0.000000000000000000, 0.04993761694389219075 ) ) ;
#2313 = CARTESIAN_POINT ( 'NONE',  ( 1.525000000000000133, -0.9499999999999999556, -0.1881966011250000015 ) ) ;
#2314 = CARTESIAN_POINT ( 'NONE',  ( 0.6838871170368998609, 0.3498878721859000063, 0.3755056305466999977 ) ) ;
#2315 = AXIS2_PLACEMENT_3D ( 'NONE', #818, #7343, #7228 ) ;
#2316 = EDGE_CURVE ( 'NONE', #4666, #4719, #7006, .T. ) ;
#2317 = ADVANCED_FACE ( 'NONE', ( #2334 ), #5997, .T. ) ;
#2318 = ORIENTED_EDGE ( 'NONE', *, *, #667, .F. ) ;
#2319 = VECTOR ( 'NONE', #119, 1000.000000000000000 ) ;
#2320 = CIRCLE ( 'NONE', #6689, 0.1000000000000000472 ) ;
#2321 = CARTESIAN_POINT ( 'NONE',  ( -1.050029586577359897, -1.299999995623176030, 1.400000148455190052 ) ) ;
#2322 = EDGE_LOOP ( 'NONE', ( #2412, #851, #3773, #3104, #5360 ) ) ;
#2323 = LINE ( 'NONE', #3539, #4381 ) ;
#2324 = DIRECTION ( 'NONE',  ( 0.000000000000000000, 0.000000000000000000, -1.000000000000000000 ) ) ;
#2325 = FACE_OUTER_BOUND ( 'NONE', #5352, .T. ) ;
#2326 = EDGE_CURVE ( 'NONE', #5732, #967, #5176, .T. ) ;
#2327 = VECTOR ( 'NONE', #1394, 1000.000000000000000 ) ;
#2328 = VERTEX_POINT ( 'NONE', #2991 ) ;
#2329 = DIRECTION ( 'NONE',  ( 0.000000000000000000, 0.000000000000000000, 1.000000000000000000 ) ) ;
#2330 = FACE_OUTER_BOUND ( 'NONE', #2627, .T. ) ;
#2331 = ORIENTED_EDGE ( 'NONE', *, *, #5989, .T. ) ;
#2332 = AXIS2_PLACEMENT_3D ( 'NONE', #3212, #167, #321 ) ;
#2333 = DIRECTION ( 'NONE',  ( 0.000000000000000000, 0.000000000000000000, -1.000000000000000000 ) ) ;
#2334 = FACE_OUTER_BOUND ( 'NONE', #1244, .T. ) ;
#2335 = ORIENTED_EDGE ( 'NONE', *, *, #839, .F. ) ;
#2336 = VERTEX_POINT ( 'NONE', #3031 ) ;
#2337 = CARTESIAN_POINT ( 'NONE',  ( -0.6474304142646618576, 0.8199786129451602790, 0.2507221828342951486 ) ) ;
#2338 = LINE ( 'NONE', #5132, #1381 ) ;
#2339 = EDGE_CURVE ( 'NONE', #4007, #6444, #5411, .T. ) ;
#2340 = FACE_OUTER_BOUND ( 'NONE', #5154, .T. ) ;
#2341 = VERTEX_POINT ( 'NONE', #7210 ) ;
#2342 = FACE_BOUND ( 'NONE', #2551, .T. ) ;
#2343 = CARTESIAN_POINT ( 'NONE',  ( 0.2650000000000000133, 0.08499999999999689748, 0.7500000000000000000 ) ) ;
#2344 = VERTEX_POINT ( 'NONE', #4244 ) ;
#2345 = ORIENTED_EDGE ( 'NONE', *, *, #2371, .T. ) ;
#2346 = LINE ( 'NONE', #7, #4940 ) ;
#2347 = DIRECTION ( 'NONE',  ( 0.000000000000000000, 0.000000000000000000, 1.000000000000000000 ) ) ;
#2348 = ADVANCED_FACE ( 'NONE', ( #5558 ), #756, .T. ) ;
#2349 = ORIENTED_EDGE ( 'NONE', *, *, #6744, .T. ) ;
#2350 = CARTESIAN_POINT ( 'NONE',  ( -0.5635974630727036416, -0.7153549246078093615, 0.3247292784674539190 ) ) ;
#2351 = ORIENTED_EDGE ( 'NONE', *, *, #6554, .T. ) ;
#2352 = CARTESIAN_POINT ( 'NONE',  ( 1.850000000000000089, -0.2999999999999999889, 2.330000000000000071 ) ) ;
#2353 = EDGE_CURVE ( 'NONE', #7395, #2166, #192, .T. ) ;
#2354 = CARTESIAN_POINT ( 'NONE',  ( -1.275000000000000133, -0.3499999999999999778, 0.2500000000000000000 ) ) ;
#2355 = CARTESIAN_POINT ( 'NONE',  ( -0.1163376014357000027, 0.2336623985642999890, 0.2500000000000000000 ) ) ;
#2356 = ORIENTED_EDGE ( 'NONE', *, *, #7328, .F. ) ;
#2357 = DIRECTION ( 'NONE',  ( 1.000000000000000000, 0.000000000000000000, 0.000000000000000000 ) ) ;
#2358 = EDGE_CURVE ( 'NONE', #3581, #2106, #4388, .T. ) ;
#2359 = CARTESIAN_POINT ( 'NONE',  ( 1.550000000000000044, 0.2999999999999999889, 2.299999999999999822 ) ) ;
#2360 = EDGE_LOOP ( 'NONE', ( #1598, #7590, #4586, #2291, #10, #4762 ) ) ;
#2361 = EDGE_CURVE ( 'NONE', #2704, #7188, #838, .T. ) ;
#2362 = DIRECTION ( 'NONE',  ( 0.04987546680538140070, -0.04987546680549371364, -0.9975093361076272647 ) ) ;
#2363 = ORIENTED_EDGE ( 'NONE', *, *, #2212, .F. ) ;
#2364 = LINE ( 'NONE', #5402, #1710 ) ;
#2365 = DIRECTION ( 'NONE',  ( 0.000000000000000000, 1.000000000000000000, 0.000000000000000000 ) ) ;
#2366 = B_SPLINE_CURVE_WITH_KNOTS ( 'NONE', 3,
 ( #3981, #5812, #2923, #3392 ),
 .UNSPECIFIED., .F., .F.,
 ( 4, 4 ),
 ( 0.000000000000000000, 1.000000000000000000 ),
 .UNSPECIFIED. ) ;
#2367 = ORIENTED_EDGE ( 'NONE', *, *, #3272, .T. ) ;
#2368 = EDGE_LOOP ( 'NONE', ( #633, #4901, #6280, #1091, #1235, #2058 ) ) ;
#2369 = CARTESIAN_POINT ( 'NONE',  ( 1.925000000000000044, -0.4000000000000000222, 0.000000000000000000 ) ) ;
#2370 = VERTEX_POINT ( 'NONE', #1382 ) ;
#2371 = EDGE_CURVE ( 'NONE', #7051, #7633, #7249, .T. ) ;
#2372 = CARTESIAN_POINT ( 'NONE',  ( 1.875000000000000000, -0.8000000000000000444, 0.5000000000000000000 ) ) ;
#2373 = DIRECTION ( 'NONE',  ( 1.000000000000000000, 0.000000000000000000, 0.000000000000000000 ) ) ;
#2374 = ORIENTED_EDGE ( 'NONE', *, *, #4845, .T. ) ;
#2375 = DIRECTION ( 'NONE',  ( 0.000000000000000000, 0.000000000000000000, 1.000000000000000000 ) ) ;
#2376 = PLANE ( 'NONE',  #5745 ) ;
#2377 = ORIENTED_EDGE ( 'NONE', *, *, #3207, .F. ) ;
#2378 = EDGE_CURVE ( 'NONE', #6589, #7453, #1891, .T. ) ;
#2379 = CARTESIAN_POINT ( 'NONE',  ( -2.299999999999999822, -0.6449999999999999067, 1.800000000000000044 ) ) ;
#2380 = CARTESIAN_POINT ( 'NONE',  ( -0.8500000000151008983, -1.299999999995513855, 1.399999999999999911 ) ) ;
#2381 = ORIENTED_EDGE ( 'NONE', *, *, #5691, .F. ) ;
#2382 = ORIENTED_EDGE ( 'NONE', *, *, #604, .F. ) ;
#2383 = LINE ( 'NONE', #3563, #5810 ) ;
#2384 = LINE ( 'NONE', #6563, #7270 ) ;
#2385 = ORIENTED_EDGE ( 'NONE', *, *, #730, .F. ) ;
#2386 = VECTOR ( 'NONE', #5637, 1000.000000000000000 ) ;
#2387 = CARTESIAN_POINT ( 'NONE',  ( 0.5540493129827799290, -0.7041274530909997775, 0.3690137403439989749 ) ) ;
#2388 = EDGE_CURVE ( 'NONE', #5089, #6435, #6772, .T. ) ;
#2389 = DIRECTION ( 'NONE',  ( 0.000000000000000000, 0.000000000000000000, -1.000000000000000000 ) ) ;
#2390 = CARTESIAN_POINT ( 'NONE',  ( 0.6490056111029567365, 0.8243264472718991875, 0.2502619736960299823 ) ) ;
#2391 = CARTESIAN_POINT ( 'NONE',  ( -1.525000000000000133, -0.8750000000000000000, 0.1749999999999999889 ) ) ;
#2392 = ORIENTED_EDGE ( 'NONE', *, *, #1112, .T. ) ;
#2393 = VECTOR ( 'NONE', #6972, 1000.000000000000000 ) ;
#2394 = VECTOR ( 'NONE', #1460, 1000.000000000000000 ) ;
#2395 = ORIENTED_EDGE ( 'NONE', *, *, #24, .F. ) ;
#2396 = LINE ( 'NONE', #7158, #1803 ) ;
#2397 = CARTESIAN_POINT ( 'NONE',  ( 0.7500000000000000000, 0.5150000000000000133, 0.7500000000000000000 ) ) ;
#2398 = EDGE_LOOP ( 'NONE', ( #461, #7335, #3678, #923 ) ) ;
#2399 = AXIS2_PLACEMENT_3D ( 'NONE', #713, #203, #746 ) ;
#2400 = CIRCLE ( 'NONE', #5269, 0.07000000000000018707 ) ;
#2401 = FACE_OUTER_BOUND ( 'NONE', #6488, .T. ) ;
#2402 = ORIENTED_EDGE ( 'NONE', *, *, #2117, .F. ) ;
#2403 = FACE_OUTER_BOUND ( 'NONE', #5193, .T. ) ;
#2404 = LINE ( 'NONE', #7238, #157 ) ;
#2405 = ADVANCED_FACE ( 'NONE', ( #799 ), #640, .T. ) ;
#2406 = EDGE_CURVE ( 'NONE', #5373, #4626, #3181, .T. ) ;
#2407 = AXIS2_PLACEMENT_3D ( 'NONE', #1882, #3687, #6720 ) ;
#2408 = AXIS2_PLACEMENT_3D ( 'NONE', #4252, #5934, #6082 ) ;
#2409 = ORIENTED_EDGE ( 'NONE', *, *, #5804, .F. ) ;
#2410 = ORIENTED_EDGE ( 'NONE', *, *, #7673, .T. ) ;
#2411 = LINE ( 'NONE', #2369, #3888 ) ;
#2412 = ORIENTED_EDGE ( 'NONE', *, *, #6616, .T. ) ;
#2413 = DIRECTION ( 'NONE',  ( 0.000000000000000000, 1.000000000000000000, 0.000000000000000000 ) ) ;
#2414 = PLANE ( 'NONE',  #1028 ) ;
#2415 = ORIENTED_EDGE ( 'NONE', *, *, #1819, .T. ) ;
#2416 = CARTESIAN_POINT ( 'NONE',  ( -1.824999999999999956, 0.1658312395178000165, 2.299999999999999822 ) ) ;
#2417 = EDGE_CURVE ( 'NONE', #3371, #908, #912, .T. ) ;
#2418 = ADVANCED_FACE ( 'NONE', ( #2050 ), #5629, .F. ) ;
#2419 = AXIS2_PLACEMENT_3D ( 'NONE', #5742, #6295, #1610 ) ;
#2420 = CARTESIAN_POINT ( 'NONE',  ( -1.399999999999999911, 0.2999999999999999889, 2.299999999999999822 ) ) ;
#2421 = ORIENTED_EDGE ( 'NONE', *, *, #4907, .F. ) ;
#2422 = DIRECTION ( 'NONE',  ( 0.000000000000000000, 0.000000000000000000, 1.000000000000000000 ) ) ;
#2423 = CARTESIAN_POINT ( 'NONE',  ( 0.1163376014357000027, 0.000000000000000000, 0.2500000000000000000 ) ) ;
#2424 = ORIENTED_EDGE ( 'NONE', *, *, #2962, .F. ) ;
#2425 = ORIENTED_EDGE ( 'NONE', *, *, #4503, .T. ) ;
#2426 = CARTESIAN_POINT ( 'NONE',  ( -2.186022550784945118, -0.3750000000000000000, 2.280843019534970928 ) ) ;
#2427 = DIRECTION ( 'NONE',  ( 0.000000000000000000, 0.000000000000000000, -1.000000000000000000 ) ) ;
#2428 = AXIS2_PLACEMENT_3D ( 'NONE', #1645, #5354, #1016 ) ;
#2429 = ORIENTED_EDGE ( 'NONE', *, *, #803, .T. ) ;
#2430 = ADVANCED_FACE ( 'NONE', ( #6847 ), #1498, .T. ) ;
#2431 = AXIS2_PLACEMENT_3D ( 'NONE', #5202, #7695, #1100 ) ;
#2432 = DIRECTION ( 'NONE',  ( -1.000000000000000000, 0.000000000000000000, 0.000000000000000000 ) ) ;
#2433 = LINE ( 'NONE', #4811, #945 ) ;
#2434 = CARTESIAN_POINT ( 'NONE',  ( 2.000000000000000000, -0.2999999999996914579, 2.330000000000000071 ) ) ;
#2435 = EDGE_CURVE ( 'NONE', #6218, #5991, #7285, .T. ) ;
#2436 = ORIENTED_EDGE ( 'NONE', *, *, #3455, .F. ) ;
#2437 = FACE_OUTER_BOUND ( 'NONE', #1094, .T. ) ;
#2438 = FACE_OUTER_BOUND ( 'NONE', #4855, .T. ) ;
#2439 = VERTEX_POINT ( 'NONE', #1462 ) ;
#2440 = TOROIDAL_SURFACE ( 'NONE', #7055, 0.2000000000000000111, 0.1000000000000000056 ) ;
#2441 = DIRECTION ( 'NONE',  ( 1.000000000000000000, 1.776356839400249281E-15, 0.000000000000000000 ) ) ;
#2442 = ORIENTED_EDGE ( 'NONE', *, *, #2049, .F. ) ;
#2443 = FACE_OUTER_BOUND ( 'NONE', #3081, .T. ) ;
#2444 = CARTESIAN_POINT ( 'NONE',  ( -0.1163376014357000027, -0.9115440117052999724, 0.3800000000000000044 ) ) ;
#2445 = CIRCLE ( 'NONE', #1569, 0.1000000000000000472 ) ;
#2446 = VERTEX_POINT ( 'NONE', #2594 ) ;
#2447 = ORIENTED_EDGE ( 'NONE', *, *, #7413, .F. ) ;
#2448 = FACE_OUTER_BOUND ( 'NONE', #6572, .T. ) ;
#2449 = ORIENTED_EDGE ( 'NONE', *, *, #1600, .T. ) ;
#2450 = DIRECTION ( 'NONE',  ( 0.000000000000000000, 0.000000000000000000, -1.000000000000000000 ) ) ;
#2451 = DIRECTION ( 'NONE',  ( 0.000000000000000000, 0.000000000000000000, 1.000000000000000000 ) ) ;
#2452 = ORIENTED_EDGE ( 'NONE', *, *, #6949, .F. ) ;
#2453 = EDGE_CURVE ( 'NONE', #334, #109, #6182, .T. ) ;
#2454 = CARTESIAN_POINT ( 'NONE',  ( 0.2461754054898004918, -0.4961754054898009914, 0.3735081097969064623 ) ) ;
#2455 = CIRCLE ( 'NONE', #4695, 0.1499999999999999667 ) ;
#2456 = ORIENTED_EDGE ( 'NONE', *, *, #1242, .F. ) ;
#2457 = AXIS2_PLACEMENT_3D ( 'NONE', #2985, #1931, #3694 ) ;
#2458 = EDGE_LOOP ( 'NONE', ( #4674, #4097, #5522, #6982 ) ) ;
#2459 = CARTESIAN_POINT ( 'NONE',  ( 1.849999999997400169, 0.3800000000000000044, 2.330000000000000071 ) ) ;
#2460 = LINE ( 'NONE', #5346, #3904 ) ;
#2461 = VERTEX_POINT ( 'NONE', #1940 ) ;
#2462 = EDGE_CURVE ( 'NONE', #7633, #2344, #1975, .T. ) ;
#2463 = ORIENTED_EDGE ( 'NONE', *, *, #5115, .F. ) ;
#2464 = CYLINDRICAL_SURFACE ( 'NONE', #3189, 0.2999999999999999334 ) ;
#2465 = ADVANCED_FACE ( 'NONE', ( #241 ), #6701, .T. ) ;
#2466 = DIRECTION ( 'NONE',  ( 0.000000000000000000, 0.000000000000000000, -1.000000000000000000 ) ) ;
#2467 = LINE ( 'NONE', #4364, #2319 ) ;
#2468 = AXIS2_PLACEMENT_3D ( 'NONE', #7485, #7367, #256 ) ;
#2469 = VERTEX_POINT ( 'NONE', #5752 ) ;
#2470 = DIRECTION ( 'NONE',  ( 0.000000000000000000, 0.000000000000000000, -1.000000000000000000 ) ) ;
#2471 = CARTESIAN_POINT ( 'NONE',  ( -2.200000000000000178, 0.3499999999999999778, 2.100000000000000089 ) ) ;
#2472 = EDGE_CURVE ( 'NONE', #601, #6290, #3010, .T. ) ;
#2473 = LINE ( 'NONE', #3755, #534 ) ;
#2474 = ORIENTED_EDGE ( 'NONE', *, *, #6102, .F. ) ;
#2475 = ORIENTED_EDGE ( 'NONE', *, *, #2115, .F. ) ;
#2476 = CARTESIAN_POINT ( 'NONE',  ( 0.5538245945101549772, -0.4961754054897979382, 0.3735081097969019659 ) ) ;
#2477 = CARTESIAN_POINT ( 'NONE',  ( -0.5745712183416809005, 0.4726265957894379977, 0.3051491504438680891 ) ) ;
#2478 = ORIENTED_EDGE ( 'NONE', *, *, #7609, .F. ) ;
#2479 = EDGE_CURVE ( 'NONE', #3180, #7412, #1658, .T. ) ;
#2480 = CARTESIAN_POINT ( 'NONE',  ( 0.9965079230508000485, 0.3983003894331494932, 2.100000000000000089 ) ) ;
#2481 = ORIENTED_EDGE ( 'NONE', *, *, #5509, .F. ) ;
#2482 = LINE ( 'NONE', #6614, #1831 ) ;
#2483 = DIRECTION ( 'NONE',  ( 1.000000000000000000, 0.000000000000000000, 0.000000000000000000 ) ) ;
#2484 = CARTESIAN_POINT ( 'NONE',  ( -1.908333333333320114, 0.1105541596785194064, 2.299999999999999822 ) ) ;
#2485 = ORIENTED_EDGE ( 'NONE', *, *, #1362, .T. ) ;
#2486 = CARTESIAN_POINT ( 'NONE',  ( 1.824999999999999956, 0.1658312395178000165, 2.299999999999999822 ) ) ;
#2487 = DIRECTION ( 'NONE',  ( -0.000000000000000000, 1.000000000000000000, 0.000000000000000000 ) ) ;
#2488 = ORIENTED_EDGE ( 'NONE', *, *, #7606, .F. ) ;
#2489 = DIRECTION ( 'NONE',  ( -1.850848880617705121E-14, -9.254244403202140510E-15, 1.000000000000000000 ) ) ;
#2490 = DIRECTION ( 'NONE',  ( 0.000000000000000000, 0.000000000000000000, 1.000000000000000000 ) ) ;
#2491 = SURFACE_STYLE_USAGE ( .BOTH. , #6627 ) ;
#2492 = PLANE ( 'NONE',  #3175 ) ;
#2493 = CARTESIAN_POINT ( 'NONE',  ( 2.194999999999999840, 0.2895950378225999877, 2.299999999999999822 ) ) ;
#2494 = EDGE_LOOP ( 'NONE', ( #222, #5087, #2382, #6788 ) ) ;
#2495 = ORIENTED_EDGE ( 'NONE', *, *, #1760, .T. ) ;
#2496 = CARTESIAN_POINT ( 'NONE',  ( -2.147891892605730657, -0.3638335177036463031, 2.294384936448727874 ) ) ;
#2497 = CARTESIAN_POINT ( 'NONE',  ( 1.899999999999999911, -0.3499999999999999778, 2.100000000000000089 ) ) ;
#2498 = DIRECTION ( 'NONE',  ( 0.000000000000000000, 0.000000000000000000, -1.000000000000000000 ) ) ;
#2499 = ORIENTED_EDGE ( 'NONE', *, *, #228, .T. ) ;
#2500 = EDGE_CURVE ( 'NONE', #6290, #6118, #6381, .T. ) ;
#2501 = EDGE_CURVE ( 'NONE', #548, #2336, #3418, .T. ) ;
#2502 = CARTESIAN_POINT ( 'NONE',  ( -1.275000000000000133, -0.3499999999999999778, 0.000000000000000000 ) ) ;
#2503 = CYLINDRICAL_SURFACE ( 'NONE', #3945, 0.1300000000000000044 ) ;
#2504 = CARTESIAN_POINT ( 'NONE',  ( -0.5350000000000000311, -0.08500000000000000611, 0.7500000000000000000 ) ) ;
#2505 = EDGE_CURVE ( 'NONE', #2134, #6822, #3966, .T. ) ;
#2506 = AXIS2_PLACEMENT_3D ( 'NONE', #4592, #2867, #6430 ) ;
#2507 = PLANE ( 'NONE',  #6238 ) ;
#2508 = DIRECTION ( 'NONE',  ( 0.000000000000000000, 0.000000000000000000, -1.000000000000000000 ) ) ;
#2509 = CARTESIAN_POINT ( 'NONE',  ( -0.6031414644350414633, 0.4410628424224077859, 0.2736226604981513155 ) ) ;
#2510 = ORIENTED_EDGE ( 'NONE', *, *, #1349, .F. ) ;
#2511 = FACE_OUTER_BOUND ( 'NONE', #6993, .T. ) ;
#2512 = DIRECTION ( 'NONE',  ( 0.000000000000000000, 0.000000000000000000, 1.000000000000000000 ) ) ;
#2513 = VECTOR ( 'NONE', #6074, 1000.000000000000000 ) ;
#2514 = FACE_OUTER_BOUND ( 'NONE', #3967, .T. ) ;
#2515 = VECTOR ( 'NONE', #6591, 1000.000000000000000 ) ;
#2516 = EDGE_CURVE ( 'NONE', #6349, #3387, #1642, .T. ) ;
#2517 = VECTOR ( 'NONE', #3836, 1000.000000000000000 ) ;
#2518 = VECTOR ( 'NONE', #29, 1000.000000000000000 ) ;
#2519 = DIRECTION ( 'NONE',  ( 1.000000000000000000, 0.000000000000000000, 0.000000000000000000 ) ) ;
#2520 = VERTEX_POINT ( 'NONE', #7628 ) ;
#2521 = CARTESIAN_POINT ( 'NONE',  ( -0.5350000000000000311, 0.9000000000000000222, 0.7500000000000000000 ) ) ;
#2522 = CARTESIAN_POINT ( 'NONE',  ( 0.9965079230508000485, 0.3983003894331494932, 2.100000000000000089 ) ) ;
#2523 = VERTEX_POINT ( 'NONE', #2242 ) ;
#2524 = CARTESIAN_POINT ( 'NONE',  ( -0.5350000000000000311, -0.6849999999999999423, 0.7500000000000000000 ) ) ;
#2525 = VECTOR ( 'NONE', #471, 1000.000000000000000 ) ;
#2526 = ORIENTED_EDGE ( 'NONE', *, *, #1732, .F. ) ;
#2527 = AXIS2_PLACEMENT_3D ( 'NONE', #6610, #632, #4083 ) ;
#2528 = EDGE_CURVE ( 'NONE', #7234, #7392, #2884, .T. ) ;
#2529 = CARTESIAN_POINT ( 'NONE',  ( 0.6500000000000000222, 0.9000000000000000222, 0.2500000000000000000 ) ) ;
#2530 = DIRECTION ( 'NONE',  ( 1.000000000000000000, -1.030286966852143629E-13, 0.000000000000000000 ) ) ;
#2531 =( BOUNDED_CURVE ( )  B_SPLINE_CURVE ( 3, ( #2010, #4432, #1500, #6812 ),
 .UNSPECIFIED., .F., .T. ) 
 B_SPLINE_CURVE_WITH_KNOTS ( ( 4, 4 ),
 ( 4.712388980384689674, 6.233226911454660346 ),
 .UNSPECIFIED. ) 
 CURVE ( )  GEOMETRIC_REPRESENTATION_ITEM ( )  RATIONAL_B_SPLINE_CURVE ( ( 1.000000000000000000, 0.8163648751943569648, 0.8163648751943569648, 1.000000000000000000 ) ) 
 REPRESENTATION_ITEM ( '' )  );
#2532 = VECTOR ( 'NONE', #6103, 1000.000000000000000 ) ;
#2533 = CARTESIAN_POINT ( 'NONE',  ( -1.899999999999999911, 0.3499999999999999778, 2.299999999999999822 ) ) ;
#2534 = CIRCLE ( 'NONE', #4524, 0.1499999999999999667 ) ;
#2535 = DIRECTION ( 'NONE',  ( 1.000000000000000000, 0.000000000000000000, 0.000000000000000000 ) ) ;
#2536 = ORIENTED_EDGE ( 'NONE', *, *, #7403, .F. ) ;
#2537 = ORIENTED_EDGE ( 'NONE', *, *, #5461, .F. ) ;
#2538 = CARTESIAN_POINT ( 'NONE',  ( -2.139168264171738443, -0.3579627463046109459, 2.296127119699884478 ) ) ;
#2539 = CARTESIAN_POINT ( 'NONE',  ( -0.8510494938015159549, 0.3755476762980055061, 3.500000000000000000 ) ) ;
#2540 = ORIENTED_EDGE ( 'NONE', *, *, #74, .F. ) ;
#2541 = VERTEX_POINT ( 'NONE', #955 ) ;
#2542 = DIRECTION ( 'NONE',  ( 1.000000000000000000, 0.000000000000000000, 0.000000000000000000 ) ) ;
#2543 = DIRECTION ( 'NONE',  ( 0.000000000000000000, -1.000000000000000000, 0.000000000000000000 ) ) ;
#2544 = AXIS2_PLACEMENT_3D ( 'NONE', #7469, #909, #3998 ) ;
#2545 = PLANE ( 'NONE',  #776 ) ;
#2546 = ADVANCED_FACE ( 'NONE', ( #3928 ), #4086, .F. ) ;
#2547 = CARTESIAN_POINT ( 'NONE',  ( -1.875000000000000000, -0.8000000000000000444, 0.5000000000000000000 ) ) ;
#2548 = CARTESIAN_POINT ( 'NONE',  ( 2.170710678118999759, -0.3750000000000000000, 2.170710678118999759 ) ) ;
#2549 = ORIENTED_EDGE ( 'NONE', *, *, #6195, .T. ) ;
#2550 = LINE ( 'NONE', #6174, #7263 ) ;
#2551 = EDGE_LOOP ( 'NONE', ( #77, #6125, #654, #4701, #6316, #5229, #2645, #7645 ) ) ;
#2552 = EDGE_CURVE ( 'NONE', #6825, #1823, #2743, .T. ) ;
#2553 = CYLINDRICAL_SURFACE ( 'NONE', #4325, 0.1300000000000000044 ) ;
#2554 = EDGE_CURVE ( 'NONE', #5462, #2310, #389, .T. ) ;
#2555 = VECTOR ( 'NONE', #3052, 1000.000000000000000 ) ;
#2556 = CARTESIAN_POINT ( 'NONE',  ( 1.849999999970344922, -0.4500000000000000111, 2.299999999999999822 ) ) ;
#2557 = VECTOR ( 'NONE', #7018, 1000.000000000000000 ) ;
#2558 = DIRECTION ( 'NONE',  ( 1.000000000000000000, 2.048238604187199332E-11, 0.000000000000000000 ) ) ;
#2559 = ORIENTED_EDGE ( 'NONE', *, *, #4952, .T. ) ;
#2560 = PLANE ( 'NONE',  #567 ) ;
#2561 = CARTESIAN_POINT ( 'NONE',  ( -1.600000000000000089, 0.2500000000000000000, 2.658830721404000563 ) ) ;
#2562 = ORIENTED_EDGE ( 'NONE', *, *, #86, .F. ) ;
#2563 = FACE_OUTER_BOUND ( 'NONE', #6230, .T. ) ;
#2564 = ADVANCED_FACE ( 'NONE', ( #5673 ), #6463, .F. ) ;
#2565 = VECTOR ( 'NONE', #3333, 1000.000000000000000 ) ;
#2566 = ORIENTED_EDGE ( 'NONE', *, *, #839, .T. ) ;
#2567 = ORIENTED_EDGE ( 'NONE', *, *, #2590, .F. ) ;
#2568 = LINE ( 'NONE', #5565, #3011 ) ;
#2569 = VECTOR ( 'NONE', #5696, 1000.000000000000000 ) ;
#2570 = DIRECTION ( 'NONE',  ( 0.000000000000000000, 0.000000000000000000, 1.000000000000000000 ) ) ;
#2571 = FACE_OUTER_BOUND ( 'NONE', #564, .T. ) ;
#2572 = ORIENTED_EDGE ( 'NONE', *, *, #6841, .T. ) ;
#2573 = ORIENTED_EDGE ( 'NONE', *, *, #6606, .T. ) ;
#2574 = DIRECTION ( 'NONE',  ( 0.000000000000000000, 0.000000000000000000, -1.000000000000000000 ) ) ;
#2575 = EDGE_CURVE ( 'NONE', #3562, #2956, #514, .T. ) ;
#2576 = CARTESIAN_POINT ( 'NONE',  ( -1.849999999975650011, 0.3794000000000000150, 2.399999999999999911 ) ) ;
#2577 = ORIENTED_EDGE ( 'NONE', *, *, #3718, .F. ) ;
#2578 = AXIS2_PLACEMENT_3D ( 'NONE', #331, #4352, #3221 ) ;
#2579 = DIRECTION ( 'NONE',  ( 0.04987546680550129091, 0.04987546680538128968, -0.9975093361076269316 ) ) ;
#2580 = ORIENTED_EDGE ( 'NONE', *, *, #6089, .F. ) ;
#2581 = CARTESIAN_POINT ( 'NONE',  ( -2.100000000000000089, -0.4000000000000000222, 0.2500000000000000000 ) ) ;
#2582 = CARTESIAN_POINT ( 'NONE',  ( 0.8499999999848999455, -1.199999999999999956, 1.700000000000000178 ) ) ;
#2583 = EDGE_CURVE ( 'NONE', #5302, #6314, #2705, .T. ) ;
#2584 = LINE ( 'NONE', #5470, #7505 ) ;
#2585 = DIRECTION ( 'NONE',  ( 0.000000000000000000, 0.000000000000000000, -1.000000000000000000 ) ) ;
#2586 = ORIENTED_EDGE ( 'NONE', *, *, #774, .T. ) ;
#2587 = CARTESIAN_POINT ( 'NONE',  ( 0.7500000000000000000, 0.08500000000000000611, 0.7500000000000000000 ) ) ;
#2588 = PLANE ( 'NONE',  #5325 ) ;
#2589 = CARTESIAN_POINT ( 'NONE',  ( 0.6138242006960058506, 0.4290102114724672067, 0.2651562356328960868 ) ) ;
#2590 = EDGE_CURVE ( 'NONE', #6421, #416, #989, .T. ) ;
#2591 = ADVANCED_FACE ( 'NONE', ( #1030 ), #2826, .T. ) ;
#2592 = CARTESIAN_POINT ( 'NONE',  ( 2.220000000000000195, 0.8000000000000000444, 1.932869999999999866 ) ) ;
#2593 = EDGE_LOOP ( 'NONE', ( #4326, #7594, #4057 ) ) ;
#2594 = CARTESIAN_POINT ( 'NONE',  ( 0.6499999999999900302, -0.9000000000000000222, 0.000000000000000000 ) ) ;
#2595 = VERTEX_POINT ( 'NONE', #5171 ) ;
#2596 = LINE ( 'NONE', #2090, #704 ) ;
#2597 = EDGE_CURVE ( 'NONE', #7371, #2241, #2207, .T. ) ;
#2598 = CYLINDRICAL_SURFACE ( 'NONE', #5996, 0.1300000000000000044 ) ;
#2599 = LINE ( 'NONE', #4399, #5665 ) ;
#2600 = DIRECTION ( 'NONE',  ( 1.000000000000000000, 0.000000000000000000, 0.000000000000000000 ) ) ;
#2601 = ORIENTED_EDGE ( 'NONE', *, *, #1310, .F. ) ;
#2602 = EDGE_LOOP ( 'NONE', ( #20, #1515, #19, #1657 ) ) ;
#2603 = DIRECTION ( 'NONE',  ( 0.000000000000000000, 0.000000000000000000, -1.000000000000000000 ) ) ;
#2604 = DIRECTION ( 'NONE',  ( 0.000000000000000000, 0.000000000000000000, 1.000000000000000000 ) ) ;
#2605 = ORIENTED_EDGE ( 'NONE', *, *, #6168, .T. ) ;
#2606 = EDGE_CURVE ( 'NONE', #2038, #3460, #7589, .T. ) ;
#2607 = VERTEX_POINT ( 'NONE', #447 ) ;
#2608 = DIRECTION ( 'NONE',  ( 0.000000000000000000, -1.000000000000000000, 0.000000000000000000 ) ) ;
#2609 = EDGE_LOOP ( 'NONE', ( #2238, #7182, #446, #2831 ) ) ;
#2610 = CARTESIAN_POINT ( 'NONE',  ( 1.925000000000000044, -0.1658312395178000165, 2.100000000000000089 ) ) ;
#2611 = CARTESIAN_POINT ( 'NONE',  ( -1.875000000000000000, -0.9499999999999999556, 0.6500000000000000222 ) ) ;
#2612 = CARTESIAN_POINT ( 'NONE',  ( -2.200000000000000178, -0.9449999999999999512, 1.800000000000000044 ) ) ;
#2613 = ORIENTED_EDGE ( 'NONE', *, *, #4027, .F. ) ;
#2614 = ADVANCED_FACE ( 'NONE', ( #600 ), #1889, .T. ) ;
#2615 = CARTESIAN_POINT ( 'NONE',  ( 0.000000000000000000, 0.3800000000000000044, 2.399999999999999911 ) ) ;
#2616 = CARTESIAN_POINT ( 'NONE',  ( 2.100000000000000089, 0.4000000000000000222, 2.100000000000000089 ) ) ;
#2617 = ORIENTED_EDGE ( 'NONE', *, *, #6177, .F. ) ;
#2618 = CARTESIAN_POINT ( 'NONE',  ( -0.1163376014357000027, 0.3663376014356999888, 0.2500000000000000000 ) ) ;
#2619 = LINE ( 'NONE', #6840, #831 ) ;
#2620 = DIRECTION ( 'NONE',  ( -1.000000000000000000, 0.000000000000000000, 0.000000000000000000 ) ) ;
#2621 = CIRCLE ( 'NONE', #1502, 0.2000009471890974166 ) ;
#2622 = LINE ( 'NONE', #7393, #6869 ) ;
#2623 = CARTESIAN_POINT ( 'NONE',  ( 0.2425215054676519155, -0.7074784945323487895, 0.3004301093582723015 ) ) ;
#2624 = ORIENTED_EDGE ( 'NONE', *, *, #4121, .F. ) ;
#2625 = AXIS2_PLACEMENT_3D ( 'NONE', #2109, #4487, #2772 ) ;
#2626 = DIRECTION ( 'NONE',  ( -1.000000000000000000, 0.000000000000000000, 0.000000000000000000 ) ) ;
#2627 = EDGE_LOOP ( 'NONE', ( #5909, #2474, #3974, #6110 ) ) ;
#2628 = DIRECTION ( 'NONE',  ( 0.000000000000000000, -1.000000000000000000, 0.000000000000000000 ) ) ;
#2629 = ADVANCED_FACE ( 'NONE', ( #2401 ), #2982, .F. ) ;
#2630 = ORIENTED_EDGE ( 'NONE', *, *, #703, .F. ) ;
#2631 = AXIS2_PLACEMENT_3D ( 'NONE', #3061, #5867, #5290 ) ;
#2632 = CARTESIAN_POINT ( 'NONE',  ( -1.875000000000000000, -0.8000000000000000444, -0.1881966011250000015 ) ) ;
#2633 = ORIENTED_EDGE ( 'NONE', *, *, #3148, .F. ) ;
#2634 = CARTESIAN_POINT ( 'NONE',  ( 0.8499999999848999455, -0.9000000000000000222, 1.399999999999999911 ) ) ;
#2635 = CARTESIAN_POINT ( 'NONE',  ( -1.048733916957085954, -1.299999987538480006, 1.423088437467536105 ) ) ;
#2636 = ORIENTED_EDGE ( 'NONE', *, *, #1337, .T. ) ;
#2637 = EDGE_LOOP ( 'NONE', ( #6907, #4165, #1461, #1210 ) ) ;
#2638 = CARTESIAN_POINT ( 'NONE',  ( 1.500000000000000000, 0.2500000000000000000, 2.100000000000000089 ) ) ;
#2639 = VECTOR ( 'NONE', #2785, 1000.000000000000000 ) ;
#2640 = EDGE_CURVE ( 'NONE', #1690, #5373, #635, .T. ) ;
#2641 = EDGE_CURVE ( 'NONE', #3962, #3491, #4234, .T. ) ;
#2642 = VECTOR ( 'NONE', #5853, 1000.000000000000000 ) ;
#2643 = AXIS2_PLACEMENT_3D ( 'NONE', #5533, #846, #1985 ) ;
#2644 = CARTESIAN_POINT ( 'NONE',  ( -1.800000000000000044, -0.3499999999999999778, 2.100000000000000089 ) ) ;
#2645 = ORIENTED_EDGE ( 'NONE', *, *, #1201, .T. ) ;
#2646 = CARTESIAN_POINT ( 'NONE',  ( -0.5538995006676490362, 0.4961004193719240063, 0.3720083874391295065 ) ) ;
#2647 = ORIENTED_EDGE ( 'NONE', *, *, #3815, .F. ) ;
#2648 = LINE ( 'NONE', #3398, #196 ) ;
#2649 = CARTESIAN_POINT ( 'NONE',  ( -0.6491876473304968309, -0.3752301496344006559, 0.2502208312359036069 ) ) ;
#2650 = ADVANCED_FACE ( 'NONE', ( #2906 ), #4160, .T. ) ;
#2651 = AXIS2_PLACEMENT_3D ( 'NONE', #959, #5130, #3346 ) ;
#2652 = VECTOR ( 'NONE', #3415, 1000.000000000000000 ) ;
#2653 = CARTESIAN_POINT ( 'NONE',  ( 0.000000000000000000, 0.000000000000000000, 2.299999999999999822 ) ) ;
#2654 = CARTESIAN_POINT ( 'NONE',  ( 1.875000000000000000, -0.9499999999999999556, 0.5000000000000000000 ) ) ;
#2655 = ORIENTED_EDGE ( 'NONE', *, *, #5295, .T. ) ;
#2656 = CARTESIAN_POINT ( 'NONE',  ( 2.101625415254894769, -0.9436501661019580656, 2.100000000000000089 ) ) ;
#2657 = CARTESIAN_POINT ( 'NONE',  ( 0.2461754054897820065, 0.9105149318544999426, 0.3735081097965324837 ) ) ;
#2658 = EDGE_CURVE ( 'NONE', #4063, #7354, #26, .T. ) ;
#2659 = CARTESIAN_POINT ( 'NONE',  ( -2.157500000146565178, 0.3822975189705855037, 2.100000000000000089 ) ) ;
#2660 = ORIENTED_EDGE ( 'NONE', *, *, #2668, .F. ) ;
#2661 = CARTESIAN_POINT ( 'NONE',  ( -2.200000000000000178, -0.9449999999999999512, 1.800000000000000044 ) ) ;
#2662 = DIRECTION ( 'NONE',  ( 0.000000000000000000, 0.000000000000000000, -1.000000000000000000 ) ) ;
#2663 = ORIENTED_EDGE ( 'NONE', *, *, #53, .F. ) ;
#2664 = CIRCLE ( 'NONE', #5920, 0.09999999999999982514 ) ;
#2665 = CARTESIAN_POINT ( 'NONE',  ( 0.7500000000000000000, 0.6849999999999999423, 0.7500000000000000000 ) ) ;
#2666 = ORIENTED_EDGE ( 'NONE', *, *, #6949, .T. ) ;
#2667 = CARTESIAN_POINT ( 'NONE',  ( 1.800000000000000044, 0.2500000000000000000, 2.658830721404000563 ) ) ;
#2668 = EDGE_CURVE ( 'NONE', #2541, #4107, #6654, .T. ) ;
#2669 = LINE ( 'NONE', #6678, #3402 ) ;
#2670 = ORIENTED_EDGE ( 'NONE', *, *, #7716, .F. ) ;
#2671 = AXIS2_PLACEMENT_3D ( 'NONE', #7362, #4953, #2017 ) ;
#2672 = CARTESIAN_POINT ( 'NONE',  ( 2.100000000000000089, -0.9449999999999999512, 2.100000000000000089 ) ) ;
#2673 = PRESENTATION_STYLE_ASSIGNMENT (( #5531 ) ) ;
#2674 = EDGE_LOOP ( 'NONE', ( #4721, #3784, #5939, #4807 ) ) ;
#2675 = FACE_OUTER_BOUND ( 'NONE', #5331, .T. ) ;
#2676 = CARTESIAN_POINT ( 'NONE',  ( 2.145362419470746129, -0.3624865043636286699, 2.294993538504774833 ) ) ;
#2677 = VERTEX_POINT ( 'NONE', #3580 ) ;
#2678 = ORIENTED_EDGE ( 'NONE', *, *, #4006, .T. ) ;
#2679 = LINE ( 'NONE', #2183, #822 ) ;
#2680 = AXIS2_PLACEMENT_3D ( 'NONE', #428, #5196, #5313 ) ;
#2681 = EDGE_CURVE ( 'NONE', #6932, #1595, #2323, .T. ) ;
#2682 = DIRECTION ( 'NONE',  ( 1.000000000000000000, 0.000000000000000000, 0.000000000000000000 ) ) ;
#2683 = ORIENTED_EDGE ( 'NONE', *, *, #2691, .F. ) ;
#2684 = ADVANCED_FACE ( 'NONE', ( #4201 ), #521, .T. ) ;
#2685 = DIRECTION ( 'NONE',  ( -1.000000000000000000, 0.000000000000000000, 0.000000000000000000 ) ) ;
#2686 = EDGE_LOOP ( 'NONE', ( #2932, #4072, #4818, #2712, #5972, #2862, #4949, #6978, #518, #4117, #4755, #757 ) ) ;
#2687 = DIRECTION ( 'NONE',  ( -0.04987546680538117866, 0.04987546680550607875, -0.9975093361076267096 ) ) ;
#2688 = CARTESIAN_POINT ( 'NONE',  ( 1.925000000000000044, -0.9000000000000000222, 0.000000000000000000 ) ) ;
#2689 = AXIS2_PLACEMENT_3D ( 'NONE', #3389, #2375, #1629 ) ;
#2690 = CARTESIAN_POINT ( 'NONE',  ( -0.6836623985643000001, 0.000000000000000000, 0.2500000000000000000 ) ) ;
#2691 = EDGE_CURVE ( 'NONE', #3744, #6682, #6766, .T. ) ;
#2692 = AXIS2_PLACEMENT_3D ( 'NONE', #6581, #6068, #5363 ) ;
#2693 = DIRECTION ( 'NONE',  ( 0.000000000000000000, 0.000000000000000000, 1.000000000000000000 ) ) ;
#2694 = DIRECTION ( 'NONE',  ( 0.000000000000000000, 0.000000000000000000, -1.000000000000000000 ) ) ;
#2695 = ORIENTED_EDGE ( 'NONE', *, *, #6386, .T. ) ;
#2696 = DIRECTION ( 'NONE',  ( 0.000000000000000000, 0.000000000000000000, -1.000000000000000000 ) ) ;
#2697 = DIRECTION ( 'NONE',  ( 0.000000000000000000, 0.000000000000000000, 1.000000000000000000 ) ) ;
#2698 = DIRECTION ( 'NONE',  ( 0.000000000000000000, -1.000000000000000000, 0.000000000000000000 ) ) ;
#2699 = CARTESIAN_POINT ( 'NONE',  ( -0.8510128104262855153, -0.4755443054438899253, 3.400820230682886081 ) ) ;
#2700 = VERTEX_POINT ( 'NONE', #7704 ) ;
#2701 = EDGE_CURVE ( 'NONE', #790, #1817, #5400, .T. ) ;
#2702 = PLANE ( 'NONE',  #2544 ) ;
#2703 = DIRECTION ( 'NONE',  ( 0.000000000000000000, 0.000000000000000000, -1.000000000000000000 ) ) ;
#2704 = VERTEX_POINT ( 'NONE', #2480 ) ;
#2705 = LINE ( 'NONE', #1578, #5750 ) ;
#2706 = ORIENTED_EDGE ( 'NONE', *, *, #7389, .T. ) ;
#2707 = DIRECTION ( 'NONE',  ( 0.000000000000000000, 0.000000000000000000, -1.000000000000000000 ) ) ;
#2708 = DIRECTION ( 'NONE',  ( 0.000000000000000000, 0.000000000000000000, -1.000000000000000000 ) ) ;
#2709 = EDGE_LOOP ( 'NONE', ( #7121, #346, #4045, #1917 ) ) ;
#2710 = B_SPLINE_CURVE_WITH_KNOTS ( 'NONE', 3,
 ( #5345, #4136, #5933, #3984 ),
 .UNSPECIFIED., .F., .F.,
 ( 4, 4 ),
 ( 0.000000000000000000, 1.000000000000000000 ),
 .UNSPECIFIED. ) ;
#2711 = EDGE_CURVE ( 'NONE', #7471, #4033, #3018, .T. ) ;
#2712 = ORIENTED_EDGE ( 'NONE', *, *, #465, .T. ) ;
#2713 = CARTESIAN_POINT ( 'NONE',  ( -0.2650000000000000133, 0.6849999999999999423, 0.7500000000000000000 ) ) ;
#2714 = LINE ( 'NONE', #5096, #4267 ) ;
#2715 = ORIENTED_EDGE ( 'NONE', *, *, #2163, .F. ) ;
#2716 = DIRECTION ( 'NONE',  ( 0.000000000000000000, 0.000000000000000000, -1.000000000000000000 ) ) ;
#2717 = DIRECTION ( 'NONE',  ( -1.000000000000000000, 0.000000000000000000, 0.000000000000000000 ) ) ;
#2718 = ORIENTED_EDGE ( 'NONE', *, *, #4315, .T. ) ;
#2719 = CARTESIAN_POINT ( 'NONE',  ( 2.100000000000000089, -0.3750000000000000000, 2.100000000000000089 ) ) ;
#2720 = DIRECTION ( 'NONE',  ( 0.000000000000000000, 1.000000000000000000, 0.000000000000000000 ) ) ;
#2721 = ORIENTED_EDGE ( 'NONE', *, *, #6426, .T. ) ;
#2722 = LINE ( 'NONE', #382, #7409 ) ;
#2723 = VERTEX_POINT ( 'NONE', #4740 ) ;
#2724 = FACE_OUTER_BOUND ( 'NONE', #2637, .T. ) ;
#2725 = CYLINDRICAL_SURFACE ( 'NONE', #3775, 0.1000000000000000472 ) ;
#2726 = ADVANCED_FACE ( 'NONE', ( #7120 ), #6579, .T. ) ;
#2727 = EDGE_CURVE ( 'NONE', #2328, #1178, #5885, .T. ) ;
#2728 = DIRECTION ( 'NONE',  ( 0.000000000000000000, 0.000000000000000000, -1.000000000000000000 ) ) ;
#2729 = CARTESIAN_POINT ( 'NONE',  ( -2.200000000000000178, -0.3750000000000000000, 2.100000000000000089 ) ) ;
#2730 = CARTESIAN_POINT ( 'NONE',  ( -1.050000000000000044, -0.4000000000000000222, 2.299999999999999822 ) ) ;
#2731 = VERTEX_POINT ( 'NONE', #4819 ) ;
#2732 = CARTESIAN_POINT ( 'NONE',  ( -1.525000000000000133, -0.8750000000000000000, -0.1881966011250000015 ) ) ;
#2733 = LINE ( 'NONE', #2853, #5267 ) ;
#2734 = FACE_OUTER_BOUND ( 'NONE', #4389, .T. ) ;
#2735 = LINE ( 'NONE', #3995, #1921 ) ;
#2736 = EDGE_CURVE ( 'NONE', #3114, #81, #4664, .T. ) ;
#2737 = ADVANCED_FACE ( 'NONE', ( #4856 ), #5550, .T. ) ;
#2738 = VECTOR ( 'NONE', #3525, 1000.000000000000000 ) ;
#2739 = ORIENTED_EDGE ( 'NONE', *, *, #7054, .T. ) ;
#2740 = DIRECTION ( 'NONE',  ( 1.000000000000000000, 0.000000000000000000, 0.000000000000000000 ) ) ;
#2741 = DIRECTION ( 'NONE',  ( 0.000000000000000000, 0.000000000000000000, -1.000000000000000000 ) ) ;
#2742 = VERTEX_POINT ( 'NONE', #6800 ) ;
#2743 = LINE ( 'NONE', #5126, #1386 ) ;
#2744 = ORIENTED_EDGE ( 'NONE', *, *, #5151, .T. ) ;
#2745 = CARTESIAN_POINT ( 'NONE',  ( 0.6430289865947390604, -0.8097874204211894522, 0.2520592787166228144 ) ) ;
#2746 = DIRECTION ( 'NONE',  ( 0.000000000000000000, 0.000000000000000000, -1.000000000000000000 ) ) ;
#2747 = VERTEX_POINT ( 'NONE', #3173 ) ;
#2748 = CIRCLE ( 'NONE', #5737, 0.09999999999999982514 ) ;
#2749 = EDGE_CURVE ( 'NONE', #2208, #5850, #4999, .T. ) ;
#2750 = VECTOR ( 'NONE', #2299, 1000.000000000000000 ) ;
#2751 = DIRECTION ( 'NONE',  ( 0.000000000000000000, 0.000000000000000000, -1.000000000000000000 ) ) ;
#2752 = DIRECTION ( 'NONE',  ( 9.293161478447156746E-15, -2.090961332650610150E-14, 1.000000000000000000 ) ) ;
#2753 = ORIENTED_EDGE ( 'NONE', *, *, #3119, .T. ) ;
#2754 = LINE ( 'NONE', #2799, #5930 ) ;
#2755 = DIRECTION ( 'NONE',  ( 1.000000000000000000, 0.000000000000000000, 0.000000000000000000 ) ) ;
#2756 = ORIENTED_EDGE ( 'NONE', *, *, #5837, .F. ) ;
#2757 = VERTEX_POINT ( 'NONE', #3243 ) ;
#2758 = DIRECTION ( 'NONE',  ( 0.000000000000000000, 0.000000000000000000, 1.000000000000000000 ) ) ;
#2759 = ADVANCED_FACE ( 'NONE', ( #7427 ), #3692, .T. ) ;
#2760 = AXIS2_PLACEMENT_3D ( 'NONE', #2282, #4665, #4044 ) ;
#2761 = CIRCLE ( 'NONE', #642, 0.07000000000000018707 ) ;
#2762 = PLANE ( 'NONE',  #258 ) ;
#2763 = VERTEX_POINT ( 'NONE', #1969 ) ;
#2764 = AXIS2_PLACEMENT_3D ( 'NONE', #6998, #2697, #437 ) ;
#2765 = DIRECTION ( 'NONE',  ( 0.9987523388778447586, 0.000000000000000000, 0.04993761694389219075 ) ) ;
#2766 = VECTOR ( 'NONE', #2121, 1000.000000000000000 ) ;
#2767 = LINE ( 'NONE', #2068, #5436 ) ;
#2768 = CARTESIAN_POINT ( 'NONE',  ( 1.899999999999999911, 0.09682458365518528676, 2.299999999999999822 ) ) ;
#2769 = VERTEX_POINT ( 'NONE', #3096 ) ;
#2770 = VECTOR ( 'NONE', #2091, 1000.000000000000000 ) ;
#2771 = VECTOR ( 'NONE', #5459, 1000.000000000000000 ) ;
#2772 = DIRECTION ( 'NONE',  ( 0.000000000000000000, 0.000000000000000000, -1.000000000000000000 ) ) ;
#2773 = CARTESIAN_POINT ( 'NONE',  ( 0.000000000000000000, 0.8336623985643000223, 0.2500000000000000000 ) ) ;
#2774 = EDGE_CURVE ( 'NONE', #1976, #3156, #4641, .T. ) ;
#2775 = CARTESIAN_POINT ( 'NONE',  ( -0.9499999999999999556, 0.5000000000000000000, 2.299999999999999822 ) ) ;
#2776 = DIRECTION ( 'NONE',  ( 1.000000000000000000, 0.000000000000000000, 0.000000000000000000 ) ) ;
#2777 = CIRCLE ( 'NONE', #48, 0.07000000000000018707 ) ;
#2778 = CARTESIAN_POINT ( 'NONE',  ( -0.6500000000000000222, 0.000000000000000000, 0.000000000000000000 ) ) ;
#2779 = DIRECTION ( 'NONE',  ( 1.000000000000000000, 0.000000000000000000, 0.000000000000000000 ) ) ;
#2780 = CARTESIAN_POINT ( 'NONE',  ( 0.6500000000000000222, 0.3499999999999999778, 0.000000000000000000 ) ) ;
#2781 = AXIS2_PLACEMENT_3D ( 'NONE', #2045, #4427, #6806 ) ;
#2782 = ORIENTED_EDGE ( 'NONE', *, *, #5361, .F. ) ;
#2783 = CARTESIAN_POINT ( 'NONE',  ( -1.824999999999999956, -0.1658312395178000165, 2.299999999999999822 ) ) ;
#2784 = EDGE_CURVE ( 'NONE', #5848, #2300, #6066, .T. ) ;
#2785 = DIRECTION ( 'NONE',  ( 1.000000000000000000, 0.000000000000000000, 0.000000000000000000 ) ) ;
#2786 = EDGE_LOOP ( 'NONE', ( #6583, #7648, #2395, #2119 ) ) ;
#2787 = EDGE_CURVE ( 'NONE', #1822, #6773, #2550, .T. ) ;
#2788 = DIRECTION ( 'NONE',  ( 0.000000000000000000, 0.000000000000000000, -1.000000000000000000 ) ) ;
#2789 = ORIENTED_EDGE ( 'NONE', *, *, #1183, .T. ) ;
#2790 = FACE_OUTER_BOUND ( 'NONE', #2275, .T. ) ;
#2791 = VECTOR ( 'NONE', #3954, 1000.000000000000000 ) ;
#2792 = FACE_OUTER_BOUND ( 'NONE', #719, .T. ) ;
#2793 = AXIS2_PLACEMENT_3D ( 'NONE', #7687, #5890, #7103 ) ;
#2794 = EDGE_LOOP ( 'NONE', ( #3303, #4776, #4344, #4002 ) ) ;
#2795 = CARTESIAN_POINT ( 'NONE',  ( -1.500000000000000000, -0.3499999999999999778, 2.299999999999999822 ) ) ;
#2796 = LINE ( 'NONE', #5682, #3135 ) ;
#2797 = ORIENTED_EDGE ( 'NONE', *, *, #3730, .F. ) ;
#2798 = EDGE_CURVE ( 'NONE', #441, #4536, #1649, .T. ) ;
#2799 = CARTESIAN_POINT ( 'NONE',  ( 1.699999999999999956, -0.3750000000000000000, 2.299999999999999822 ) ) ;
#2800 = LINE ( 'NONE', #5722, #7619 ) ;
#2801 = ORIENTED_EDGE ( 'NONE', *, *, #887, .T. ) ;
#2802 = ORIENTED_EDGE ( 'NONE', *, *, #1935, .T. ) ;
#2803 = CARTESIAN_POINT ( 'NONE',  ( -0.6500000000000000222, 0.3499999999999999778, 0.2500000000000000000 ) ) ;
#2804 = AXIS2_PLACEMENT_3D ( 'NONE', #2634, #7405, #6904 ) ;
#2805 = DIRECTION ( 'NONE',  ( 0.000000000000000000, 0.000000000000000000, -1.000000000000000000 ) ) ;
#2806 = ORIENTED_EDGE ( 'NONE', *, *, #1350, .F. ) ;
#2807 = EDGE_CURVE ( 'NONE', #3962, #2822, #3131, .T. ) ;
#2808 = VECTOR ( 'NONE', #3288, 1000.000000000000000 ) ;
#2809 = CARTESIAN_POINT ( 'NONE',  ( 1.925000000000000044, -0.2704156197588999944, 2.200000000000000178 ) ) ;
#2810 = PLANE ( 'NONE',  #814 ) ;
#2811 = DIRECTION ( 'NONE',  ( 0.000000000000000000, 0.000000000000000000, -1.000000000000000000 ) ) ;
#2812 = ORIENTED_EDGE ( 'NONE', *, *, #3952, .F. ) ;
#2813 = DIRECTION ( 'NONE',  ( 1.000000000000000000, 0.000000000000000000, 0.000000000000000000 ) ) ;
#2814 = ADVANCED_FACE ( 'NONE', ( #5584 ), #4345, .F. ) ;
#2815 = CYLINDRICAL_SURFACE ( 'NONE', #2431, 0.2000000000000000944 ) ;
#2816 = DIRECTION ( 'NONE',  ( 0.9987523388778447586, 0.000000000000000000, 0.04993761694389219075 ) ) ;
#2817 = AXIS2_PLACEMENT_3D ( 'NONE', #6194, #6861, #5603 ) ;
#2818 = PLANE ( 'NONE',  #6640 ) ;
#2819 = DIRECTION ( 'NONE',  ( 0.000000000000000000, 1.000000000000000000, 0.000000000000000000 ) ) ;
#2820 = CARTESIAN_POINT ( 'NONE',  ( -1.275000000000000133, 0.4000000000000000222, 0.2500000000000000000 ) ) ;
#2821 = AXIS2_PLACEMENT_3D ( 'NONE', #2828, #4003, #5128 ) ;
#2822 = VERTEX_POINT ( 'NONE', #1373 ) ;
#2823 = DIRECTION ( 'NONE',  ( -1.000000000000000000, 0.000000000000000000, 0.000000000000000000 ) ) ;
#2824 = CARTESIAN_POINT ( 'NONE',  ( 2.200000000000000178, -0.6500000000000000222, 1.500000000000000000 ) ) ;
#2825 = ORIENTED_EDGE ( 'NONE', *, *, #7495, .F. ) ;
#2826 = CYLINDRICAL_SURFACE ( 'NONE', #4764, 0.09999999999999982514 ) ;
#2827 = VERTEX_POINT ( 'NONE', #2656 ) ;
#2828 = CARTESIAN_POINT ( 'NONE',  ( -2.194999999999999840, -0.2750000000000000222, 2.299999999999999822 ) ) ;
#2829 = CARTESIAN_POINT ( 'NONE',  ( 2.095000000000000195, 0.2895950378225999877, 2.495600000000000041 ) ) ;
#2830 = ORIENTED_EDGE ( 'NONE', *, *, #4459, .T. ) ;
#2831 = ORIENTED_EDGE ( 'NONE', *, *, #4459, .F. ) ;
#2832 = EDGE_CURVE ( 'NONE', #920, #7058, #4969, .T. ) ;
#2833 = EDGE_CURVE ( 'NONE', #6843, #3266, #862, .T. ) ;
#2834 = CARTESIAN_POINT ( 'NONE',  ( 1.800000000000000044, 0.2500000000000000000, 2.299999999999999822 ) ) ;
#2835 = CYLINDRICAL_SURFACE ( 'NONE', #1387, 0.1300000000000000044 ) ;
#2836 = ORIENTED_EDGE ( 'NONE', *, *, #7345, .F. ) ;
#2837 = CARTESIAN_POINT ( 'NONE',  ( 1.925000000000000044, 0.3750000000000000000, 2.200000000000000178 ) ) ;
#2838 = FACE_OUTER_BOUND ( 'NONE', #3049, .T. ) ;
#2839 = VERTEX_POINT ( 'NONE', #3727 ) ;
#2840 = EDGE_LOOP ( 'NONE', ( #4961, #882, #1957, #5335 ) ) ;
#2841 = CARTESIAN_POINT ( 'NONE',  ( -2.299999999999999822, -0.9250000000000000444, 2.100000000000000089 ) ) ;
#2842 = EDGE_CURVE ( 'NONE', #920, #3726, #7349, .T. ) ;
#2843 = CARTESIAN_POINT ( 'NONE',  ( 0.5538245945101549772, -0.7038245945101999634, 0.3735081097969075170 ) ) ;
#2844 = EDGE_LOOP ( 'NONE', ( #5635, #641, #6429, #3947 ) ) ;
#2845 = LINE ( 'NONE', #7605, #6042 ) ;
#2846 = ORIENTED_EDGE ( 'NONE', *, *, #5837, .T. ) ;
#2847 = PLANE ( 'NONE',  #7179 ) ;
#2848 = CARTESIAN_POINT ( 'NONE',  ( -2.250000000000000000, 0.000000000000000000, 0.5000000000000000000 ) ) ;
#2849 = EDGE_LOOP ( 'NONE', ( #2112, #2447, #1720, #2981 ) ) ;
#2850 = ADVANCED_FACE ( 'NONE', ( #276 ), #3761, .F. ) ;
#2851 = DIRECTION ( 'NONE',  ( 1.000000000000000000, -1.084202172485506406E-15, 0.000000000000000000 ) ) ;
#2852 = DIRECTION ( 'NONE',  ( -1.000000000000000000, 0.000000000000000000, 0.000000000000000000 ) ) ;
#2853 = CARTESIAN_POINT ( 'NONE',  ( 2.100000000000000089, -0.9449999999999999512, 2.299999999999999822 ) ) ;
#2854 = LINE ( 'NONE', #1103, #3075 ) ;
#2855 = CARTESIAN_POINT ( 'NONE',  ( 1.908333333333300130, 0.1105541596784620079, 2.200000000000000178 ) ) ;
#2856 = ADVANCED_FACE ( 'NONE', ( #2511 ), #1305, .T. ) ;
#2857 = ORIENTED_EDGE ( 'NONE', *, *, #7486, .F. ) ;
#2858 = CARTESIAN_POINT ( 'NONE',  ( -1.275000000000000133, 0.9000000000000000222, 0.5000000000000000000 ) ) ;
#2859 = DIRECTION ( 'NONE',  ( 0.000000000000000000, 1.000000000000000000, 0.000000000000000000 ) ) ;
#2860 = ORIENTED_EDGE ( 'NONE', *, *, #4365, .F. ) ;
#2861 = DIRECTION ( 'NONE',  ( -1.000000000000000000, 0.000000000000000000, 0.000000000000000000 ) ) ;
#2862 = ORIENTED_EDGE ( 'NONE', *, *, #6601, .F. ) ;
#2863 = CARTESIAN_POINT ( 'NONE',  ( -1.375000000000000000, -0.4000000000000000222, -0.009603111705303998477 ) ) ;
#2864 = DIRECTION ( 'NONE',  ( 1.365529863576018089E-11, 1.000000000000000000, 8.518731355243281580E-15 ) ) ;
#2865 = ORIENTED_EDGE ( 'NONE', *, *, #5165, .F. ) ;
#2866 = EDGE_LOOP ( 'NONE', ( #7009, #6922, #2302, #7106 ) ) ;
#2867 = DIRECTION ( 'NONE',  ( 0.000000000000000000, 0.000000000000000000, 1.000000000000000000 ) ) ;
#2868 = CARTESIAN_POINT ( 'NONE',  ( -2.250000000000000000, 0.4000000000000000222, 2.100000000000000089 ) ) ;
#2869 = ORIENTED_EDGE ( 'NONE', *, *, #3743, .T. ) ;
#2870 = CARTESIAN_POINT ( 'NONE',  ( -1.875000000000000000, -0.8000000000000000444, 0.1749999999999999889 ) ) ;
#2871 = CARTESIAN_POINT ( 'NONE',  ( 0.000000000000000000, 0.000000000000000000, 0.000000000000000000 ) ) ;
#2872 = ORIENTED_EDGE ( 'NONE', *, *, #2905, .F. ) ;
#2873 = EDGE_CURVE ( 'NONE', #6682, #2989, #826, .T. ) ;
#2874 = VERTEX_POINT ( 'NONE', #2618 ) ;
#2875 = DIRECTION ( 'NONE',  ( -1.584868676303174892E-10, -1.000000000000000000, -1.006759160312406084E-14 ) ) ;
#2876 = CARTESIAN_POINT ( 'NONE',  ( 1.525000000000000133, -0.9499999999999999556, 0.5530330085890000635 ) ) ;
#2877 = ORIENTED_EDGE ( 'NONE', *, *, #3024, .T. ) ;
#2878 = CARTESIAN_POINT ( 'NONE',  ( 2.000000000000000000, 0.2999999999989759747, 2.330000000000000071 ) ) ;
#2879 = ORIENTED_EDGE ( 'NONE', *, *, #3798, .T. ) ;
#2880 = ADVANCED_FACE ( 'NONE', ( #357 ), #2818, .F. ) ;
#2881 = EDGE_LOOP ( 'NONE', ( #1109, #4230, #1535, #5291, #242, #3110 ) ) ;
#2882 = CYLINDRICAL_SURFACE ( 'NONE', #2064, 0.07000000000000018707 ) ;
#2883 = EDGE_CURVE ( 'NONE', #4626, #5069, #5785, .T. ) ;
#2884 = CIRCLE ( 'NONE', #3647, 0.1000000000000000472 ) ;
#2885 = VECTOR ( 'NONE', #3357, 1000.000000000000000 ) ;
#2886 = DIRECTION ( 'NONE',  ( 0.000000000000000000, 1.000000000000000000, 0.000000000000000000 ) ) ;
#2887 = EDGE_LOOP ( 'NONE', ( #1671, #337, #1527, #1070, #1974, #6664, #5706, #768, #5866, #5921, #451, #1116 ) ) ;
#2888 = VECTOR ( 'NONE', #791, 1000.000000000000227 ) ;
#2889 = VECTOR ( 'NONE', #4207, 1000.000000000000000 ) ;
#2890 = DIRECTION ( 'NONE',  ( -3.643524251838465300E-15, -1.000000000000000000, -5.543480938999820347E-15 ) ) ;
#2891 = ORIENTED_EDGE ( 'NONE', *, *, #3706, .F. ) ;
#2892 = FACE_OUTER_BOUND ( 'NONE', #1799, .T. ) ;
#2893 = CARTESIAN_POINT ( 'NONE',  ( 0.2650000000000000133, 0.9000000000000000222, 0.7500000000000000000 ) ) ;
#2894 = ADVANCED_FACE ( 'NONE', ( #4032 ), #5825, .F. ) ;
#2895 = CARTESIAN_POINT ( 'NONE',  ( 0.8510499682798500221, 0.3755476762914404798, 3.500000000000000000 ) ) ;
#2896 = CYLINDRICAL_SURFACE ( 'NONE', #5677, 0.2000000000000000944 ) ;
#2897 = AXIS2_PLACEMENT_3D ( 'NONE', #3958, #6334, #981 ) ;
#2898 = VECTOR ( 'NONE', #7084, 1000.000000000000000 ) ;
#2899 = EDGE_LOOP ( 'NONE', ( #142, #4439, #2089, #5994 ) ) ;
#2900 = VECTOR ( 'NONE', #5898, 1000.000000000000000 ) ;
#2901 = CYLINDRICAL_SURFACE ( 'NONE', #1675, 0.1299999999999999489 ) ;
#2902 = AXIS2_PLACEMENT_3D ( 'NONE', #7060, #2917, #491 ) ;
#2903 = LINE ( 'NONE', #560, #4385 ) ;
#2904 = VERTEX_POINT ( 'NONE', #3335 ) ;
#2905 = EDGE_CURVE ( 'NONE', #2827, #4741, #2733, .T. ) ;
#2906 = FACE_OUTER_BOUND ( 'NONE', #4161, .T. ) ;
#2907 = VERTEX_POINT ( 'NONE', #1018 ) ;
#2908 = CARTESIAN_POINT ( 'NONE',  ( 2.095000000000000195, 0.000000000000000000, 2.200000000000000178 ) ) ;
#2909 = DIRECTION ( 'NONE',  ( 0.000000000000000000, -1.000000000000000000, 0.000000000000000000 ) ) ;
#2910 = AXIS2_PLACEMENT_3D ( 'NONE', #7672, #6466, #3970 ) ;
#2911 = ORIENTED_EDGE ( 'NONE', *, *, #3136, .T. ) ;
#2912 = CARTESIAN_POINT ( 'NONE',  ( -0.2650000000000000133, 0.5150000000000000133, 0.7500000000000000000 ) ) ;
#2913 = CARTESIAN_POINT ( 'NONE',  ( 0.7500000000000000000, -0.1100000000000000006, 0.2500000000000000000 ) ) ;
#2914 = ORIENTED_EDGE ( 'NONE', *, *, #7248, .T. ) ;
#2915 = AXIS2_PLACEMENT_3D ( 'NONE', #7372, #815, #3905 ) ;
#2916 = CARTESIAN_POINT ( 'NONE',  ( 1.899999999999999911, -0.09682458365518520349, 2.299999999999999822 ) ) ;
#2917 = DIRECTION ( 'NONE',  ( 0.000000000000000000, 0.000000000000000000, -1.000000000000000000 ) ) ;
#2918 = VERTEX_POINT ( 'NONE', #3367 ) ;
#2919 = ORIENTED_EDGE ( 'NONE', *, *, #2711, .T. ) ;
#2920 = DIRECTION ( 'NONE',  ( 0.000000000000000000, 0.000000000000000000, 1.000000000000000000 ) ) ;
#2921 = AXIS2_PLACEMENT_3D ( 'NONE', #5950, #516, #4157 ) ;
#2922 = EDGE_CURVE ( 'NONE', #7127, #697, #650, .T. ) ;
#2923 = CARTESIAN_POINT ( 'NONE',  ( 0.6499793389757350104, -1.299999998263916101, 1.394437171409973919 ) ) ;
#2924 = ORIENTED_EDGE ( 'NONE', *, *, #4697, .T. ) ;
#2925 = DIRECTION ( 'NONE',  ( 0.000000000000000000, -1.000000000000000000, 0.000000000000000000 ) ) ;
#2926 = CARTESIAN_POINT ( 'NONE',  ( 0.8499999999848999455, -1.299999999995513855, 1.399999999999999911 ) ) ;
#2927 = EDGE_LOOP ( 'NONE', ( #3579, #5679, #1624, #3708 ) ) ;
#2928 = VERTEX_POINT ( 'NONE', #5662 ) ;
#2929 = DIRECTION ( 'NONE',  ( 0.000000000000000000, -1.000000000000000000, 0.000000000000000000 ) ) ;
#2930 = AXIS2_PLACEMENT_3D ( 'NONE', #7452, #2105, #7375 ) ;
#2931 = LINE ( 'NONE', #4068, #6761 ) ;
#2932 = ORIENTED_EDGE ( 'NONE', *, *, #2749, .F. ) ;
#2933 = EDGE_CURVE ( 'NONE', #3903, #5860, #5237, .T. ) ;
#2934 = EDGE_CURVE ( 'NONE', #4397, #5860, #6413, .T. ) ;
#2935 = VECTOR ( 'NONE', #5421, 1000.000000000000000 ) ;
#2936 = CARTESIAN_POINT ( 'NONE',  ( -0.6407106710560012131, -0.8060659156373373158, 0.2527985861194562700 ) ) ;
#2937 = LINE ( 'NONE', #1906, #1132 ) ;
#2938 = DIRECTION ( 'NONE',  ( 0.000000000000000000, 0.000000000000000000, 1.000000000000000000 ) ) ;
#2939 = CARTESIAN_POINT ( 'NONE',  ( 0.7500000000000000000, -0.5150000000000000133, 0.7500000000000000000 ) ) ;
#2940 = DIRECTION ( 'NONE',  ( -1.000000000000000000, 0.000000000000000000, 0.000000000000000000 ) ) ;
#2941 = AXIS2_PLACEMENT_3D ( 'NONE', #4675, #2413, #6038 ) ;
#2942 = ADVANCED_FACE ( 'NONE', ( #2271 ), #7581, .T. ) ;
#2943 = AXIS2_PLACEMENT_3D ( 'NONE', #4957, #3083, #6676 ) ;
#2944 = CARTESIAN_POINT ( 'NONE',  ( -0.2461754054898470101, 0.7038245945101310186, 0.3735081097978264486 ) ) ;
#2945 = CARTESIAN_POINT ( 'NONE',  ( 1.925000000000000044, -0.9000000000000000222, 0.5000000000000000000 ) ) ;
#2946 = ORIENTED_EDGE ( 'NONE', *, *, #969, .T. ) ;
#2947 = DIRECTION ( 'NONE',  ( 0.9996699956273306098, 0.0001607603882823939207, -0.02568801274038953406 ) ) ;
#2948 = ORIENTED_EDGE ( 'NONE', *, *, #4650, .T. ) ;
#2949 = LINE ( 'NONE', #5332, #6573 ) ;
#2950 = DIRECTION ( 'NONE',  ( 1.000000000000000000, 0.000000000000000000, 0.000000000000000000 ) ) ;
#2951 = CIRCLE ( 'NONE', #5811, 0.07000000000000018707 ) ;
#2952 = ADVANCED_FACE ( 'NONE', ( #7499 ), #4538, .T. ) ;
#2953 = EDGE_LOOP ( 'NONE', ( #7490, #2756, #2567, #1706, #1049, #5868 ) ) ;
#2954 = ORIENTED_EDGE ( 'NONE', *, *, #2268, .F. ) ;
#2955 = CARTESIAN_POINT ( 'NONE',  ( 1.525000000000000133, 0.000000000000000000, 0.5000000000000000000 ) ) ;
#2956 = VERTEX_POINT ( 'NONE', #946 ) ;
#2957 = AXIS2_PLACEMENT_3D ( 'NONE', #1489, #2001, #3870 ) ;
#2958 = CARTESIAN_POINT ( 'NONE',  ( 0.8510499682816999867, -0.4087534042735999629, 3.399999999999999911 ) ) ;
#2959 = CARTESIAN_POINT ( 'NONE',  ( 2.100000000000000089, 0.4000000000000000222, 0.5000000000000000000 ) ) ;
#2960 = ORIENTED_EDGE ( 'NONE', *, *, #7705, .F. ) ;
#2961 = CARTESIAN_POINT ( 'NONE',  ( -0.6407106710560012131, 0.8060659156373373158, 0.2527985861194562700 ) ) ;
#2962 = EDGE_CURVE ( 'NONE', #6435, #6210, #7541, .T. ) ;
#2963 = DIRECTION ( 'NONE',  ( 0.000000000000000000, 0.000000000000000000, 1.000000000000000000 ) ) ;
#2964 = ORIENTED_EDGE ( 'NONE', *, *, #4658, .F. ) ;
#2965 = LINE ( 'NONE', #1050, #3298 ) ;
#2966 = DIRECTION ( 'NONE',  ( 0.000000000000000000, -1.000000000000000000, 0.000000000000000000 ) ) ;
#2967 = ORIENTED_EDGE ( 'NONE', *, *, #7379, .F. ) ;
#2968 = ORIENTED_EDGE ( 'NONE', *, *, #3258, .T. ) ;
#2969 = LINE ( 'NONE', #5937, #1066 ) ;
#2970 = DIRECTION ( 'NONE',  ( 0.000000000000000000, 1.000000000000000000, 0.000000000000000000 ) ) ;
#2971 = ORIENTED_EDGE ( 'NONE', *, *, #4794, .F. ) ;
#2972 = DIRECTION ( 'NONE',  ( 0.000000000000000000, -1.000000000000000000, -1.626303258728279055E-14 ) ) ;
#2973 = CARTESIAN_POINT ( 'NONE',  ( 0.6142125391548127755, 0.7714318935557596957, 0.2648719078912577518 ) ) ;
#2974 = CARTESIAN_POINT ( 'NONE',  ( -2.200000000000000178, 0.5000000000000000000, 2.100000000000000089 ) ) ;
#2975 = EDGE_CURVE ( 'NONE', #4692, #7062, #5740, .T. ) ;
#2976 = EDGE_CURVE ( 'NONE', #2300, #166, #4579, .T. ) ;
#2977 = ORIENTED_EDGE ( 'NONE', *, *, #208, .T. ) ;
#2978 = CARTESIAN_POINT ( 'NONE',  ( -2.200000000000000178, -0.3499999999999999778, 2.100000000000000089 ) ) ;
#2979 = B_SPLINE_CURVE_WITH_KNOTS ( 'NONE', 3,
 ( #5384, #5463, #3157, #4220, #662, #117, #2538, #2496, #3001, #45, #4255, #2426, #4874 ),
 .UNSPECIFIED., .F., .F.,
 ( 4, 3, 3, 3, 4 ),
 ( 6.133173666733496745E-19, 3.296031577908253905E-05, 6.598550016076887986E-05, 9.797263353586809745E-05, 0.0001285095388698215529 ),
 .UNSPECIFIED. ) ;
#2980 = CARTESIAN_POINT ( 'NONE',  ( 2.100000000000000089, -0.3062249899919919360, 2.299999999999999822 ) ) ;
#2981 = ORIENTED_EDGE ( 'NONE', *, *, #2406, .T. ) ;
#2982 = PLANE ( 'NONE',  #6749 ) ;
#2983 = EDGE_LOOP ( 'NONE', ( #5337, #2655, #5492, #2335, #3557 ) ) ;
#2984 = EDGE_CURVE ( 'NONE', #3029, #2225, #7463, .T. ) ;
#2985 = CARTESIAN_POINT ( 'NONE',  ( 0.8499999999848999455, -1.299999999995513855, 1.399999999999999911 ) ) ;
#2986 = ADVANCED_FACE ( 'NONE', ( #6924 ), #4613, .T. ) ;
#2987 = FACE_OUTER_BOUND ( 'NONE', #6432, .T. ) ;
#2988 = ORIENTED_EDGE ( 'NONE', *, *, #6426, .F. ) ;
#2989 = VERTEX_POINT ( 'NONE', #7617 ) ;
#2990 = DIRECTION ( 'NONE',  ( 1.000000000000000000, 0.000000000000000000, 0.000000000000000000 ) ) ;
#2991 = CARTESIAN_POINT ( 'NONE',  ( -1.899999999999999911, -0.09682458365518580024, 2.299999999999999822 ) ) ;
#2992 = VERTEX_POINT ( 'NONE', #2114 ) ;
#2993 = DIRECTION ( 'NONE',  ( 0.000000000000000000, 0.000000000000000000, 1.000000000000000000 ) ) ;
#2994 = ADVANCED_FACE ( 'NONE', ( #6877 ), #1570, .F. ) ;
#2995 = ORIENTED_EDGE ( 'NONE', *, *, #596, .T. ) ;
#2996 = VERTEX_POINT ( 'NONE', #4812 ) ;
#2997 = DIRECTION ( 'NONE',  ( 0.000000000000000000, 1.000000000000000000, 0.000000000000000000 ) ) ;
#2998 = DIRECTION ( 'NONE',  ( 3.643524251838465300E-15, 1.000000000000000000, 5.420985188938160716E-15 ) ) ;
#2999 = ORIENTED_EDGE ( 'NONE', *, *, #6671, .F. ) ;
#3000 = ORIENTED_EDGE ( 'NONE', *, *, #1573, .F. ) ;
#3001 = CARTESIAN_POINT ( 'NONE',  ( -2.157586450872334360, -0.3682837618844916894, 2.291806125521171023 ) ) ;
#3002 = EDGE_CURVE ( 'NONE', #5559, #5221, #1223, .T. ) ;
#3003 = LINE ( 'NONE', #4805, #1283 ) ;
#3004 = VERTEX_POINT ( 'NONE', #2895 ) ;
#3005 = AXIS2_PLACEMENT_3D ( 'NONE', #2309, #2890, #1644 ) ;
#3006 = DIRECTION ( 'NONE',  ( 0.000000000000000000, 1.000000000000000000, 0.000000000000000000 ) ) ;
#3007 = AXIS2_PLACEMENT_3D ( 'NONE', #4176, #7177, #7252 ) ;
#3008 = CARTESIAN_POINT ( 'NONE',  ( 0.8499999999848999455, -0.9000000000000000222, 1.399999999999999911 ) ) ;
#3009 = CARTESIAN_POINT ( 'NONE',  ( 0.5350000000000000311, -0.08499999999999900691, 0.7500000000000000000 ) ) ;
#3010 = CIRCLE ( 'NONE', #6634, 0.1499999999999999667 ) ;
#3011 = VECTOR ( 'NONE', #488, 1000.000000000000000 ) ;
#3012 = EDGE_CURVE ( 'NONE', #7127, #5808, #5859, .T. ) ;
#3013 = LINE ( 'NONE', #630, #52 ) ;
#3014 = PLANE ( 'NONE',  #7632 ) ;
#3015 = ORIENTED_EDGE ( 'NONE', *, *, #2552, .T. ) ;
#3016 = AXIS2_PLACEMENT_3D ( 'NONE', #4965, #6094, #3204 ) ;
#3017 = VECTOR ( 'NONE', #5912, 1000.000000000000000 ) ;
#3018 = LINE ( 'NONE', #6541, #519 ) ;
#3019 = ORIENTED_EDGE ( 'NONE', *, *, #4978, .T. ) ;
#3020 = LINE ( 'NONE', #3062, #6448 ) ;
#3021 = CARTESIAN_POINT ( 'NONE',  ( -0.5540493129827800400, -0.7041281197244958490, 0.3690137403439990305 ) ) ;
#3022 = VECTOR ( 'NONE', #5697, 1000.000000000000114 ) ;
#3023 = VECTOR ( 'NONE', #1753, 1000.000000000000000 ) ;
#3024 = EDGE_CURVE ( 'NONE', #3917, #1248, #1184, .T. ) ;
#3025 = ADVANCED_FACE ( 'NONE', ( #627 ), #4111, .T. ) ;
#3026 = ORIENTED_EDGE ( 'NONE', *, *, #929, .F. ) ;
#3027 = ORIENTED_EDGE ( 'NONE', *, *, #3743, .F. ) ;
#3028 = CARTESIAN_POINT ( 'NONE',  ( -1.525000000000000133, -0.8000000000000000444, 0.5000000000000000000 ) ) ;
#3029 = VERTEX_POINT ( 'NONE', #2434 ) ;
#3030 = LINE ( 'NONE', #4862, #4683 ) ;
#3031 = CARTESIAN_POINT ( 'NONE',  ( -0.5538245945101579748, 0.1038245945101799877, 0.3735081097972889896 ) ) ;
#3032 = ORIENTED_EDGE ( 'NONE', *, *, #3475, .F. ) ;
#3033 = CARTESIAN_POINT ( 'NONE',  ( 0.1163376014357000027, -0.3663376014356999888, 0.2500000000000000000 ) ) ;
#3034 =( BOUNDED_CURVE ( )  B_SPLINE_CURVE ( 3, ( #6858, #808, #5686, #3228 ),
 .UNSPECIFIED., .F., .T. ) 
 B_SPLINE_CURVE_WITH_KNOTS ( ( 4, 4 ),
 ( 1.570796326794895004, 3.091634257867814650 ),
 .UNSPECIFIED. ) 
 CURVE ( )  GEOMETRIC_REPRESENTATION_ITEM ( )  RATIONAL_B_SPLINE_CURVE ( ( 1.000000000000000000, 0.8163648751936799508, 0.8163648751936799508, 1.000000000000000000 ) ) 
 REPRESENTATION_ITEM ( '' )  );
#3035 = AXIS2_PLACEMENT_3D ( 'NONE', #1232, #1267, #1308 ) ;
#3036 = ORIENTED_EDGE ( 'NONE', *, *, #1693, .F. ) ;
#3037 = EDGE_CURVE ( 'NONE', #2300, #1683, #5321, .T. ) ;
#3038 = AXIS2_PLACEMENT_3D ( 'NONE', #4496, #1533, #983 ) ;
#3039 = CARTESIAN_POINT ( 'NONE',  ( -2.299999999999999822, -0.3750000000000000000, 2.100000000000000089 ) ) ;
#3040 = ORIENTED_EDGE ( 'NONE', *, *, #3370, .F. ) ;
#3041 = CARTESIAN_POINT ( 'NONE',  ( -1.050000000000000044, 0.4000000000000000222, 2.495600000000000041 ) ) ;
#3042 = DIRECTION ( 'NONE',  ( 0.000000000000000000, 0.000000000000000000, 1.000000000000000000 ) ) ;
#3043 = ORIENTED_EDGE ( 'NONE', *, *, #3050, .F. ) ;
#3044 = ORIENTED_EDGE ( 'NONE', *, *, #4709, .T. ) ;
#3045 = CARTESIAN_POINT ( 'NONE',  ( 0.6490056111029568475, -0.3756735527281008236, 0.2502619736960299823 ) ) ;
#3046 = LINE ( 'NONE', #4256, #2277 ) ;
#3047 = DIRECTION ( 'NONE',  ( 0.000000000000000000, 0.000000000000000000, 1.000000000000000000 ) ) ;
#3048 = VECTOR ( 'NONE', #392, 1000.000000000000000 ) ;
#3049 = EDGE_LOOP ( 'NONE', ( #4124, #2374, #2137, #3000 ) ) ;
#3050 = EDGE_CURVE ( 'NONE', #3118, #994, #1102, .T. ) ;
#3051 = AXIS2_PLACEMENT_3D ( 'NONE', #1093, #5815, #2301 ) ;
#3052 = DIRECTION ( 'NONE',  ( 0.000000000000000000, -1.000000000000000000, 0.000000000000000000 ) ) ;
#3053 = DIRECTION ( 'NONE',  ( -1.000000000000000000, 0.000000000000000000, 0.000000000000000000 ) ) ;
#3054 = DIRECTION ( 'NONE',  ( 0.000000000000000000, 1.000000000000000000, 0.000000000000000000 ) ) ;
#3055 = VECTOR ( 'NONE', #1745, 1000.000000000000000 ) ;
#3056 = EDGE_CURVE ( 'NONE', #1352, #4844, #4077, .T. ) ;
#3057 = ORIENTED_EDGE ( 'NONE', *, *, #3086, .T. ) ;
#3058 = DIRECTION ( 'NONE',  ( 0.000000000000000000, -1.000000000000000000, 0.000000000000000000 ) ) ;
#3059 = LINE ( 'NONE', #4662, #3017 ) ;
#3060 = ORIENTED_EDGE ( 'NONE', *, *, #2102, .F. ) ;
#3061 = CARTESIAN_POINT ( 'NONE',  ( -0.9499999999999999556, 0.4000000000000000222, 2.100000000000000089 ) ) ;
#3062 = CARTESIAN_POINT ( 'NONE',  ( -0.5350000000000000311, 0.9000000000000000222, 0.7500000000000000000 ) ) ;
#3063 = DIRECTION ( 'NONE',  ( 1.850848880286015301E-14, -1.850848880569200273E-14, 1.000000000000000000 ) ) ;
#3064 = VECTOR ( 'NONE', #3047, 1000.000000000000000 ) ;
#3065 = AXIS2_PLACEMENT_3D ( 'NONE', #1993, #90, #4926 ) ;
#3066 = LINE ( 'NONE', #3546, #7376 ) ;
#3067 = EDGE_LOOP ( 'NONE', ( #2869, #3624, #3432, #6259 ) ) ;
#3068 = DIRECTION ( 'NONE',  ( 1.000000000000000000, 0.000000000000000000, 0.000000000000000000 ) ) ;
#3069 = DIRECTION ( 'NONE',  ( 0.000000000000000000, -1.000000000000000000, 0.000000000000000000 ) ) ;
#3070 = EDGE_LOOP ( 'NONE', ( #1372, #6704, #3349, #6622 ) ) ;
#3071 = FACE_OUTER_BOUND ( 'NONE', #5044, .T. ) ;
#3072 = CIRCLE ( 'NONE', #2202, 0.1000000000000000472 ) ;
#3073 = EDGE_CURVE ( 'NONE', #6631, #848, #5757, .T. ) ;
#3074 = ADVANCED_FACE ( 'NONE', ( #7697 ), #6018, .T. ) ;
#3075 = VECTOR ( 'NONE', #5826, 1000.000000000000000 ) ;
#3076 = ORIENTED_EDGE ( 'NONE', *, *, #5925, .T. ) ;
#3077 = FACE_OUTER_BOUND ( 'NONE', #5329, .T. ) ;
#3078 = VERTEX_POINT ( 'NONE', #5392 ) ;
#3079 = DIRECTION ( 'NONE',  ( 0.000000000000000000, 0.000000000000000000, 1.000000000000000000 ) ) ;
#3080 = PLANE ( 'NONE',  #2408 ) ;
#3081 = EDGE_LOOP ( 'NONE', ( #2231, #3428, #6353, #3677, #1828 ) ) ;
#3082 = ORIENTED_EDGE ( 'NONE', *, *, #1059, .F. ) ;
#3083 = DIRECTION ( 'NONE',  ( 0.03489418781260640590, 0.01744177813808910071, 0.9992388003036511979 ) ) ;
#3084 = CARTESIAN_POINT ( 'NONE',  ( 0.7500000000000000000, -0.7099999999999999645, 0.2500000000000000000 ) ) ;
#3085 = DIRECTION ( 'NONE',  ( 1.000000000000000000, 0.000000000000000000, 0.000000000000000000 ) ) ;
#3086 = EDGE_CURVE ( 'NONE', #7354, #5816, #594, .T. ) ;
#3087 = VECTOR ( 'NONE', #4657, 1000.000000000000000 ) ;
#3088 = ORIENTED_EDGE ( 'NONE', *, *, #5232, .T. ) ;
#3089 = CARTESIAN_POINT ( 'NONE',  ( -0.9476188457623999639, 0.5000000000000000000, 3.500000000000000000 ) ) ;
#3090 = DIRECTION ( 'NONE',  ( 0.000000000000000000, 0.000000000000000000, -1.000000000000000000 ) ) ;
#3091 = PLANE ( 'NONE',  #3016 ) ;
#3092 = EDGE_CURVE ( 'NONE', #7373, #4377, #7660, .T. ) ;
#3093 = CYLINDRICAL_SURFACE ( 'NONE', #5918, 0.09999999999999982514 ) ;
#3094 = DIRECTION ( 'NONE',  ( 0.000000000000000000, -1.000000000000000000, 0.000000000000000000 ) ) ;
#3095 = EDGE_LOOP ( 'NONE', ( #1051, #3300, #364, #6714, #3060, #7140, #1073, #5779 ) ) ;
#3096 = CARTESIAN_POINT ( 'NONE',  ( -2.299999999999999822, -0.9449999999999999512, 1.800000000000000044 ) ) ;
#3097 = CARTESIAN_POINT ( 'NONE',  ( 1.275000000000000133, -0.9000000000000000222, 0.000000000000000000 ) ) ;
#3098 = EDGE_CURVE ( 'NONE', #3562, #4112, #7040, .T. ) ;
#3099 = DIRECTION ( 'NONE',  ( 0.000000000000000000, 0.000000000000000000, 1.000000000000000000 ) ) ;
#3100 = DIRECTION ( 'NONE',  ( 0.000000000000000000, 0.000000000000000000, 1.000000000000000000 ) ) ;
#3101 = ORIENTED_EDGE ( 'NONE', *, *, #1399, .T. ) ;
#3102 = LINE ( 'NONE', #5410, #313 ) ;
#3103 = PLANE ( 'NONE',  #1511 ) ;
#3104 = ORIENTED_EDGE ( 'NONE', *, *, #7002, .F. ) ;
#3105 = CARTESIAN_POINT ( 'NONE',  ( -2.100000000000000089, -0.3750000000000000000, 1.500000000000000000 ) ) ;
#3106 = EDGE_LOOP ( 'NONE', ( #7437, #5833, #2566, #7211 ) ) ;
#3107 = CARTESIAN_POINT ( 'NONE',  ( -0.5574784945321223928, -0.1074784945321228952, 0.3004301093584694216 ) ) ;
#3108 = EDGE_CURVE ( 'NONE', #5069, #660, #1848, .T. ) ;
#3109 = FILL_AREA_STYLE_COLOUR ( '', #6249 ) ;
#3110 = ORIENTED_EDGE ( 'NONE', *, *, #5717, .T. ) ;
#3111 = CARTESIAN_POINT ( 'NONE',  ( -0.6499999999999801492, -0.8336623985643000223, 0.2500000000000000000 ) ) ;
#3112 = CARTESIAN_POINT ( 'NONE',  ( -2.250000000000000000, 0.9000000000000000222, 0.5000000000000000000 ) ) ;
#3113 = EDGE_LOOP ( 'NONE', ( #6968, #2586, #5454, #4218 ) ) ;
#3114 = VERTEX_POINT ( 'NONE', #6604 ) ;
#3115 = LINE ( 'NONE', #3745, #5678 ) ;
#3116 = DIRECTION ( 'NONE',  ( 1.000000000000000000, 0.000000000000000000, 0.000000000000000000 ) ) ;
#3117 =( NAMED_UNIT ( * ) SI_UNIT ( $, .STERADIAN. ) SOLID_ANGLE_UNIT ( ) );
#3118 = VERTEX_POINT ( 'NONE', #3009 ) ;
#3119 = EDGE_CURVE ( 'NONE', #548, #334, #6209, .T. ) ;
#3120 = VERTEX_POINT ( 'NONE', #92 ) ;
#3121 = EDGE_CURVE ( 'NONE', #6395, #5488, #4151, .T. ) ;
#3122 = DIRECTION ( 'NONE',  ( 0.000000000000000000, 0.000000000000000000, -1.000000000000000000 ) ) ;
#3123 = CYLINDRICAL_SURFACE ( 'NONE', #2315, 0.09999999999999982514 ) ;
#3124 = VECTOR ( 'NONE', #140, 1000.000000000000000 ) ;
#3125 = DIRECTION ( 'NONE',  ( 0.000000000000000000, 0.000000000000000000, -1.000000000000000000 ) ) ;
#3126 = CIRCLE ( 'NONE', #3756, 0.2000000000000000944 ) ;
#3127 = EDGE_CURVE ( 'NONE', #1755, #2904, #14, .T. ) ;
#3128 = LINE ( 'NONE', #1302, #1416 ) ;
#3129 = CARTESIAN_POINT ( 'NONE',  ( -0.6430289865947385053, 0.3902125795788116136, 0.2520592787166230364 ) ) ;
#3130 = EDGE_LOOP ( 'NONE', ( #409, #4401, #2410, #2436 ) ) ;
#3131 = LINE ( 'NONE', #7386, #2888 ) ;
#3132 = CARTESIAN_POINT ( 'NONE',  ( -1.800000000000000044, -0.3499999999999999778, 2.299999999999999822 ) ) ;
#3133 = VECTOR ( 'NONE', #5050, 1000.000000000000000 ) ;
#3134 = FACE_OUTER_BOUND ( 'NONE', #306, .T. ) ;
#3135 = VECTOR ( 'NONE', #7479, 1000.000000000000000 ) ;
#3136 = EDGE_CURVE ( 'NONE', #561, #3823, #1808, .T. ) ;
#3137 = AXIS2_PLACEMENT_3D ( 'NONE', #3616, #1775, #1192 ) ;
#3138 = AXIS2_PLACEMENT_3D ( 'NONE', #7394, #5047, #3769 ) ;
#3139 = DIRECTION ( 'NONE',  ( 0.000000000000000000, 0.000000000000000000, 1.000000000000000000 ) ) ;
#3140 = ORIENTED_EDGE ( 'NONE', *, *, #1802, .F. ) ;
#3141 = FACE_OUTER_BOUND ( 'NONE', #6981, .T. ) ;
#3142 = CARTESIAN_POINT ( 'NONE',  ( -2.200000000000000178, -0.9050000000000000266, 2.100000000000000089 ) ) ;
#3143 = VERTEX_POINT ( 'NONE', #156 ) ;
#3144 = DIRECTION ( 'NONE',  ( 1.000000000000000000, -2.133235538644784924E-10, -1.548860245961815151E-14 ) ) ;
#3145 = AXIS2_PLACEMENT_3D ( 'NONE', #4607, #6992, #6598 ) ;
#3146 = VERTEX_POINT ( 'NONE', #231 ) ;
#3147 = AXIS2_PLACEMENT_3D ( 'NONE', #7587, #1069, #6845 ) ;
#3148 = EDGE_CURVE ( 'NONE', #416, #5808, #5387, .T. ) ;
#3149 = DIRECTION ( 'NONE',  ( 0.9987523388778447586, 0.000000000000000000, 0.04993761694389219075 ) ) ;
#3150 = CARTESIAN_POINT ( 'NONE',  ( -2.250000000000000000, 0.4000000000000000222, 0.5000000000000000000 ) ) ;
#3151 = DIRECTION ( 'NONE',  ( 0.03489418781260641284, -0.01744177813808910418, -0.9992388003036514199 ) ) ;
#3152 = AXIS2_PLACEMENT_3D ( 'NONE', #4163, #3099, #2483 ) ;
#3153 = LINE ( 'NONE', #1284, #3684 ) ;
#3154 = DIRECTION ( 'NONE',  ( 0.000000000000000000, 0.000000000000000000, -1.000000000000000000 ) ) ;
#3155 = VERTEX_POINT ( 'NONE', #6166 ) ;
#3156 = VERTEX_POINT ( 'NONE', #1994 ) ;
#3157 = CARTESIAN_POINT ( 'NONE',  ( -2.108678396167881886, -0.3266626638759722034, 2.299922233459713805 ) ) ;
#3158 = CARTESIAN_POINT ( 'NONE',  ( -1.937867965637050771, 0.4500000000269461231, 2.371005050633883116 ) ) ;
#3159 = ADVANCED_FACE ( 'NONE', ( #3166 ), #3091, .T. ) ;
#3160 = VECTOR ( 'NONE', #1654, 1000.000000000000000 ) ;
#3161 = DIRECTION ( 'NONE',  ( 0.000000000000000000, 0.000000000000000000, -1.000000000000000000 ) ) ;
#3162 = ORIENTED_EDGE ( 'NONE', *, *, #1034, .F. ) ;
#3163 = CARTESIAN_POINT ( 'NONE',  ( 1.800000000000000044, 0.3499999999999999778, 2.100000000000000089 ) ) ;
#3164 = LINE ( 'NONE', #669, #3315 ) ;
#3165 = VECTOR ( 'NONE', #7312, 1000.000000000000000 ) ;
#3166 = FACE_OUTER_BOUND ( 'NONE', #6226, .T. ) ;
#3167 = EDGE_CURVE ( 'NONE', #4015, #3114, #4849, .T. ) ;
#3168 = EDGE_CURVE ( 'NONE', #7686, #5373, #782, .T. ) ;
#3169 = VECTOR ( 'NONE', #3487, 1000.000000000000000 ) ;
#3170 = DIRECTION ( 'NONE',  ( 0.000000000000000000, 1.000000000000000000, 0.000000000000000000 ) ) ;
#3171 = DIRECTION ( 'NONE',  ( 1.000000000000000000, 0.000000000000000000, 0.000000000000000000 ) ) ;
#3172 = ORIENTED_EDGE ( 'NONE', *, *, #3901, .T. ) ;
#3173 = CARTESIAN_POINT ( 'NONE',  ( -1.930000000000000160, -0.2999999999936594497, 2.399999999999999911 ) ) ;
#3174 = CARTESIAN_POINT ( 'NONE',  ( -0.2400000000000000189, 0.9000000000000000222, 0.2500000000000000000 ) ) ;
#3175 = AXIS2_PLACEMENT_3D ( 'NONE', #4870, #4982, #2570 ) ;
#3176 = CARTESIAN_POINT ( 'NONE',  ( 0.6393875839007105988, 0.3959449308695098257, 0.2532900993116336541 ) ) ;
#3177 = EDGE_CURVE ( 'NONE', #2827, #6725, #4413, .T. ) ;
#3178 = VECTOR ( 'NONE', #7540, 1000.000000000000000 ) ;
#3179 = LINE ( 'NONE', #3249, #2013 ) ;
#3180 = VERTEX_POINT ( 'NONE', #1443 ) ;
#3181 = LINE ( 'NONE', #3142, #6379 ) ;
#3182 = ORIENTED_EDGE ( 'NONE', *, *, #6364, .T. ) ;
#3183 = DIRECTION ( 'NONE',  ( 0.000000000000000000, 0.000000000000000000, -1.000000000000000000 ) ) ;
#3184 = ADVANCED_FACE ( 'NONE', ( #6686 ), #2545, .T. ) ;
#3185 = AXIS2_PLACEMENT_3D ( 'NONE', #301, #5689, #3786 ) ;
#3186 = ORIENTED_EDGE ( 'NONE', *, *, #5191, .F. ) ;
#3187 = CARTESIAN_POINT ( 'NONE',  ( -0.5538245945100819245, -0.7038245945101170298, 0.3735081097983659615 ) ) ;
#3188 = ORIENTED_EDGE ( 'NONE', *, *, #4101, .T. ) ;
#3189 = AXIS2_PLACEMENT_3D ( 'NONE', #1328, #1358, #3715 ) ;
#3190 = LINE ( 'NONE', #4473, #1558 ) ;
#3191 = DIRECTION ( 'NONE',  ( -1.000000000000000000, 0.000000000000000000, 0.000000000000000000 ) ) ;
#3192 = ORIENTED_EDGE ( 'NONE', *, *, #5482, .T. ) ;
#3193 = EDGE_LOOP ( 'NONE', ( #2021, #82, #4247, #1873 ) ) ;
#3194 = DIRECTION ( 'NONE',  ( -1.000000000000000000, 0.000000000000000000, 0.000000000000000000 ) ) ;
#3195 = CYLINDRICAL_SURFACE ( 'NONE', #1321, 0.07000000000000018707 ) ;
#3196 = EDGE_CURVE ( 'NONE', #6310, #1473, #2473, .T. ) ;
#3197 = VECTOR ( 'NONE', #4213, 1000.000000000000000 ) ;
#3198 = ORIENTED_EDGE ( 'NONE', *, *, #8, .F. ) ;
#3199 = CARTESIAN_POINT ( 'NONE',  ( 1.925000000000000044, 0.2704156197588999944, 2.200000000000000178 ) ) ;
#3200 = ORIENTED_EDGE ( 'NONE', *, *, #7083, .T. ) ;
#3201 = FACE_OUTER_BOUND ( 'NONE', #4321, .T. ) ;
#3202 = DIRECTION ( 'NONE',  ( 0.000000000000000000, -1.000000000000000000, 0.000000000000000000 ) ) ;
#3203 = AXIS2_PLACEMENT_3D ( 'NONE', #6925, #6457, #1571 ) ;
#3204 = DIRECTION ( 'NONE',  ( 0.000000000000000000, 0.000000000000000000, 1.000000000000000000 ) ) ;
#3205 = ORIENTED_EDGE ( 'NONE', *, *, #5664, .T. ) ;
#3206 = PLANE ( 'NONE',  #5529 ) ;
#3207 = EDGE_CURVE ( 'NONE', #5803, #6310, #5275, .T. ) ;
#3208 = DIRECTION ( 'NONE',  ( 0.000000000000000000, 0.000000000000000000, -1.000000000000000000 ) ) ;
#3209 = ORIENTED_EDGE ( 'NONE', *, *, #6195, .F. ) ;
#3210 = CARTESIAN_POINT ( 'NONE',  ( -2.113554018886000030, 0.4961754054897820065, 0.3735081097965359809 ) ) ;
#3211 = ORIENTED_EDGE ( 'NONE', *, *, #6240, .F. ) ;
#3212 = CARTESIAN_POINT ( 'NONE',  ( 1.932869999999999866, -0.6449999999999999067, 1.800000000000000044 ) ) ;
#3213 = CARTESIAN_POINT ( 'NONE',  ( -2.200000000000000178, -0.3750000000000000000, 2.100000000000000089 ) ) ;
#3214 = CARTESIAN_POINT ( 'NONE',  ( 1.925000000000000044, 0.1658312395178000165, 2.100000000000000089 ) ) ;
#3215 = EDGE_CURVE ( 'NONE', #7051, #1045, #5544, .T. ) ;
#3216 = DIRECTION ( 'NONE',  ( -1.485887922226359993E-10, -1.000000000000000000, -7.744301232039249628E-16 ) ) ;
#3217 = VERTEX_POINT ( 'NONE', #1405 ) ;
#3218 = EDGE_CURVE ( 'NONE', #4058, #2907, #6645, .T. ) ;
#3219 = DIRECTION ( 'NONE',  ( 0.000000000000000000, -1.000000000000000000, 0.000000000000000000 ) ) ;
#3220 = EDGE_LOOP ( 'NONE', ( #1772, #6545, #6613, #3341 ) ) ;
#3221 = DIRECTION ( 'NONE',  ( -1.000000000000000000, 0.000000000000000000, 0.000000000000000000 ) ) ;
#3222 = ORIENTED_EDGE ( 'NONE', *, *, #504, .F. ) ;
#3223 = CARTESIAN_POINT ( 'NONE',  ( -0.5540493129827800400, -0.7041281197244958490, 0.3690137403439990305 ) ) ;
#3224 = LINE ( 'NONE', #5596, #6735 ) ;
#3225 = DIRECTION ( 'NONE',  ( 0.000000000000000000, 0.000000000000000000, 1.000000000000000000 ) ) ;
#3226 = EDGE_CURVE ( 'NONE', #2956, #3156, #1336, .T. ) ;
#3227 = LINE ( 'NONE', #5532, #5546 ) ;
#3228 = CARTESIAN_POINT ( 'NONE',  ( -0.2461754054898420141, -0.1038245945101804041, 0.3735081097972889896 ) ) ;
#3229 = ORIENTED_EDGE ( 'NONE', *, *, #3683, .F. ) ;
#3230 = VERTEX_POINT ( 'NONE', #6201 ) ;
#3231 = CARTESIAN_POINT ( 'NONE',  ( -1.600000000000000089, -0.2500000000000000000, 2.658830721404000563 ) ) ;
#3232 = CLOSED_SHELL ( 'NONE', ( #7183, #3969, #6134, #396, #7369, #6832, #558, #302, #5561, #2759, #159, #5791, #1465, #4768, #1590, #4248, #5369, #7102, #5882, #3705, #2726, #6374, #102, #5266, #820, #4606, #1376, #2650, #5278, #6341, #3259, #6897, #5716, #2814, #1446, #1175, #5200, #4598, #5633, #5987, #6216, #4533, #1903, #7508, #3696, #4651, #6213, #5334, #6113, #786, #2850, #3555, #411, #5846, #7625, #2194, #2185, #5854, #1844, #2614, #6697, #4573, #7467, #1140, #4409, #3025, #948, #7035, #4406, #7077, #5906, #4275, #2591, #6650, #930, #3411, #7653, #2348, #3654, #6333, #3889, #177, #993, #2986, #7556, #7457, #7577, #1445, #6528, #3960, #5074, #6008, #6222, #5545, #2287, #7339, #2465, #7288, #4120, #4238, #4604, #2063, #4132, #2880, #4037, #1703, #2684, #3074, #6683, #5083, #5698, #2418, #4200, #1593, #785, #3575, #2020, #5030, #2952, #2546, #3610, #2629, #6988, #740, #6486, #6582, #6638, #6898, #1674, #6917, #5794, #486, #5612 ) ) ;
#3233 = CARTESIAN_POINT ( 'NONE',  ( 1.375000000000000000, -0.4000000000000000222, 0.2500000000000000000 ) ) ;
#3234 = ORIENTED_EDGE ( 'NONE', *, *, #1884, .F. ) ;
#3235 = EDGE_CURVE ( 'NONE', #531, #7167, #4279, .T. ) ;
#3236 = DIRECTION ( 'NONE',  ( 0.000000000000000000, 0.000000000000000000, -1.000000000000000000 ) ) ;
#3237 = DIRECTION ( 'NONE',  ( 0.000000000000000000, 1.000000000000000000, 0.000000000000000000 ) ) ;
#3238 = LINE ( 'NONE', #2504, #6885 ) ;
#3239 = LINE ( 'NONE', #7419, #5252 ) ;
#3240 = DIRECTION ( 'NONE',  ( 0.000000000000000000, 0.000000000000000000, 1.000000000000000000 ) ) ;
#3241 = CARTESIAN_POINT ( 'NONE',  ( 0.000000000000000000, 0.000000000000000000, 2.399999999999999911 ) ) ;
#3242 = ORIENTED_EDGE ( 'NONE', *, *, #5645, .F. ) ;
#3243 = CARTESIAN_POINT ( 'NONE',  ( 1.474999999999999867, 0.3750000000000000000, 2.100000000000000089 ) ) ;
#3244 = CARTESIAN_POINT ( 'NONE',  ( 0.2461754054897820065, 0.9105149318544999426, 0.3735081097965329833 ) ) ;
#3245 = DIRECTION ( 'NONE',  ( 0.000000000000000000, 0.000000000000000000, -1.000000000000000000 ) ) ;
#3246 = AXIS2_PLACEMENT_3D ( 'NONE', #1351, #3149, #2004 ) ;
#3247 = ORIENTED_EDGE ( 'NONE', *, *, #5469, .F. ) ;
#3248 = CYLINDRICAL_SURFACE ( 'NONE', #6775, 0.1499999999999999667 ) ;
#3249 = CARTESIAN_POINT ( 'NONE',  ( 0.8965073701281349727, -0.4982544935071779868, 2.100000000000024958 ) ) ;
#3250 = VERTEX_POINT ( 'NONE', #4340 ) ;
#3251 = CIRCLE ( 'NONE', #2027, 0.09999999999999982514 ) ;
#3252 = VECTOR ( 'NONE', #5377, 1000.000000000000000 ) ;
#3253 = CARTESIAN_POINT ( 'NONE',  ( 1.550000000000000044, 0.2999999999999999889, 2.330000000000000071 ) ) ;
#3254 = ORIENTED_EDGE ( 'NONE', *, *, #4795, .F. ) ;
#3255 = DIRECTION ( 'NONE',  ( 0.000000000000000000, 1.000000000000000000, 0.000000000000000000 ) ) ;
#3256 = DIRECTION ( 'NONE',  ( 0.000000000000000000, 0.000000000000000000, 1.000000000000000000 ) ) ;
#3257 = EDGE_LOOP ( 'NONE', ( #287, #6542, #844, #7020 ) ) ;
#3258 = EDGE_CURVE ( 'NONE', #5813, #2731, #2033, .T. ) ;
#3259 = ADVANCED_FACE ( 'NONE', ( #195 ), #6792, .F. ) ;
#3260 = VECTOR ( 'NONE', #104, 1000.000000000000000 ) ;
#3261 = FACE_OUTER_BOUND ( 'NONE', #4959, .T. ) ;
#3262 = LINE ( 'NONE', #4471, #3519 ) ;
#3263 = ORIENTED_EDGE ( 'NONE', *, *, #5595, .F. ) ;
#3264 = CARTESIAN_POINT ( 'NONE',  ( 0.000000000000000000, 0.3663376014356999888, 0.2500000000000000000 ) ) ;
#3265 = CARTESIAN_POINT ( 'NONE',  ( 2.103279445074790477, -0.3162024882132897785, 2.299999999999999822 ) ) ;
#3266 = VERTEX_POINT ( 'NONE', #3831 ) ;
#3267 = ORIENTED_EDGE ( 'NONE', *, *, #4994, .F. ) ;
#3268 = CARTESIAN_POINT ( 'NONE',  ( 1.275000000000000133, 0.000000000000000000, 0.2500000000000000000 ) ) ;
#3269 = VECTOR ( 'NONE', #4696, 1000.000000000000000 ) ;
#3270 = AXIS2_PLACEMENT_3D ( 'NONE', #1698, #1145, #3537 ) ;
#3271 = ORIENTED_EDGE ( 'NONE', *, *, #6414, .F. ) ;
#3272 = EDGE_CURVE ( 'NONE', #7236, #1758, #2584, .T. ) ;
#3273 = VECTOR ( 'NONE', #3951, 1000.000000000000000 ) ;
#3274 = ORIENTED_EDGE ( 'NONE', *, *, #6446, .F. ) ;
#3275 = CIRCLE ( 'NONE', #4649, 0.1000000000000000472 ) ;
#3276 = DIRECTION ( 'NONE',  ( 0.000000000000000000, 1.000000000000000000, 0.000000000000000000 ) ) ;
#3277 = ORIENTED_EDGE ( 'NONE', *, *, #6323, .T. ) ;
#3278 = DIRECTION ( 'NONE',  ( -1.000000000000000000, 0.000000000000000000, 0.000000000000000000 ) ) ;
#3279 = ORIENTED_EDGE ( 'NONE', *, *, #1497, .T. ) ;
#3280 = CARTESIAN_POINT ( 'NONE',  ( -0.8510499676218910015, -0.3755476759663234909, 3.400000018892749942 ) ) ;
#3281 = LINE ( 'NONE', #2108, #6519 ) ;
#3282 = VECTOR ( 'NONE', #7465, 1000.000000000000000 ) ;
#3283 = EDGE_CURVE ( 'NONE', #6483, #3516, #3238, .T. ) ;
#3284 = DIRECTION ( 'NONE',  ( 1.000000000000000000, 0.000000000000000000, 0.000000000000000000 ) ) ;
#3285 = CYLINDRICAL_SURFACE ( 'NONE', #5409, 0.1499999999999999667 ) ;
#3286 = DIRECTION ( 'NONE',  ( 1.000000000000000000, 0.000000000000000000, 0.000000000000000000 ) ) ;
#3287 = ORIENTED_EDGE ( 'NONE', *, *, #2883, .F. ) ;
#3288 = DIRECTION ( 'NONE',  ( 0.000000000000000000, 0.000000000000000000, 1.000000000000000000 ) ) ;
#3289 = DIRECTION ( 'NONE',  ( 0.000000000000000000, 0.000000000000000000, -1.000000000000000000 ) ) ;
#3290 = DIRECTION ( 'NONE',  ( 0.000000000000000000, 0.000000000000000000, -1.000000000000000000 ) ) ;
#3291 = DIRECTION ( 'NONE',  ( 1.000000000000000000, 0.000000000000000000, 0.000000000000000000 ) ) ;
#3292 = AXIS2_PLACEMENT_3D ( 'NONE', #3650, #6024, #6097 ) ;
#3293 = VERTEX_POINT ( 'NONE', #4305 ) ;
#3294 = CARTESIAN_POINT ( 'NONE',  ( 1.275000000000000133, 0.9000000000000000222, 0.5000000000000000000 ) ) ;
#3295 = DIRECTION ( 'NONE',  ( 1.000000000000000000, 2.048672285056193534E-11, 0.000000000000000000 ) ) ;
#3296 = CARTESIAN_POINT ( 'NONE',  ( 2.187500000000000000, -0.9449999999999999512, 1.800000000000000044 ) ) ;
#3297 = ORIENTED_EDGE ( 'NONE', *, *, #4619, .F. ) ;
#3298 = VECTOR ( 'NONE', #4568, 1000.000000000000000 ) ;
#3299 = DIRECTION ( 'NONE',  ( -1.000000000000000000, 0.000000000000000000, 0.000000000000000000 ) ) ;
#3300 = ORIENTED_EDGE ( 'NONE', *, *, #6575, .F. ) ;
#3301 = LINE ( 'NONE', #3345, #578 ) ;
#3302 = PLANE ( 'NONE',  #403 ) ;
#3303 = ORIENTED_EDGE ( 'NONE', *, *, #4886, .T. ) ;
#3304 = AXIS2_PLACEMENT_3D ( 'NONE', #2459, #6629, #6047 ) ;
#3305 = DIRECTION ( 'NONE',  ( 0.000000000000000000, 0.000000000000000000, -1.000000000000000000 ) ) ;
#3306 = PLANE ( 'NONE',  #4637 ) ;
#3307 = ORIENTED_EDGE ( 'NONE', *, *, #1012, .F. ) ;
#3308 = DIRECTION ( 'NONE',  ( 1.000000000000000000, 0.000000000000000000, 0.000000000000000000 ) ) ;
#3309 = CARTESIAN_POINT ( 'NONE',  ( 1.800000000000000044, -0.3499999999999999778, 2.299999999999999822 ) ) ;
#3310 = ORIENTED_EDGE ( 'NONE', *, *, #5941, .F. ) ;
#3311 = EDGE_CURVE ( 'NONE', #4377, #240, #1521, .T. ) ;
#3312 = ORIENTED_EDGE ( 'NONE', *, *, #7086, .F. ) ;
#3313 = DIRECTION ( 'NONE',  ( 0.000000000000000000, 0.000000000000000000, -1.000000000000000000 ) ) ;
#3314 = EDGE_CURVE ( 'NONE', #3622, #1499, #3281, .T. ) ;
#3315 = VECTOR ( 'NONE', #3202, 1000.000000000000000 ) ;
#3316 = ORIENTED_EDGE ( 'NONE', *, *, #3508, .T. ) ;
#3317 =( GEOMETRIC_REPRESENTATION_CONTEXT ( 3 ) GLOBAL_UNCERTAINTY_ASSIGNED_CONTEXT ( ( #1954 ) ) GLOBAL_UNIT_ASSIGNED_CONTEXT ( ( #4876, #3787, #3117 ) ) REPRESENTATION_CONTEXT ( 'NONE', 'WORKASPACE' ) );
#3318 = FACE_OUTER_BOUND ( 'NONE', #5668, .T. ) ;
#3319 = ORIENTED_EDGE ( 'NONE', *, *, #6168, .F. ) ;
#3320 = DIRECTION ( 'NONE',  ( -1.000000000000000000, 0.000000000000000000, 0.000000000000000000 ) ) ;
#3321 = EDGE_CURVE ( 'NONE', #3230, #544, #5144, .T. ) ;
#3322 = ORIENTED_EDGE ( 'NONE', *, *, #969, .F. ) ;
#3323 = CARTESIAN_POINT ( 'NONE',  ( -2.000000000000000000, 0.2999999999940679563, 2.299999999999999822 ) ) ;
#3324 = EDGE_CURVE ( 'NONE', #1557, #5850, #4448, .T. ) ;
#3325 = CARTESIAN_POINT ( 'NONE',  ( -0.2650000000000000133, 0.5150000000000000133, 0.7500000000000000000 ) ) ;
#3326 = VECTOR ( 'NONE', #957, 1000.000000000000000 ) ;
#3327 = DIRECTION ( 'NONE',  ( 0.000000000000000000, -1.000000000000000000, 0.000000000000000000 ) ) ;
#3328 = AXIS2_PLACEMENT_3D ( 'NONE', #1777, #5955, #7237 ) ;
#3329 = CARTESIAN_POINT ( 'NONE',  ( -1.049307146380979994, -1.299999999960507857, 1.383333099070761962 ) ) ;
#3330 = CARTESIAN_POINT ( 'NONE',  ( 1.550000000003029843, -0.3800000000000000044, 2.330000000000000071 ) ) ;
#3331 = VERTEX_POINT ( 'NONE', #2191 ) ;
#3332 =( BOUNDED_CURVE ( )  B_SPLINE_CURVE ( 3, ( #780, #6092, #154, #738 ),
 .UNSPECIFIED., .F., .T. ) 
 B_SPLINE_CURVE_WITH_KNOTS ( ( 4, 4 ),
 ( 4.712388980384689674, 6.233226911457619757 ),
 .UNSPECIFIED. ) 
 CURVE ( )  GEOMETRIC_REPRESENTATION_ITEM ( )  RATIONAL_B_SPLINE_CURVE ( ( 1.000000000000000000, 0.8163648751936769532, 0.8163648751936769532, 1.000000000000000000 ) ) 
 REPRESENTATION_ITEM ( '' )  );
#3333 = DIRECTION ( 'NONE',  ( 0.000000000000000000, 0.000000000000000000, 1.000000000000000000 ) ) ;
#3334 = EDGE_CURVE ( 'NONE', #5984, #3424, #5510, .T. ) ;
#3335 = CARTESIAN_POINT ( 'NONE',  ( 0.2461754054898420141, 0.1038245945101799877, 0.3735081097972894892 ) ) ;
#3336 = PLANE ( 'NONE',  #1456 ) ;
#3337 = CARTESIAN_POINT ( 'NONE',  ( 0.6497454014109926845, 0.3705732180342644622, 0.2500690200451409217 ) ) ;
#3338 = ORIENTED_EDGE ( 'NONE', *, *, #6605, .F. ) ;
#3339 = CARTESIAN_POINT ( 'NONE',  ( -0.6500000000000000222, 0.3499999999999999778, 0.000000000000000000 ) ) ;
#3340 = LINE ( 'NONE', #1656, #5758 ) ;
#3341 = ORIENTED_EDGE ( 'NONE', *, *, #6406, .T. ) ;
#3342 = EDGE_CURVE ( 'NONE', #7686, #7694, #5032, .T. ) ;
#3343 = CARTESIAN_POINT ( 'NONE',  ( 0.8510499682669000476, -0.3755476762961000303, 3.399999999999999911 ) ) ;
#3344 = ORIENTED_EDGE ( 'NONE', *, *, #3108, .F. ) ;
#3345 = CARTESIAN_POINT ( 'NONE',  ( -1.899999999999999911, 0.4749999999999999778, 2.100000000000000089 ) ) ;
#3346 = DIRECTION ( 'NONE',  ( 0.000000000000000000, 1.000000000000000000, 0.000000000000000000 ) ) ;
#3347 = DIRECTION ( 'NONE',  ( 0.000000000000000000, 0.000000000000000000, -1.000000000000000000 ) ) ;
#3348 = CARTESIAN_POINT ( 'NONE',  ( -1.550000000012800028, -0.3800000000000000044, 2.330000000000000071 ) ) ;
#3349 = ORIENTED_EDGE ( 'NONE', *, *, #6994, .F. ) ;
#3350 = DIRECTION ( 'NONE',  ( 1.000000000000000000, 0.000000000000000000, 0.000000000000000000 ) ) ;
#3351 = DIRECTION ( 'NONE',  ( 0.000000000000000000, -1.000000000000000000, 0.000000000000000000 ) ) ;
#3352 = ORIENTED_EDGE ( 'NONE', *, *, #6363, .F. ) ;
#3353 = ORIENTED_EDGE ( 'NONE', *, *, #6850, .F. ) ;
#3354 = CARTESIAN_POINT ( 'NONE',  ( 1.800000000000000044, 0.2500000000000000000, 2.100000000000000089 ) ) ;
#3355 = ORIENTED_EDGE ( 'NONE', *, *, #3651, .T. ) ;
#3356 = EDGE_CURVE ( 'NONE', #3440, #7633, #2229, .T. ) ;
#3357 = DIRECTION ( 'NONE',  ( 1.000000000000000000, 0.000000000000000000, 0.000000000000000000 ) ) ;
#3358 = VERTEX_POINT ( 'NONE', #5654 ) ;
#3359 = PLANE ( 'NONE',  #5788 ) ;
#3360 = DIRECTION ( 'NONE',  ( 0.000000000000000000, 0.000000000000000000, 1.000000000000000000 ) ) ;
#3361 = CARTESIAN_POINT ( 'NONE',  ( -0.6430289865947389494, -0.3902125795788106144, 0.2520592787166228144 ) ) ;
#3362 = ADVANCED_FACE ( 'NONE', ( #1562 ), #1601, .T. ) ;
#3363 = EDGE_CURVE ( 'NONE', #2839, #330, #902, .T. ) ;
#3364 = DIRECTION ( 'NONE',  ( -1.000000000000000000, 0.000000000000000000, 0.000000000000000000 ) ) ;
#3365 = LINE ( 'NONE', #1526, #3023 ) ;
#3366 = CARTESIAN_POINT ( 'NONE',  ( -1.925000000000000044, 0.4749999999999999778, 2.100000000000000089 ) ) ;
#3367 = CARTESIAN_POINT ( 'NONE',  ( 1.925000000000000044, 0.3750000000000000000, 2.299999999999999822 ) ) ;
#3368 = CYLINDRICAL_SURFACE ( 'NONE', #2082, 0.1299999999999999489 ) ;
#3369 = DIRECTION ( 'NONE',  ( 0.000000000000000000, 0.000000000000000000, 1.000000000000000000 ) ) ;
#3370 = EDGE_CURVE ( 'NONE', #218, #1986, #3987, .T. ) ;
#3371 = VERTEX_POINT ( 'NONE', #349 ) ;
#3372 = CARTESIAN_POINT ( 'NONE',  ( -0.5540493129827800400, -0.3498878721859000063, 0.3690137403439990305 ) ) ;
#3373 = DIRECTION ( 'NONE',  ( 1.000000000000000000, 0.000000000000000000, 0.000000000000000000 ) ) ;
#3374 = EDGE_LOOP ( 'NONE', ( #5602, #2624, #4355, #4647, #7712, #2377, #2663, #2630 ) ) ;
#3375 = CARTESIAN_POINT ( 'NONE',  ( -0.9058012136164000916, -0.3755476762961000303, 3.399999999999999911 ) ) ;
#3376 = VERTEX_POINT ( 'NONE', #2768 ) ;
#3377 = CARTESIAN_POINT ( 'NONE',  ( 0.5689999860042999069, -0.7212774888009571006, 0.3138054144995814920 ) ) ;
#3378 = DIRECTION ( 'NONE',  ( 1.000000000000000000, 0.000000000000000000, 0.000000000000000000 ) ) ;
#3379 = ADVANCED_FACE ( 'NONE', ( #5152 ), #2725, .F. ) ;
#3380 = ORIENTED_EDGE ( 'NONE', *, *, #259, .F. ) ;
#3381 = AXIS2_PLACEMENT_3D ( 'NONE', #4249, #6045, #1 ) ;
#3382 = DIRECTION ( 'NONE',  ( 0.000000000000000000, -1.000000000000000000, 0.000000000000000000 ) ) ;
#3383 = DIRECTION ( 'NONE',  ( 0.000000000000000000, -1.000000000000000000, 0.000000000000000000 ) ) ;
#3384 = ORIENTED_EDGE ( 'NONE', *, *, #3558, .F. ) ;
#3385 = LINE ( 'NONE', #2870, #2557 ) ;
#3386 = FACE_OUTER_BOUND ( 'NONE', #4956, .T. ) ;
#3387 = VERTEX_POINT ( 'NONE', #5108 ) ;
#3388 = VERTEX_POINT ( 'NONE', #7492 ) ;
#3389 = CARTESIAN_POINT ( 'NONE',  ( 1.850000000000000089, -0.2999999999999999889, 2.330000000000000071 ) ) ;
#3390 = VECTOR ( 'NONE', #563, 1000.000000000000000 ) ;
#3391 = AXIS2_PLACEMENT_3D ( 'NONE', #4281, #5556, #3732 ) ;
#3392 = CARTESIAN_POINT ( 'NONE',  ( 0.6499704134224399965, -1.299999995623176030, 1.400000148454012106 ) ) ;
#3393 = EDGE_LOOP ( 'NONE', ( #4351, #1898, #4945, #4498 ) ) ;
#3394 = AXIS2_PLACEMENT_3D ( 'NONE', #3869, #3993, #3919 ) ;
#3395 = CARTESIAN_POINT ( 'NONE',  ( 1.925000000000000044, -0.3750000000000000000, 2.299999999999999822 ) ) ;
#3396 = CIRCLE ( 'NONE', #6521, 0.1499999999999999667 ) ;
#3397 = ORIENTED_EDGE ( 'NONE', *, *, #634, .T. ) ;
#3398 = CARTESIAN_POINT ( 'NONE',  ( -0.5350000000000000311, 0.08499999999999569011, 0.7500000000000000000 ) ) ;
#3399 = CARTESIAN_POINT ( 'NONE',  ( -0.6031414644350421295, -0.4410628424224071198, 0.2736226604981508159 ) ) ;
#3400 = EDGE_CURVE ( 'NONE', #1252, #7051, #7023, .T. ) ;
#3401 = ORIENTED_EDGE ( 'NONE', *, *, #6167, .F. ) ;
#3402 = VECTOR ( 'NONE', #5053, 1000.000000000000000 ) ;
#3403 = AXIS2_PLACEMENT_3D ( 'NONE', #7598, #6980, #1626 ) ;
#3404 = LINE ( 'NONE', #2690, #5614 ) ;
#3405 = CYLINDRICAL_SURFACE ( 'NONE', #5031, 0.07000000000000018707 ) ;
#3406 = DIRECTION ( 'NONE',  ( 1.000000000000000000, 0.000000000000000000, 0.000000000000000000 ) ) ;
#3407 = VECTOR ( 'NONE', #4313, 1000.000000000000000 ) ;
#3408 = CARTESIAN_POINT ( 'NONE',  ( 0.000000000000000000, 0.000000000000000000, 0.5000000000000000000 ) ) ;
#3409 = ADVANCED_FACE ( 'NONE', ( #7692, #1250, #3565, #6447 ), #1840, .F. ) ;
#3410 = CARTESIAN_POINT ( 'NONE',  ( -1.849999999974315079, 0.3800000000000000044, 2.330000000000000071 ) ) ;
#3411 = ADVANCED_FACE ( 'NONE', ( #6485 ), #5273, .T. ) ;
#3412 = FACE_OUTER_BOUND ( 'NONE', #6574, .T. ) ;
#3413 = AXIS2_PLACEMENT_3D ( 'NONE', #4407, #5103, #7411 ) ;
#3414 = ORIENTED_EDGE ( 'NONE', *, *, #4979, .T. ) ;
#3415 = DIRECTION ( 'NONE',  ( 0.000000000000000000, 0.000000000000000000, -1.000000000000000000 ) ) ;
#3416 = PLANE ( 'NONE',  #3147 ) ;
#3417 = ORIENTED_EDGE ( 'NONE', *, *, #6771, .T. ) ;
#3418 = LINE ( 'NONE', #4506, #4141 ) ;
#3419 = ORIENTED_EDGE ( 'NONE', *, *, #604, .T. ) ;
#3420 = PLANE ( 'NONE',  #5819 ) ;
#3421 = EDGE_CURVE ( 'NONE', #2989, #5881, #7400, .T. ) ;
#3422 = CIRCLE ( 'NONE', #4169, 0.07999999999999890532 ) ;
#3423 = CARTESIAN_POINT ( 'NONE',  ( 0.2650000000000000133, 0.9000000000000000222, 0.7500000000000000000 ) ) ;
#3424 = VERTEX_POINT ( 'NONE', #4728 ) ;
#3425 = CIRCLE ( 'NONE', #62, 0.1000000000000000056 ) ;
#3426 = DIRECTION ( 'NONE',  ( -1.000000000000000000, 0.000000000000000000, 0.000000000000000000 ) ) ;
#3427 = DIRECTION ( 'NONE',  ( -1.000000000000000000, 0.000000000000000000, 0.000000000000000000 ) ) ;
#3428 = ORIENTED_EDGE ( 'NONE', *, *, #2353, .T. ) ;
#3429 = DIRECTION ( 'NONE',  ( 0.000000000000000000, 0.000000000000000000, -1.000000000000000000 ) ) ;
#3430 = DIRECTION ( 'NONE',  ( 1.000000000000000000, 0.000000000000000000, 0.000000000000000000 ) ) ;
#3431 = VERTEX_POINT ( 'NONE', #4186 ) ;
#3432 = ORIENTED_EDGE ( 'NONE', *, *, #5553, .F. ) ;
#3433 = CARTESIAN_POINT ( 'NONE',  ( -0.5538245945100969125, -0.4961754054898649402, 0.3735081097979734976 ) ) ;
#3434 = EDGE_CURVE ( 'NONE', #7624, #4014, #4646, .T. ) ;
#3435 = AXIS2_PLACEMENT_3D ( 'NONE', #2097, #3308, #6738 ) ;
#3436 = CARTESIAN_POINT ( 'NONE',  ( 2.100000000000000089, -0.9416666666666660968, 2.299999999999999822 ) ) ;
#3437 = ORIENTED_EDGE ( 'NONE', *, *, #6203, .T. ) ;
#3438 = VECTOR ( 'NONE', #5112, 1000.000000000000000 ) ;
#3439 = CARTESIAN_POINT ( 'NONE',  ( 1.550000000011000134, 0.3800000000000000044, 2.399999999999999911 ) ) ;
#3440 = VERTEX_POINT ( 'NONE', #46 ) ;
#3441 = CARTESIAN_POINT ( 'NONE',  ( -0.6500000000000000222, -0.9000000000000000222, 0.000000000000000000 ) ) ;
#3442 = EDGE_CURVE ( 'NONE', #4444, #5559, #5975, .T. ) ;
#3443 = CARTESIAN_POINT ( 'NONE',  ( -0.5827944719353099767, -0.4636288991825043282, 0.2923723265397676352 ) ) ;
#3444 = ORIENTED_EDGE ( 'NONE', *, *, #1233, .F. ) ;
#3445 = VECTOR ( 'NONE', #3360, 1000.000000000000000 ) ;
#3446 = CARTESIAN_POINT ( 'NONE',  ( 2.095000000000000195, 0.000000000000000000, 2.299999999999999822 ) ) ;
#3447 = CARTESIAN_POINT ( 'NONE',  ( -2.120000000000000107, 0.4749999999999999778, 2.299999999999999822 ) ) ;
#3448 = LINE ( 'NONE', #6454, #5045 ) ;
#3449 = AXIS2_PLACEMENT_3D ( 'NONE', #4466, #801, #7474 ) ;
#3450 = DIRECTION ( 'NONE',  ( -1.000000000000000000, 0.000000000000000000, 0.000000000000000000 ) ) ;
#3451 = PLANE ( 'NONE',  #3203 ) ;
#3452 = DIRECTION ( 'NONE',  ( -0.000000000000000000, 1.000000000000000000, 0.000000000000000000 ) ) ;
#3453 = VECTOR ( 'NONE', #2698, 1000.000000000000000 ) ;
#3454 = ORIENTED_EDGE ( 'NONE', *, *, #6721, .F. ) ;
#3455 = EDGE_CURVE ( 'NONE', #539, #1617, #1130, .T. ) ;
#3456 = DIRECTION ( 'NONE',  ( 0.000000000000000000, 0.000000000000000000, -1.000000000000000000 ) ) ;
#3457 = DIRECTION ( 'NONE',  ( 1.000000000000000000, 0.000000000000000000, 0.000000000000000000 ) ) ;
#3458 = EDGE_LOOP ( 'NONE', ( #6547, #1870, #3828, #6939 ) ) ;
#3459 = CARTESIAN_POINT ( 'NONE',  ( 1.850000000000000089, 0.2999999999999999889, 2.299999999999999822 ) ) ;
#3460 = VERTEX_POINT ( 'NONE', #1757 ) ;
#3461 = CARTESIAN_POINT ( 'NONE',  ( 0.6499999999999801492, -0.8336623985643000223, 0.2500000000000000000 ) ) ;
#3462 = VECTOR ( 'NONE', #947, 1000.000000000000000 ) ;
#3463 = DIRECTION ( 'NONE',  ( 0.000000000000000000, 0.000000000000000000, 1.000000000000000000 ) ) ;
#3464 = EDGE_CURVE ( 'NONE', #58, #7545, #1176, .T. ) ;
#3465 = EDGE_CURVE ( 'NONE', #548, #7468, #3003, .T. ) ;
#3466 = DIRECTION ( 'NONE',  ( 0.000000000000000000, -1.000000000000000000, 0.000000000000000000 ) ) ;
#3467 = FACE_OUTER_BOUND ( 'NONE', #6375, .T. ) ;
#3468 = ORIENTED_EDGE ( 'NONE', *, *, #6950, .T. ) ;
#3469 = CYLINDRICAL_SURFACE ( 'NONE', #2941, 0.1299999999999999489 ) ;
#3470 = CARTESIAN_POINT ( 'NONE',  ( -1.925000000000000044, -0.9000000000000000222, 0.5000000000000000000 ) ) ;
#3471 = ORIENTED_EDGE ( 'NONE', *, *, #2361, .F. ) ;
#3472 = ORIENTED_EDGE ( 'NONE', *, *, #596, .F. ) ;
#3473 = PLANE ( 'NONE',  #1076 ) ;
#3474 = EDGE_LOOP ( 'NONE', ( #3640, #2356, #1086, #1718 ) ) ;
#3475 = EDGE_CURVE ( 'NONE', #6118, #3682, #4106, .T. ) ;
#3476 = CARTESIAN_POINT ( 'NONE',  ( 0.6499704134224399965, -1.299999995623176030, 1.400000148454012106 ) ) ;
#3477 = VERTEX_POINT ( 'NONE', #2265 ) ;
#3478 = DIRECTION ( 'NONE',  ( -1.000000000000000000, 0.000000000000000000, 0.000000000000000000 ) ) ;
#3479 = ORIENTED_EDGE ( 'NONE', *, *, #1265, .T. ) ;
#3480 = ORIENTED_EDGE ( 'NONE', *, *, #1368, .T. ) ;
#3481 = CARTESIAN_POINT ( 'NONE',  ( 1.930000000000000160, 0.2999999999994529820, 2.399999999999999911 ) ) ;
#3482 = CARTESIAN_POINT ( 'NONE',  ( 0.5540493129827799290, 0.4958725469090002336, 0.3690137403439989749 ) ) ;
#3483 = ORIENTED_EDGE ( 'NONE', *, *, #4920, .F. ) ;
#3484 = EDGE_CURVE ( 'NONE', #2182, #2607, #7147, .T. ) ;
#3485 = DIRECTION ( 'NONE',  ( 1.000000000000000000, 0.000000000000000000, 0.000000000000000000 ) ) ;
#3486 = LINE ( 'NONE', #2529, #247 ) ;
#3487 = DIRECTION ( 'NONE',  ( 0.000000000000000000, -1.000000000000000000, 0.000000000000000000 ) ) ;
#3488 = CARTESIAN_POINT ( 'NONE',  ( 0.5540493129827800400, 0.7041281197247462043, 0.3690137403439990305 ) ) ;
#3489 = DIRECTION ( 'NONE',  ( 0.000000000000000000, 0.000000000000000000, -1.000000000000000000 ) ) ;
#3490 = FACE_OUTER_BOUND ( 'NONE', #528, .T. ) ;
#3491 = VERTEX_POINT ( 'NONE', #1724 ) ;
#3492 = CARTESIAN_POINT ( 'NONE',  ( 0.7500000000000000000, 0.5150000000000000133, 0.7500000000000000000 ) ) ;
#3493 = CARTESIAN_POINT ( 'NONE',  ( -0.9965079230508449015, -0.3983005334301734646, 2.100000000000000089 ) ) ;
#3494 = ORIENTED_EDGE ( 'NONE', *, *, #2316, .T. ) ;
#3495 = CARTESIAN_POINT ( 'NONE',  ( 0.6500000000000000222, 0.9000000000000000222, 0.000000000000000000 ) ) ;
#3496 = ORIENTED_EDGE ( 'NONE', *, *, #6088, .F. ) ;
#3497 = CARTESIAN_POINT ( 'NONE',  ( 1.600000000000000089, -0.3499999999999999778, 2.299999999999999822 ) ) ;
#3498 = PLANE ( 'NONE',  #4906 ) ;
#3499 = EDGE_CURVE ( 'NONE', #7236, #5302, #4152, .T. ) ;
#3500 = CARTESIAN_POINT ( 'NONE',  ( -2.113554018886000030, -0.7038245945101270218, 0.3735081097983665166 ) ) ;
#3501 = DIRECTION ( 'NONE',  ( 1.000000000000000000, 0.000000000000000000, 0.000000000000000000 ) ) ;
#3502 = EDGE_LOOP ( 'NONE', ( #1548, #7570, #3586, #5628 ) ) ;
#3503 = DIRECTION ( 'NONE',  ( -0.8320502943378430549, -0.5547001962252299245, 0.000000000000000000 ) ) ;
#3504 = LINE ( 'NONE', #1043, #4393 ) ;
#3505 = ORIENTED_EDGE ( 'NONE', *, *, #7476, .T. ) ;
#3506 = ORIENTED_EDGE ( 'NONE', *, *, #7413, .T. ) ;
#3507 = FACE_OUTER_BOUND ( 'NONE', #6561, .T. ) ;
#3508 = EDGE_CURVE ( 'NONE', #5986, #3823, #1682, .T. ) ;
#3509 = EDGE_CURVE ( 'NONE', #3230, #6589, #2931, .T. ) ;
#3510 = VECTOR ( 'NONE', #842, 1000.000000000000000 ) ;
#3511 = LINE ( 'NONE', #4681, #1268 ) ;
#3512 = ORIENTED_EDGE ( 'NONE', *, *, #4553, .F. ) ;
#3513 = DIRECTION ( 'NONE',  ( 0.9993908270190960952, 0.000000000000000000, 0.03489949670249306579 ) ) ;
#3514 = DIRECTION ( 'NONE',  ( -1.000000000000000000, 0.000000000000000000, 0.000000000000000000 ) ) ;
#3515 = ORIENTED_EDGE ( 'NONE', *, *, #6795, .T. ) ;
#3516 = VERTEX_POINT ( 'NONE', #7650 ) ;
#3517 = CARTESIAN_POINT ( 'NONE',  ( 0.000000000000000000, -0.8000000000000000444, 0.5000000000000000000 ) ) ;
#3518 = AXIS2_PLACEMENT_3D ( 'NONE', #721, #5484, #1865 ) ;
#3519 = VECTOR ( 'NONE', #843, 1000.000000000000000 ) ;
#3520 = CARTESIAN_POINT ( 'NONE',  ( 1.275000000000000133, 0.3499999999999999778, 0.5000000000000000000 ) ) ;
#3521 = EDGE_CURVE ( 'NONE', #7453, #3477, #1908, .T. ) ;
#3522 = ORIENTED_EDGE ( 'NONE', *, *, #398, .T. ) ;
#3523 = AXIS2_PLACEMENT_3D ( 'NONE', #3408, #2234, #5703 ) ;
#3524 = VECTOR ( 'NONE', #962, 1000.000000000000000 ) ;
#3525 = DIRECTION ( 'NONE',  ( 0.000000000000000000, -1.000000000000000000, 0.000000000000000000 ) ) ;
#3526 = FACE_OUTER_BOUND ( 'NONE', #7275, .T. ) ;
#3527 = CARTESIAN_POINT ( 'NONE',  ( 2.250000000000000000, 0.9000000000000000222, 2.100000000000000089 ) ) ;
#3528 = DIRECTION ( 'NONE',  ( 0.000000000000000000, 0.000000000000000000, 1.000000000000000000 ) ) ;
#3529 = EDGE_CURVE ( 'NONE', #7188, #492, #6527, .T. ) ;
#3530 = VECTOR ( 'NONE', #741, 1000.000000000000227 ) ;
#3531 = AXIS2_PLACEMENT_3D ( 'NONE', #2359, #7159, #4738 ) ;
#3532 = APPLICATION_CONTEXT ( 'automotive_design' ) ;
#3533 = EDGE_LOOP ( 'NONE', ( #3540, #3380, #2048, #7220, #2562 ) ) ;
#3534 = AXIS2_PLACEMENT_3D ( 'NONE', #4858, #3063, #132 ) ;
#3535 = LINE ( 'NONE', #3492, #6661 ) ;
#3536 = VECTOR ( 'NONE', #5422, 1000.000000000000000 ) ;
#3537 = DIRECTION ( 'NONE',  ( 0.000000000000000000, 1.000000000000000000, 0.000000000000000000 ) ) ;
#3538 = EDGE_LOOP ( 'NONE', ( #2988, #4512, #1193, #7338 ) ) ;
#3539 = CARTESIAN_POINT ( 'NONE',  ( 1.399999999999999911, 0.000000000000000000, 2.299999999999999822 ) ) ;
#3540 = ORIENTED_EDGE ( 'NONE', *, *, #1979, .F. ) ;
#3541 = CARTESIAN_POINT ( 'NONE',  ( 2.299999999999999822, -0.6500000000000000222, 1.500000000000000000 ) ) ;
#3542 = EDGE_CURVE ( 'NONE', #1226, #5992, #2384, .T. ) ;
#3543 = CARTESIAN_POINT ( 'NONE',  ( -0.5540493129827800400, -0.7041281197244958490, 0.3690137403439990305 ) ) ;
#3544 = VECTOR ( 'NONE', #2164, 1000.000000000000000 ) ;
#3545 = LINE ( 'NONE', #5922, #509 ) ;
#3546 = CARTESIAN_POINT ( 'NONE',  ( 1.399999999999999911, 0.2999999999999999889, 2.330000000000000071 ) ) ;
#3547 = ORIENTED_EDGE ( 'NONE', *, *, #2975, .T. ) ;
#3548 = AXIS2_PLACEMENT_3D ( 'NONE', #3800, #674, #4853 ) ;
#3549 = DIRECTION ( 'NONE',  ( 0.000000000000000000, 0.000000000000000000, -1.000000000000000000 ) ) ;
#3550 = DIRECTION ( 'NONE',  ( 1.000000000000000000, 0.000000000000000000, 0.000000000000000000 ) ) ;
#3551 = ORIENTED_EDGE ( 'NONE', *, *, #3258, .F. ) ;
#3552 = CARTESIAN_POINT ( 'NONE',  ( -0.9499999999999999556, -0.4000000000000000222, 2.100000000000000089 ) ) ;
#3553 = ORIENTED_EDGE ( 'NONE', *, *, #5039, .F. ) ;
#3554 = AXIS2_PLACEMENT_3D ( 'NONE', #6723, #127, #4308 ) ;
#3555 = ADVANCED_FACE ( 'NONE', ( #7475 ), #3885, .F. ) ;
#3556 = LINE ( 'NONE', #1243, #4505 ) ;
#3557 = ORIENTED_EDGE ( 'NONE', *, *, #5681, .F. ) ;
#3558 = EDGE_CURVE ( 'NONE', #2328, #7091, #6851, .T. ) ;
#3559 = CYLINDRICAL_SURFACE ( 'NONE', #2793, 0.1000000000000000472 ) ;
#3560 = LINE ( 'NONE', #1950, #3536 ) ;
#3561 = EDGE_LOOP ( 'NONE', ( #1270, #1204, #714, #3247, #5639, #6046, #4233, #3483 ) ) ;
#3562 = VERTEX_POINT ( 'NONE', #6893 ) ;
#3563 = CARTESIAN_POINT ( 'NONE',  ( -1.930000000000000160, 0.3086776736253000197, 2.399999999999999911 ) ) ;
#3564 = AXIS2_PLACEMENT_3D ( 'NONE', #3089, #5978, #3006 ) ;
#3565 = FACE_BOUND ( 'NONE', #6090, .T. ) ;
#3566 = ORIENTED_EDGE ( 'NONE', *, *, #1555, .F. ) ;
#3567 = TOROIDAL_SURFACE ( 'NONE', #4185, 0.2000000000000000111, 0.1000000000000000056 ) ;
#3568 = EDGE_CURVE ( 'NONE', #2700, #6362, #3046, .T. ) ;
#3569 = ORIENTED_EDGE ( 'NONE', *, *, #3136, .F. ) ;
#3570 = EDGE_CURVE ( 'NONE', #5848, #5888, #2127, .T. ) ;
#3571 = DIRECTION ( 'NONE',  ( 0.000000000000000000, -1.000000000000000000, 0.000000000000000000 ) ) ;
#3572 = CARTESIAN_POINT ( 'NONE',  ( -2.113554018886000030, 0.3663376014356999888, 0.3800000000000000044 ) ) ;
#3573 = CARTESIAN_POINT ( 'NONE',  ( -1.032310988842999988, -0.4755324458135539722, 3.401745240540294812 ) ) ;
#3574 = CIRCLE ( 'NONE', #2061, 0.1000000000000000472 ) ;
#3575 = ADVANCED_FACE ( 'NONE', ( #4918 ), #3302, .T. ) ;
#3576 = AXIS2_PLACEMENT_3D ( 'NONE', #1953, #699, #4331 ) ;
#3577 = DIRECTION ( 'NONE',  ( 0.000000000000000000, 0.000000000000000000, 1.000000000000000000 ) ) ;
#3578 = DIRECTION ( 'NONE',  ( 1.000000000000000000, 0.000000000000000000, 0.000000000000000000 ) ) ;
#3579 = ORIENTED_EDGE ( 'NONE', *, *, #5286, .T. ) ;
#3580 = CARTESIAN_POINT ( 'NONE',  ( 0.6499999999999801492, 0.3663376014356999888, 0.2500000000000000000 ) ) ;
#3581 = VERTEX_POINT ( 'NONE', #5632 ) ;
#3582 = DIRECTION ( 'NONE',  ( -1.000000000000000000, 0.000000000000000000, 0.000000000000000000 ) ) ;
#3583 = PLANE ( 'NONE',  #3035 ) ;
#3584 = AXIS2_PLACEMENT_3D ( 'NONE', #928, #3313, #2022 ) ;
#3585 = EDGE_CURVE ( 'NONE', #2723, #4187, #6053, .T. ) ;
#3586 = ORIENTED_EDGE ( 'NONE', *, *, #6286, .T. ) ;
#3587 = EDGE_LOOP ( 'NONE', ( #971, #5820, #129, #4463, #870, #7435, #4656, #2580, #1412, #6480, #3454, #6137, #1385, #6814, #1040, #5297, #3879, #2812 ) ) ;
#3588 = CARTESIAN_POINT ( 'NONE',  ( -0.8510490193213320342, 0.4755324463917030009, 3.401745207418184869 ) ) ;
#3589 = ORIENTED_EDGE ( 'NONE', *, *, #3508, .F. ) ;
#3590 = VECTOR ( 'NONE', #2324, 1000.000000000000000 ) ;
#3591 = CARTESIAN_POINT ( 'NONE',  ( 2.299999999999999822, -0.3750000000000000000, 2.170710678118999759 ) ) ;
#3592 = CARTESIAN_POINT ( 'NONE',  ( -0.9550937246369546330, 0.4982546328371790789, 2.100000000000000089 ) ) ;
#3593 = ORIENTED_EDGE ( 'NONE', *, *, #1183, .F. ) ;
#3594 = DIRECTION ( 'NONE',  ( 0.000000000000000000, 0.000000000000000000, -1.000000000000000000 ) ) ;
#3595 = B_SPLINE_CURVE_WITH_KNOTS ( 'NONE', 3,
 ( #3476, #1048, #2142, #1676 ),
 .UNSPECIFIED., .F., .F.,
 ( 4, 4 ),
 ( 6.416788809770709855E-06, 1.000000000000000000 ),
 .UNSPECIFIED. ) ;
#3596 = CARTESIAN_POINT ( 'NONE',  ( 1.925000000000000044, -0.2704156197588999944, 2.299999999999999822 ) ) ;
#3597 = VERTEX_POINT ( 'NONE', #7222 ) ;
#3598 = CYLINDRICAL_SURFACE ( 'NONE', #4680, 0.1300000000000000044 ) ;
#3599 = CARTESIAN_POINT ( 'NONE',  ( 1.800000000000000044, -0.2500000000000000000, 2.100000000000000089 ) ) ;
#3600 = ORIENTED_EDGE ( 'NONE', *, *, #1361, .F. ) ;
#3601 = ORIENTED_EDGE ( 'NONE', *, *, #2358, .T. ) ;
#3602 = DIRECTION ( 'NONE',  ( -0.03489418761536633440, -0.01744210212724774459, 0.9992387946552346856 ) ) ;
#3603 = CARTESIAN_POINT ( 'NONE',  ( 0.5538995006676979971, 0.4961004193718570043, 0.3720083874381384659 ) ) ;
#3604 = ORIENTED_EDGE ( 'NONE', *, *, #25, .T. ) ;
#3605 = EDGE_CURVE ( 'NONE', #115, #1755, #4842, .T. ) ;
#3606 = CARTESIAN_POINT ( 'NONE',  ( -0.6499999999999602762, -0.8290151734930252259, 0.2500000000000000555 ) ) ;
#3607 = FACE_OUTER_BOUND ( 'NONE', #1504, .T. ) ;
#3608 = DIRECTION ( 'NONE',  ( 0.000000000000000000, 0.000000000000000000, -1.000000000000000000 ) ) ;
#3609 = CARTESIAN_POINT ( 'NONE',  ( 2.037499999999999645, -0.9000000000000000222, 2.299999999999999822 ) ) ;
#3610 = ADVANCED_FACE ( 'NONE', ( #118 ), #4299, .F. ) ;
#3611 = ADVANCED_FACE ( 'NONE', ( #6636 ), #4509, .T. ) ;
#3612 = VERTEX_POINT ( 'NONE', #2539 ) ;
#3613 = CARTESIAN_POINT ( 'NONE',  ( -0.6838871170368998609, -0.3498878721859000063, 0.3755056305466999977 ) ) ;
#3614 = DIRECTION ( 'NONE',  ( 1.000000000000000000, 0.000000000000000000, 0.000000000000000000 ) ) ;
#3615 = ORIENTED_EDGE ( 'NONE', *, *, #4265, .T. ) ;
#3616 = CARTESIAN_POINT ( 'NONE',  ( 1.949999999999999956, -0.4000000000000000222, 0.000000000000000000 ) ) ;
#3617 = EDGE_LOOP ( 'NONE', ( #3819, #7444, #773, #1952, #7599, #6578, #2351, #5623, #3714 ) ) ;
#3618 = CARTESIAN_POINT ( 'NONE',  ( 0.6836623985643000001, 0.2336623985642999890, 0.2500000000000000000 ) ) ;
#3619 = CARTESIAN_POINT ( 'NONE',  ( -1.800000000000000044, -0.3499999999999999778, 2.100000000000000089 ) ) ;
#3620 = ADVANCED_FACE ( 'NONE', ( #84 ), #1359, .T. ) ;
#3621 = ORIENTED_EDGE ( 'NONE', *, *, #589, .T. ) ;
#3622 = VERTEX_POINT ( 'NONE', #700 ) ;
#3623 = DIRECTION ( 'NONE',  ( 0.000000000000000000, 1.000000000000000000, 0.000000000000000000 ) ) ;
#3624 = ORIENTED_EDGE ( 'NONE', *, *, #1319, .F. ) ;
#3625 = LINE ( 'NONE', #572, #4188 ) ;
#3626 = CARTESIAN_POINT ( 'NONE',  ( -2.250000000000000000, 0.9000000000000000222, 0.5000000000000000000 ) ) ;
#3627 = ORIENTED_EDGE ( 'NONE', *, *, #6355, .F. ) ;
#3628 = DIRECTION ( 'NONE',  ( -1.000000000000000000, 0.000000000000000000, 0.000000000000000000 ) ) ;
#3629 = ADVANCED_FACE ( 'NONE', ( #3747 ), #1876, .T. ) ;
#3630 = PLANE ( 'NONE',  #639 ) ;
#3631 = ORIENTED_EDGE ( 'NONE', *, *, #208, .F. ) ;
#3632 = CARTESIAN_POINT ( 'NONE',  ( -0.1163376014357000027, -0.9115440117052999724, 0.3800000000000000044 ) ) ;
#3633 = LINE ( 'NONE', #7295, #2771 ) ;
#3634 = ORIENTED_EDGE ( 'NONE', *, *, #1790, .F. ) ;
#3635 = EDGE_LOOP ( 'NONE', ( #3082, #4180, #6233, #1912 ) ) ;
#3636 = FACE_OUTER_BOUND ( 'NONE', #3906, .T. ) ;
#3637 = CARTESIAN_POINT ( 'NONE',  ( -1.275000000000000133, -0.3499999999999999778, 0.5000000000000000000 ) ) ;
#3638 = CARTESIAN_POINT ( 'NONE',  ( -1.896628600431393030, 0.3796000000142997211, 2.400000000000003020 ) ) ;
#3639 = EDGE_CURVE ( 'NONE', #3978, #3597, #2669, .T. ) ;
#3640 = ORIENTED_EDGE ( 'NONE', *, *, #4395, .T. ) ;
#3641 = VECTOR ( 'NONE', #179, 1000.000000000000000 ) ;
#3642 = CARTESIAN_POINT ( 'NONE',  ( 2.095000000000000195, 0.4749999999999999778, 2.100000000000000089 ) ) ;
#3643 = CIRCLE ( 'NONE', #6501, 0.1499999999999999667 ) ;
#3644 = EDGE_CURVE ( 'NONE', #577, #7468, #734, .T. ) ;
#3645 = LINE ( 'NONE', #2471, #5669 ) ;
#3646 = CARTESIAN_POINT ( 'NONE',  ( -0.1895068923541361749, 0.1604931076458633588, 0.2499999999999997224 ) ) ;
#3647 = AXIS2_PLACEMENT_3D ( 'NONE', #6890, #4548, #4620 ) ;
#3648 = CIRCLE ( 'NONE', #761, 0.1499999999999999667 ) ;
#3649 = CARTESIAN_POINT ( 'NONE',  ( 1.600000000000000089, 0.3499999999999999778, 2.100000000000000089 ) ) ;
#3650 = CARTESIAN_POINT ( 'NONE',  ( 0.7500000000000000000, 0.6849999999999999423, 0.7500000000000000000 ) ) ;
#3651 = EDGE_CURVE ( 'NONE', #648, #204, #783, .T. ) ;
#3652 = CARTESIAN_POINT ( 'NONE',  ( 0.6500000000000000222, -0.3499999999999999778, 0.2500000000000000000 ) ) ;
#3653 = EDGE_LOOP ( 'NONE', ( #6668, #281, #4594, #213 ) ) ;
#3654 = ADVANCED_FACE ( 'NONE', ( #5495 ), #916, .T. ) ;
#3655 = VECTOR ( 'NONE', #235, 1000.000000000000000 ) ;
#3656 = VECTOR ( 'NONE', #5700, 1000.000000000000000 ) ;
#3657 = CARTESIAN_POINT ( 'NONE',  ( -0.8510499682817009859, -0.3755476762961000303, 3.399999999999999911 ) ) ;
#3658 = ORIENTED_EDGE ( 'NONE', *, *, #3683, .T. ) ;
#3659 = CARTESIAN_POINT ( 'NONE',  ( -1.050029586577359897, -1.299999995623176030, 1.400000148455190052 ) ) ;
#3660 = CARTESIAN_POINT ( 'NONE',  ( -2.170710678118999759, -0.3750000000000000000, 1.500000000000000000 ) ) ;
#3661 = VECTOR ( 'NONE', #2886, 1000.000000000000000 ) ;
#3662 = CIRCLE ( 'NONE', #3403, 0.09999999999999982514 ) ;
#3663 = FACE_OUTER_BOUND ( 'NONE', #4599, .T. ) ;
#3664 = ORIENTED_EDGE ( 'NONE', *, *, #3464, .T. ) ;
#3665 = EDGE_CURVE ( 'NONE', #6589, #2469, #7391, .T. ) ;
#3666 = CARTESIAN_POINT ( 'NONE',  ( 1.525000000000000133, -0.9499999999999999556, -0.1881966011250000015 ) ) ;
#3667 = CARTESIAN_POINT ( 'NONE',  ( 2.100000000000000089, -0.3750000000000000000, 1.500000000000000000 ) ) ;
#3668 = ORIENTED_EDGE ( 'NONE', *, *, #7125, .T. ) ;
#3669 = DIRECTION ( 'NONE',  ( 1.000000000000000000, 0.000000000000000000, 0.000000000000000000 ) ) ;
#3670 = VECTOR ( 'NONE', #5990, 1000.000000000000227 ) ;
#3671 = VECTOR ( 'NONE', #2237, 1000.000000000000000 ) ;
#3672 =( NAMED_UNIT ( * ) SI_UNIT ( $, .STERADIAN. ) SOLID_ANGLE_UNIT ( ) );
#3673 = ORIENTED_EDGE ( 'NONE', *, *, #5588, .F. ) ;
#3674 = EDGE_CURVE ( 'NONE', #5244, #3581, #1582, .T. ) ;
#3675 = DIRECTION ( 'NONE',  ( -1.000000000000000000, 0.000000000000000000, 0.000000000000000000 ) ) ;
#3676 = LINE ( 'NONE', #4, #6646 ) ;
#3677 = ORIENTED_EDGE ( 'NONE', *, *, #7065, .F. ) ;
#3678 = ORIENTED_EDGE ( 'NONE', *, *, #3465, .F. ) ;
#3679 = CARTESIAN_POINT ( 'NONE',  ( 0.6499999999999602762, -0.3709848265069748963, 0.2500000000000000555 ) ) ;
#3680 = DIRECTION ( 'NONE',  ( 0.000000000000000000, 1.000000000000000000, 0.000000000000000000 ) ) ;
#3681 = AXIS2_PLACEMENT_3D ( 'NONE', #4693, #5823, #5904 ) ;
#3682 = VERTEX_POINT ( 'NONE', #4590 ) ;
#3683 = EDGE_CURVE ( 'NONE', #3597, #1499, #6936, .T. ) ;
#3684 = VECTOR ( 'NONE', #1324, 1000.000000000000000 ) ;
#3685 = CARTESIAN_POINT ( 'NONE',  ( -1.875000000000000000, -0.8750000000000000000, -0.1881966011250000015 ) ) ;
#3686 = CARTESIAN_POINT ( 'NONE',  ( -0.5539744068252250297, -0.4959994463075819149, 0.3705099644630824862 ) ) ;
#3687 = DIRECTION ( 'NONE',  ( 0.000000000000000000, 1.000000000000000000, 0.000000000000000000 ) ) ;
#3688 = VECTOR ( 'NONE', #6003, 1000.000000000000000 ) ;
#3689 = FACE_OUTER_BOUND ( 'NONE', #6002, .T. ) ;
#3690 = LINE ( 'NONE', #7347, #4153 ) ;
#3691 = ORIENTED_EDGE ( 'NONE', *, *, #4822, .T. ) ;
#3692 = PLANE ( 'NONE',  #1147 ) ;
#3693 = ORIENTED_EDGE ( 'NONE', *, *, #4727, .F. ) ;
#3694 = DIRECTION ( 'NONE',  ( 0.000000000000000000, 0.000000000000000000, -1.000000000000000000 ) ) ;
#3695 = LINE ( 'NONE', #22, #3670 ) ;
#3696 = ADVANCED_FACE ( 'NONE', ( #2325 ), #1704, .F. ) ;
#3697 = AXIS2_PLACEMENT_3D ( 'NONE', #5776, #5896, #5494 ) ;
#3698 = CARTESIAN_POINT ( 'NONE',  ( -1.550000000000000044, 0.4500000000000000111, 2.330000000000000071 ) ) ;
#3699 = ORIENTED_EDGE ( 'NONE', *, *, #6554, .F. ) ;
#3700 = CARTESIAN_POINT ( 'NONE',  ( -0.6500000000000000222, 0.9000000000000000222, 0.000000000000000000 ) ) ;
#3701 = CARTESIAN_POINT ( 'NONE',  ( -2.100000000000000089, 0.4000000000000000222, 1.800000000000000044 ) ) ;
#3702 = EDGE_LOOP ( 'NONE', ( #5405, #3735, #361, #2782 ) ) ;
#3703 = FACE_OUTER_BOUND ( 'NONE', #6987, .T. ) ;
#3704 = VECTOR ( 'NONE', #6849, 1000.000000000000000 ) ;
#3705 = ADVANCED_FACE ( 'NONE', ( #485 ), #3498, .F. ) ;
#3706 = EDGE_CURVE ( 'NONE', #2310, #6157, #2171, .T. ) ;
#3707 = AXIS2_PLACEMENT_3D ( 'NONE', #4276, #637, #61 ) ;
#3708 = ORIENTED_EDGE ( 'NONE', *, *, #3989, .T. ) ;
#3709 = FILL_AREA_STYLE_COLOUR ( '', #385 ) ;
#3710 = VERTEX_POINT ( 'NONE', #5213 ) ;
#3711 = CARTESIAN_POINT ( 'NONE',  ( -1.899999999999999911, 0.3499999999999999778, 2.299999999999999822 ) ) ;
#3712 = DIRECTION ( 'NONE',  ( 0.000000000000000000, -0.9987523388778447586, 0.04993761694389219075 ) ) ;
#3713 = ORIENTED_EDGE ( 'NONE', *, *, #1278, .T. ) ;
#3714 = ORIENTED_EDGE ( 'NONE', *, *, #7654, .F. ) ;
#3715 = DIRECTION ( 'NONE',  ( 0.000000000000000000, 0.000000000000000000, 1.000000000000000000 ) ) ;
#3716 = CARTESIAN_POINT ( 'NONE',  ( -1.875000000000000000, -0.8000000000000000444, 0.5000000000000000000 ) ) ;
#3717 = EDGE_LOOP ( 'NONE', ( #1672, #736, #6600, #5630 ) ) ;
#3718 = EDGE_CURVE ( 'NONE', #1937, #698, #7272, .T. ) ;
#3719 = ORIENTED_EDGE ( 'NONE', *, *, #667, .T. ) ;
#3720 = DIRECTION ( 'NONE',  ( -1.000000000000000000, 0.000000000000000000, 0.000000000000000000 ) ) ;
#3721 = CARTESIAN_POINT ( 'NONE',  ( 2.194999999999999840, 0.2895950378225999877, 2.495600000000000041 ) ) ;
#3722 = DIRECTION ( 'NONE',  ( 0.000000000000000000, 0.000000000000000000, -1.000000000000000000 ) ) ;
#3723 = EDGE_CURVE ( 'NONE', #5382, #3029, #524, .T. ) ;
#3724 = CARTESIAN_POINT ( 'NONE',  ( 0.7500000000000000000, -0.7099999999999999645, 0.2500000000000000000 ) ) ;
#3725 = FACE_OUTER_BOUND ( 'NONE', #2458, .T. ) ;
#3726 = VERTEX_POINT ( 'NONE', #4669 ) ;
#3727 = CARTESIAN_POINT ( 'NONE',  ( -2.299999999999999822, -0.9449999999999999512, 2.100000000000000089 ) ) ;
#3728 = LINE ( 'NONE', #3244, #1581 ) ;
#3729 = CARTESIAN_POINT ( 'NONE',  ( -1.550000000002759837, 0.3800000000000000044, 2.399999999999999911 ) ) ;
#3730 = EDGE_CURVE ( 'NONE', #5932, #498, #450, .T. ) ;
#3731 = CARTESIAN_POINT ( 'NONE',  ( -1.275000000000000133, 0.5000000000000000000, 0.5000000000000000000 ) ) ;
#3732 = DIRECTION ( 'NONE',  ( 0.000000000000000000, 0.000000000000000000, 1.000000000000000000 ) ) ;
#3733 = EDGE_LOOP ( 'NONE', ( #7195, #145, #4168, #6083 ) ) ;
#3734 = DIRECTION ( 'NONE',  ( 0.000000000000000000, 1.000000000000000000, 0.000000000000000000 ) ) ;
#3735 = ORIENTED_EDGE ( 'NONE', *, *, #7410, .T. ) ;
#3736 = LINE ( 'NONE', #4754, #7311 ) ;
#3737 = ORIENTED_EDGE ( 'NONE', *, *, #5957, .T. ) ;
#3738 = CARTESIAN_POINT ( 'NONE',  ( 1.925000000000000044, 0.2704156197588999944, 2.299999999999999822 ) ) ;
#3739 = CARTESIAN_POINT ( 'NONE',  ( 0.9550937221075798123, -0.4982546525854973929, 2.099999999999997868 ) ) ;
#3740 = FACE_OUTER_BOUND ( 'NONE', #244, .T. ) ;
#3741 = CARTESIAN_POINT ( 'NONE',  ( 2.185369232320643729, -0.3750000000000000000, 2.281195668716567759 ) ) ;
#3742 = ORIENTED_EDGE ( 'NONE', *, *, #5020, .T. ) ;
#3743 = EDGE_CURVE ( 'NONE', #6564, #5382, #4288, .T. ) ;
#3744 = VERTEX_POINT ( 'NONE', #7592 ) ;
#3745 = CARTESIAN_POINT ( 'NONE',  ( 0.9965079230508250285, 0.3983006008654345065, 2.100000000000000089 ) ) ;
#3746 = ADVANCED_FACE ( 'NONE', ( #1619 ), #1542, .T. ) ;
#3747 = FACE_OUTER_BOUND ( 'NONE', #3113, .T. ) ;
#3748 = DIRECTION ( 'NONE',  ( 0.000000000000000000, 0.000000000000000000, -1.000000000000000000 ) ) ;
#3749 = DIRECTION ( 'NONE',  ( 0.000000000000000000, 0.000000000000000000, -1.000000000000000000 ) ) ;
#3750 = ORIENTED_EDGE ( 'NONE', *, *, #1190, .F. ) ;
#3751 = LINE ( 'NONE', #5433, #303 ) ;
#3752 = FACE_OUTER_BOUND ( 'NONE', #5344, .T. ) ;
#3753 = EDGE_CURVE ( 'NONE', #153, #4689, #5755, .T. ) ;
#3754 = CIRCLE ( 'NONE', #4005, 0.1000000000000000472 ) ;
#3755 = CARTESIAN_POINT ( 'NONE',  ( 1.469999999999999973, 0.3086776736253000197, 2.399999999999999911 ) ) ;
#3756 = AXIS2_PLACEMENT_3D ( 'NONE', #37, #1750, #5306 ) ;
#3757 = CARTESIAN_POINT ( 'NONE',  ( 1.925000000000000044, 0.1658312395178000165, 2.200000000000000178 ) ) ;
#3758 = DIRECTION ( 'NONE',  ( 1.000000000000000000, 0.000000000000000000, 0.000000000000000000 ) ) ;
#3759 = EDGE_LOOP ( 'NONE', ( #6809, #2510, #6647, #5026 ) ) ;
#3760 = EDGE_CURVE ( 'NONE', #5683, #3612, #6530, .T. ) ;
#3761 = PLANE ( 'NONE',  #7380 ) ;
#3762 = EDGE_LOOP ( 'NONE', ( #4831, #5259, #1699, #5401, #324 ) ) ;
#3763 = CARTESIAN_POINT ( 'NONE',  ( -1.925000000000000044, -0.3750000000000000000, 2.299999999999999822 ) ) ;
#3764 = AXIS2_PLACEMENT_3D ( 'NONE', #6258, #4944, #5524 ) ;
#3765 = CARTESIAN_POINT ( 'NONE',  ( 0.6031414644350421295, 0.4410628424224071198, 0.2736226604981508159 ) ) ;
#3766 = AXIS2_PLACEMENT_3D ( 'NONE', #5719, #4673, #4053 ) ;
#3767 = VECTOR ( 'NONE', #5356, 1000.000000000000000 ) ;
#3768 = VECTOR ( 'NONE', #4198, 999.9999999999998863 ) ;
#3769 = DIRECTION ( 'NONE',  ( -1.000000000000000000, 0.000000000000000000, 0.000000000000000000 ) ) ;
#3770 = ORIENTED_EDGE ( 'NONE', *, *, #3997, .T. ) ;
#3771 = ADVANCED_FACE ( 'NONE', ( #2792 ), #2211, .T. ) ;
#3772 = DIRECTION ( 'NONE',  ( 0.000000000000000000, 0.000000000000000000, 1.000000000000000000 ) ) ;
#3773 = ORIENTED_EDGE ( 'NONE', *, *, #2039, .T. ) ;
#3774 = CARTESIAN_POINT ( 'NONE',  ( 0.1163376014357000027, 0.2336623985642999890, 0.2500000000000000000 ) ) ;
#3775 = AXIS2_PLACEMENT_3D ( 'NONE', #1638, #2811, #6361 ) ;
#3776 = ORIENTED_EDGE ( 'NONE', *, *, #5769, .F. ) ;
#3777 = VECTOR ( 'NONE', #999, 1000.000000000000000 ) ;
#3778 = CARTESIAN_POINT ( 'NONE',  ( 2.250000000000000000, 0.4000000000000000222, 0.000000000000000000 ) ) ;
#3779 = CARTESIAN_POINT ( 'NONE',  ( -0.9499999999999999556, 0.5000000000000000000, 2.200000000000000178 ) ) ;
#3780 = CARTESIAN_POINT ( 'NONE',  ( 1.275000000000000133, 0.9000000000000000222, 0.000000000000000000 ) ) ;
#3781 = VECTOR ( 'NONE', #2746, 1000.000000000000000 ) ;
#3782 = FACE_OUTER_BOUND ( 'NONE', #6959, .T. ) ;
#3783 = CARTESIAN_POINT ( 'NONE',  ( -1.050029586577359897, -1.299999995623176030, 1.400000148455190052 ) ) ;
#3784 = ORIENTED_EDGE ( 'NONE', *, *, #5166, .F. ) ;
#3785 = ORIENTED_EDGE ( 'NONE', *, *, #803, .F. ) ;
#3786 = DIRECTION ( 'NONE',  ( 0.000000000000000000, 0.000000000000000000, -1.000000000000000000 ) ) ;
#3787 =( NAMED_UNIT ( * ) PLANE_ANGLE_UNIT ( ) SI_UNIT ( $, .RADIAN. ) );
#3788 = VECTOR ( 'NONE', #7502, 1000.000000000000000 ) ;
#3789 = EDGE_CURVE ( 'NONE', #5244, #6682, #4623, .T. ) ;
#3790 = EDGE_CURVE ( 'NONE', #2192, #6592, #4004, .T. ) ;
#3791 = CARTESIAN_POINT ( 'NONE',  ( -2.200000000000000178, -0.9000000000000000222, 2.100000000000000089 ) ) ;
#3792 = ORIENTED_EDGE ( 'NONE', *, *, #4833, .T. ) ;
#3793 = CARTESIAN_POINT ( 'NONE',  ( 0.2650000000000000133, 0.5150000000000000133, 0.7500000000000000000 ) ) ;
#3794 = DIRECTION ( 'NONE',  ( -1.000000000000000000, 0.000000000000000000, 0.000000000000000000 ) ) ;
#3795 = VECTOR ( 'NONE', #5857, 1000.000000000000000 ) ;
#3796 = DIRECTION ( 'NONE',  ( 0.000000000000000000, 1.000000000000000000, 0.000000000000000000 ) ) ;
#3797 = EDGE_CURVE ( 'NONE', #5608, #204, #4048, .T. ) ;
#3798 = EDGE_CURVE ( 'NONE', #7415, #4258, #5835, .T. ) ;
#3799 = VECTOR ( 'NONE', #6016, 1000.000000000000000 ) ;
#3800 = CARTESIAN_POINT ( 'NONE',  ( -1.800000000000000044, 0.2500000000000000000, 2.100000000000000089 ) ) ;
#3801 = CARTESIAN_POINT ( 'NONE',  ( -1.600000000000000089, 0.3499999999999999778, 2.100000000000000089 ) ) ;
#3802 = ORIENTED_EDGE ( 'NONE', *, *, #4846, .F. ) ;
#3803 = DIRECTION ( 'NONE',  ( 0.000000000000000000, 1.000000000000000000, 0.000000000000000000 ) ) ;
#3804 = DIRECTION ( 'NONE',  ( -1.000000000000000000, 0.000000000000000000, 0.000000000000000000 ) ) ;
#3805 = AXIS2_PLACEMENT_3D ( 'NONE', #6312, #3853, #964 ) ;
#3806 = FACE_OUTER_BOUND ( 'NONE', #3812, .T. ) ;
#3807 = EDGE_CURVE ( 'NONE', #1579, #1595, #6656, .T. ) ;
#3808 = AXIS2_PLACEMENT_3D ( 'NONE', #7580, #7498, #1346 ) ;
#3809 = DIRECTION ( 'NONE',  ( 1.000000000000000000, 0.000000000000000000, 0.000000000000000000 ) ) ;
#3810 = ORIENTED_EDGE ( 'NONE', *, *, #3012, .F. ) ;
#3811 = DIRECTION ( 'NONE',  ( 1.000000000000000000, 0.000000000000000000, 0.000000000000000000 ) ) ;
#3812 = EDGE_LOOP ( 'NONE', ( #4634, #2283, #481, #5412, #2806, #4877 ) ) ;
#3813 = CARTESIAN_POINT ( 'NONE',  ( 0.8499999999848999455, -0.9000000000000000222, 1.699999999999999956 ) ) ;
#3814 = VECTOR ( 'NONE', #1129, 1000.000000000000000 ) ;
#3815 = EDGE_CURVE ( 'NONE', #3826, #825, #7571, .T. ) ;
#3816 = CARTESIAN_POINT ( 'NONE',  ( -0.5546126700666768050, -0.7050830542502281029, 0.3577465986660514630 ) ) ;
#3817 = DIRECTION ( 'NONE',  ( -1.000000000000000000, 0.000000000000000000, 0.000000000000000000 ) ) ;
#3818 = DIRECTION ( 'NONE',  ( 0.000000000000000000, 0.000000000000000000, -1.000000000000000000 ) ) ;
#3819 = ORIENTED_EDGE ( 'NONE', *, *, #827, .T. ) ;
#3820 = VECTOR ( 'NONE', #1087, 1000.000000000000000 ) ;
#3821 = CARTESIAN_POINT ( 'NONE',  ( -0.2400000000000000189, 0.9000000000000000222, 0.2500000000000000000 ) ) ;
#3822 = CARTESIAN_POINT ( 'NONE',  ( -2.000000000000000000, 0.000000000000000000, 2.299999999999999822 ) ) ;
#3823 = VERTEX_POINT ( 'NONE', #1820 ) ;
#3824 = DIRECTION ( 'NONE',  ( 1.000000000000000000, 0.000000000000000000, 0.000000000000000000 ) ) ;
#3825 = CIRCLE ( 'NONE', #1842, 0.1000000000000000472 ) ;
#3826 = VERTEX_POINT ( 'NONE', #3543 ) ;
#3827 = LINE ( 'NONE', #4336, #6407 ) ;
#3828 = ORIENTED_EDGE ( 'NONE', *, *, #5948, .F. ) ;
#3829 = SPHERICAL_SURFACE ( 'NONE', #6160, 0.1000000000000000056 ) ;
#3830 = DIRECTION ( 'NONE',  ( 0.000000000000000000, -1.000000000000000000, 0.000000000000000000 ) ) ;
#3831 = CARTESIAN_POINT ( 'NONE',  ( -0.5350000000000000311, -0.5150000000000000133, 0.7500000000000000000 ) ) ;
#3832 = EDGE_CURVE ( 'NONE', #3376, #4011, #4278, .T. ) ;
#3833 = LINE ( 'NONE', #2729, #4789 ) ;
#3834 = CARTESIAN_POINT ( 'NONE',  ( -1.949999999999999956, -0.9000000000000000222, 0.000000000000000000 ) ) ;
#3835 = ORIENTED_EDGE ( 'NONE', *, *, #64, .F. ) ;
#3836 = DIRECTION ( 'NONE',  ( 0.000000000000000000, -1.000000000000000000, 0.000000000000000000 ) ) ;
#3837 = ADVANCED_FACE ( 'NONE', ( #2514 ), #3583, .T. ) ;
#3838 = CARTESIAN_POINT ( 'NONE',  ( -0.8500000000151008983, -1.299999999995513855, 1.399999999999999911 ) ) ;
#3839 = EDGE_CURVE ( 'NONE', #1552, #2038, #3695, .T. ) ;
#3840 = DIRECTION ( 'NONE',  ( 0.000000000000000000, 0.000000000000000000, -1.000000000000000000 ) ) ;
#3841 = ORIENTED_EDGE ( 'NONE', *, *, #4108, .T. ) ;
#3842 = CARTESIAN_POINT ( 'NONE',  ( 0.000000000000000000, 0.4000000000000000222, 0.2500000000000000000 ) ) ;
#3843 = DIRECTION ( 'NONE',  ( 0.000000000000000000, 0.000000000000000000, 1.000000000000000000 ) ) ;
#3844 = DIRECTION ( 'NONE',  ( 1.000000000000000000, 0.000000000000000000, 0.000000000000000000 ) ) ;
#3845 = EDGE_LOOP ( 'NONE', ( #1097, #2409, #6596, #2948 ) ) ;
#3846 = CARTESIAN_POINT ( 'NONE',  ( 0.000000000000000000, 0.2336623985642999890, 0.2500000000000000000 ) ) ;
#3847 = ORIENTED_EDGE ( 'NONE', *, *, #5519, .T. ) ;
#3848 = CARTESIAN_POINT ( 'NONE',  ( -2.100000000000000089, 0.4000000000000000222, 2.100000000000000089 ) ) ;
#3849 = ADVANCED_FACE ( 'NONE', ( #5919 ), #6399, .T. ) ;
#3850 = LINE ( 'NONE', #2795, #1257 ) ;
#3851 = CARTESIAN_POINT ( 'NONE',  ( 0.6499999999999850342, -0.9000000000000000222, 0.000000000000000000 ) ) ;
#3852 = ORIENTED_EDGE ( 'NONE', *, *, #2093, .T. ) ;
#3853 = DIRECTION ( 'NONE',  ( 0.000000000000000000, 0.000000000000000000, 1.000000000000000000 ) ) ;
#3854 = CARTESIAN_POINT ( 'NONE',  ( 2.194999999999999840, -0.3750000000000000000, 2.275997159067980391 ) ) ;
#3855 = ORIENTED_EDGE ( 'NONE', *, *, #5733, .F. ) ;
#3856 = VERTEX_POINT ( 'NONE', #6069 ) ;
#3857 = CYLINDRICAL_SURFACE ( 'NONE', #3185, 0.1299999999999999489 ) ;
#3858 = EDGE_CURVE ( 'NONE', #1357, #7236, #1918, .T. ) ;
#3859 = CARTESIAN_POINT ( 'NONE',  ( 0.6499999999999810374, 0.000000000000000000, 0.2500000000000000000 ) ) ;
#3860 = ORIENTED_EDGE ( 'NONE', *, *, #7277, .T. ) ;
#3861 = FACE_OUTER_BOUND ( 'NONE', #6084, .T. ) ;
#3862 = ORIENTED_EDGE ( 'NONE', *, *, #7476, .F. ) ;
#3863 = DIRECTION ( 'NONE',  ( 0.000000000000000000, 0.000000000000000000, -1.000000000000000000 ) ) ;
#3864 = CARTESIAN_POINT ( 'NONE',  ( -0.6497454014109926845, -0.3705732180342644622, 0.2500690200451409217 ) ) ;
#3865 = DIRECTION ( 'NONE',  ( 1.000000000000000000, 0.000000000000000000, 0.000000000000000000 ) ) ;
#3866 = CARTESIAN_POINT ( 'NONE',  ( 1.908333333333315007, -0.1105541596785106079, 2.299999999999999822 ) ) ;
#3867 = ORIENTED_EDGE ( 'NONE', *, *, #2406, .F. ) ;
#3868 = CARTESIAN_POINT ( 'NONE',  ( -1.375000000000000000, -0.5000000000000000000, -0.009603111705303998477 ) ) ;
#3869 = CARTESIAN_POINT ( 'NONE',  ( -2.113554018886000030, -0.2336623985642999890, 0.3800000000000000044 ) ) ;
#3870 = DIRECTION ( 'NONE',  ( 1.000000000000000000, 0.000000000000000000, 0.000000000000000000 ) ) ;
#3871 = LINE ( 'NONE', #2556, #3407 ) ;
#3872 = AXIS2_PLACEMENT_3D ( 'NONE', #2672, #5718, #6308 ) ;
#3873 = ORIENTED_EDGE ( 'NONE', *, *, #5980, .F. ) ;
#3874 = ADVANCED_FACE ( 'NONE', ( #1739 ), #3911, .T. ) ;
#3875 = EDGE_CURVE ( 'NONE', #6822, #7005, #4119, .T. ) ;
#3876 = CARTESIAN_POINT ( 'NONE',  ( -1.525000000000000133, -0.8000000000000000444, 0.5000000000000000000 ) ) ;
#3877 = CARTESIAN_POINT ( 'NONE',  ( -1.550000000000000044, 0.2999999999999999889, 2.330000000000000071 ) ) ;
#3878 = CARTESIAN_POINT ( 'NONE',  ( 0.1163376014357000027, 0.2336623985642999890, 0.2500000000000000000 ) ) ;
#3879 = ORIENTED_EDGE ( 'NONE', *, *, #6744, .F. ) ;
#3880 = AXIS2_PLACEMENT_3D ( 'NONE', #6731, #6810, #6146 ) ;
#3881 = AXIS2_PLACEMENT_3D ( 'NONE', #424, #3946, #5192 ) ;
#3882 = CARTESIAN_POINT ( 'NONE',  ( 0.5538245945101549772, 0.7038245945102030721, 0.3735081097969024655 ) ) ;
#3883 = ORIENTED_EDGE ( 'NONE', *, *, #6102, .T. ) ;
#3884 = CYLINDRICAL_SURFACE ( 'NONE', #4946, 0.1000000000000000472 ) ;
#3885 = PLANE ( 'NONE',  #6019 ) ;
#3886 = PLANE ( 'NONE',  #7001 ) ;
#3887 = AXIS2_PLACEMENT_3D ( 'NONE', #4655, #1255, #511 ) ;
#3888 = VECTOR ( 'NONE', #5960, 1000.000000000000000 ) ;
#3889 = ADVANCED_FACE ( 'NONE', ( #2987 ), #680, .T. ) ;
#3890 = ORIENTED_EDGE ( 'NONE', *, *, #3797, .T. ) ;
#3891 = CARTESIAN_POINT ( 'NONE',  ( -1.875000000000000000, -0.9499999999999999556, -0.1881966011250000015 ) ) ;
#3892 = CARTESIAN_POINT ( 'NONE',  ( -0.1163376014357000027, 0.3663376014356999888, 0.2500000000000000000 ) ) ;
#3893 = VERTEX_POINT ( 'NONE', #6500 ) ;
#3894 = CARTESIAN_POINT ( 'NONE',  ( 2.220000000000000195, 0.8000000000000000444, 2.299999999999999822 ) ) ;
#3895 = CARTESIAN_POINT ( 'NONE',  ( 2.120597009602840366, -0.3426214304375295727, 2.299032694463782889 ) ) ;
#3896 = EDGE_LOOP ( 'NONE', ( #3566, #3940, #215, #2825 ) ) ;
#3897 = ORIENTED_EDGE ( 'NONE', *, *, #6355, .T. ) ;
#3898 = CARTESIAN_POINT ( 'NONE',  ( 0.000000000000000000, 0.000000000000000000, 0.5000000000000000000 ) ) ;
#3899 = VECTOR ( 'NONE', #6086, 1000.000000000000000 ) ;
#3900 = APPLICATION_PROTOCOL_DEFINITION ( 'draft international standard', 'automotive_design', 1998, #3532 ) ;
#3901 = EDGE_CURVE ( 'NONE', #5199, #6290, #2404, .T. ) ;
#3902 = VECTOR ( 'NONE', #2970, 1000.000000000000000 ) ;
#3903 = VERTEX_POINT ( 'NONE', #5333 ) ;
#3904 = VECTOR ( 'NONE', #1797, 1000.000000000000000 ) ;
#3905 = DIRECTION ( 'NONE',  ( 1.000000000000000000, 0.000000000000000000, 0.000000000000000000 ) ) ;
#3906 = EDGE_LOOP ( 'NONE', ( #7219, #5386, #3939, #3664, #6976, #5573 ) ) ;
#3907 = DIRECTION ( 'NONE',  ( 0.000000000000000000, 1.000000000000000000, 0.000000000000000000 ) ) ;
#3908 = ORIENTED_EDGE ( 'NONE', *, *, #5897, .F. ) ;
#3909 = DIRECTION ( 'NONE',  ( -0.000000000000000000, 1.000000000000000000, 0.000000000000000000 ) ) ;
#3910 = CARTESIAN_POINT ( 'NONE',  ( -0.5569791683949584238, -0.4920982077094677165, 0.3451251010775115424 ) ) ;
#3911 = TOROIDAL_SURFACE ( 'NONE', #3534, 0.07999999999999889144, 0.07000000000000079770 ) ;
#3912 = EDGE_CURVE ( 'NONE', #908, #94, #566, .T. ) ;
#3913 = PLANE ( 'NONE',  #4133 ) ;
#3914 = VECTOR ( 'NONE', #2720, 1000.000000000000000 ) ;
#3915 = LINE ( 'NONE', #7538, #6037 ) ;
#3916 = LINE ( 'NONE', #4577, #1398 ) ;
#3917 = VERTEX_POINT ( 'NONE', #7203 ) ;
#3918 = LINE ( 'NONE', #3957, #3438 ) ;
#3919 = DIRECTION ( 'NONE',  ( 0.000000000000000000, 0.000000000000000000, -1.000000000000000000 ) ) ;
#3920 = DIRECTION ( 'NONE',  ( -1.000000000000000000, 0.000000000000000000, 0.000000000000000000 ) ) ;
#3921 = PLANE ( 'NONE',  #2419 ) ;
#3922 = AXIS2_PLACEMENT_3D ( 'NONE', #314, #1604, #3364 ) ;
#3923 = ORIENTED_EDGE ( 'NONE', *, *, #126, .T. ) ;
#3924 = CARTESIAN_POINT ( 'NONE',  ( 2.112253379640000261, 0.7038245945101270218, 0.3735081097983665166 ) ) ;
#3925 = CARTESIAN_POINT ( 'NONE',  ( 0.9476188457623999639, 0.5000000000000000000, 3.500000000000000000 ) ) ;
#3926 = ORIENTED_EDGE ( 'NONE', *, *, #6264, .T. ) ;
#3927 = CIRCLE ( 'NONE', #5033, 0.1499999999999999667 ) ;
#3928 = FACE_OUTER_BOUND ( 'NONE', #2360, .T. ) ;
#3929 = ORIENTED_EDGE ( 'NONE', *, *, #5416, .T. ) ;
#3930 = DIRECTION ( 'NONE',  ( 0.000000000000000000, -1.000000000000000000, 0.000000000000000000 ) ) ;
#3931 = DIRECTION ( 'NONE',  ( 0.000000000000000000, 1.000000000000000000, 0.000000000000000000 ) ) ;
#3932 = EDGE_CURVE ( 'NONE', #2874, #5315, #4743, .T. ) ;
#3933 = CIRCLE ( 'NONE', #2671, 0.2000000000000000944 ) ;
#3934 = DIRECTION ( 'NONE',  ( 0.000000000000000000, 0.000000000000000000, -1.000000000000000000 ) ) ;
#3935 = CARTESIAN_POINT ( 'NONE',  ( -0.2461754054898580013, -0.7038245945101510026, 0.3735081097978280029 ) ) ;
#3936 = ORIENTED_EDGE ( 'NONE', *, *, #7124, .T. ) ;
#3937 = CYLINDRICAL_SURFACE ( 'NONE', #3805, 0.1000000000000000472 ) ;
#3938 = CARTESIAN_POINT ( 'NONE',  ( 1.925000000000000044, -0.3750000000000000000, 2.100000000000000089 ) ) ;
#3939 = ORIENTED_EDGE ( 'NONE', *, *, #858, .T. ) ;
#3940 = ORIENTED_EDGE ( 'NONE', *, *, #2641, .F. ) ;
#3941 = DIRECTION ( 'NONE',  ( 0.000000000000000000, 1.000000000000000000, 0.000000000000000000 ) ) ;
#3942 = VECTOR ( 'NONE', #7242, 1000.000000000000000 ) ;
#3943 = EDGE_CURVE ( 'NONE', #3949, #1356, #7123, .T. ) ;
#3944 = EDGE_CURVE ( 'NONE', #4839, #4015, #103, .T. ) ;
#3945 = AXIS2_PLACEMENT_3D ( 'NONE', #7307, #6093, #7191 ) ;
#3946 = DIRECTION ( 'NONE',  ( 0.000000000000000000, 0.000000000000000000, -1.000000000000000000 ) ) ;
#3947 = ORIENTED_EDGE ( 'NONE', *, *, #5914, .F. ) ;
#3948 = CARTESIAN_POINT ( 'NONE',  ( -1.048733916957085954, -1.299999987538480006, 1.423088437467536105 ) ) ;
#3949 = VERTEX_POINT ( 'NONE', #603 ) ;
#3950 = DIRECTION ( 'NONE',  ( 0.000000000000000000, 0.000000000000000000, -1.000000000000000000 ) ) ;
#3951 = DIRECTION ( 'NONE',  ( 0.000000000000000000, 0.000000000000000000, 1.000000000000000000 ) ) ;
#3952 = EDGE_CURVE ( 'NONE', #2084, #5447, #4784, .T. ) ;
#3953 = AXIS2_PLACEMENT_3D ( 'NONE', #3354, #5142, #3194 ) ;
#3954 = DIRECTION ( 'NONE',  ( 0.000000000000000000, -1.000000000000000000, 0.000000000000000000 ) ) ;
#3955 = PLANE ( 'NONE',  #651 ) ;
#3956 = VERTEX_POINT ( 'NONE', #237 ) ;
#3957 = CARTESIAN_POINT ( 'NONE',  ( 0.000000000000000000, 0.8336623985643000223, 0.2500000000000000000 ) ) ;
#3958 = CARTESIAN_POINT ( 'NONE',  ( -2.037499999999999645, -0.9000000000000000222, 2.200000000000000178 ) ) ;
#3959 = CARTESIAN_POINT ( 'NONE',  ( 1.474999999999999867, 0.3750000000000000000, 2.299999999999999822 ) ) ;
#3960 = ADVANCED_FACE ( 'NONE', ( #6802 ), #5586, .F. ) ;
#3961 = CARTESIAN_POINT ( 'NONE',  ( 0.6477036337370188912, 0.3797897576261394792, 0.2506267804821231127 ) ) ;
#3962 = VERTEX_POINT ( 'NONE', #5554 ) ;
#3963 = DIRECTION ( 'NONE',  ( 1.000000000000000000, 0.000000000000000000, 0.000000000000000000 ) ) ;
#3964 = CARTESIAN_POINT ( 'NONE',  ( 0.6500000000000000222, -0.3499999999999999778, 0.000000000000000000 ) ) ;
#3965 = ORIENTED_EDGE ( 'NONE', *, *, #1113, .T. ) ;
#3966 = LINE ( 'NONE', #5245, #5501 ) ;
#3967 = EDGE_LOOP ( 'NONE', ( #2392, #44, #5408, #3209 ) ) ;
#3968 = CARTESIAN_POINT ( 'NONE',  ( 0.8965076753663588915, 0.4982544935070320480, 2.100000000000000089 ) ) ;
#3969 = ADVANCED_FACE ( 'NONE', ( #3134 ), #168, .T. ) ;
#3970 = DIRECTION ( 'NONE',  ( -3.252606517456511724E-15, -1.000000000000000000, 0.000000000000000000 ) ) ;
#3971 = ORIENTED_EDGE ( 'NONE', *, *, #7705, .T. ) ;
#3972 = ORIENTED_EDGE ( 'NONE', *, *, #7112, .F. ) ;
#3973 = DIRECTION ( 'NONE',  ( 0.000000000000000000, 0.000000000000000000, -1.000000000000000000 ) ) ;
#3974 = ORIENTED_EDGE ( 'NONE', *, *, #3050, .T. ) ;
#3975 = LINE ( 'NONE', #5256, #4804 ) ;
#3976 = DIRECTION ( 'NONE',  ( 1.000000000000000000, 0.000000000000000000, 0.000000000000000000 ) ) ;
#3977 = ORIENTED_EDGE ( 'NONE', *, *, #7510, .T. ) ;
#3978 = VERTEX_POINT ( 'NONE', #4382 ) ;
#3979 = CARTESIAN_POINT ( 'NONE',  ( 0.5350000000000000311, -0.5150000000000000133, 0.7500000000000000000 ) ) ;
#3980 = ADVANCED_FACE ( 'NONE', ( #7280 ), #5518, .F. ) ;
#3981 = CARTESIAN_POINT ( 'NONE',  ( 0.6506928536190199619, -1.299999999960505859, 1.383333099070784167 ) ) ;
#3982 = ORIENTED_EDGE ( 'NONE', *, *, #3760, .T. ) ;
#3983 = EDGE_CURVE ( 'NONE', #7519, #759, #6765, .T. ) ;
#3984 = CARTESIAN_POINT ( 'NONE',  ( -2.100000000000000089, -0.9416666666666670960, 2.299999999999999822 ) ) ;
#3985 = EDGE_LOOP ( 'NONE', ( #6476, #5913, #3926, #7664 ) ) ;
#3986 = CARTESIAN_POINT ( 'NONE',  ( -0.6500000000000000222, 0.3499999999999999778, 0.2500000000000000000 ) ) ;
#3987 = LINE ( 'NONE', #3325, #3022 ) ;
#3988 = ORIENTED_EDGE ( 'NONE', *, *, #4366, .T. ) ;
#3989 = EDGE_CURVE ( 'NONE', #5340, #4923, #6248, .T. ) ;
#3990 = CARTESIAN_POINT ( 'NONE',  ( 1.850000000000000089, -0.2999999999999999889, 2.299999999999999822 ) ) ;
#3991 = CARTESIAN_POINT ( 'NONE',  ( 2.112253379640000261, -0.3663376014356999888, 0.3800000000000000044 ) ) ;
#3992 = DIRECTION ( 'NONE',  ( -0.9987523388778447586, 0.000000000000000000, 0.04993761694389219075 ) ) ;
#3993 = DIRECTION ( 'NONE',  ( 1.000000000000000000, 0.000000000000000000, 0.000000000000000000 ) ) ;
#3994 = DIRECTION ( 'NONE',  ( 0.000000000000000000, 0.000000000000000000, 1.000000000000000000 ) ) ;
#3995 = CARTESIAN_POINT ( 'NONE',  ( 0.5538245945101359924, 0.1038245945101573947, 0.3735081097972894892 ) ) ;
#3996 = EDGE_LOOP ( 'NONE', ( #4054, #4087, #7184, #3319 ) ) ;
#3997 = EDGE_CURVE ( 'NONE', #3612, #1207, #2286, .T. ) ;
#3998 = DIRECTION ( 'NONE',  ( 0.000000000000000000, 0.000000000000000000, 1.000000000000000000 ) ) ;
#3999 = CARTESIAN_POINT ( 'NONE',  ( -0.2650000000000000133, -0.08499999999999900691, 0.7500000000000000000 ) ) ;
#4000 = ORIENTED_EDGE ( 'NONE', *, *, #279, .F. ) ;
#4001 = DIRECTION ( 'NONE',  ( 1.000000000000000000, 0.000000000000000000, 0.000000000000000000 ) ) ;
#4002 = ORIENTED_EDGE ( 'NONE', *, *, #3218, .T. ) ;
#4003 = DIRECTION ( 'NONE',  ( 0.000000000000000000, 0.000000000000000000, 1.000000000000000000 ) ) ;
#4004 = LINE ( 'NONE', #1033, #1534 ) ;
#4005 = AXIS2_PLACEMENT_3D ( 'NONE', #7402, #2054, #4434 ) ;
#4006 = EDGE_CURVE ( 'NONE', #3387, #4479, #4156, .T. ) ;
#4007 = VERTEX_POINT ( 'NONE', #2659 ) ;
#4008 = VECTOR ( 'NONE', #6022, 1000.000000000000000 ) ;
#4009 = DIRECTION ( 'NONE',  ( 1.000000000000000000, 0.000000000000000000, 0.000000000000000000 ) ) ;
#4010 = CARTESIAN_POINT ( 'NONE',  ( -0.1895068923543806738, -0.7604931076456192818, 0.2499999999999997224 ) ) ;
#4011 = VERTEX_POINT ( 'NONE', #748 ) ;
#4012 = DIRECTION ( 'NONE',  ( 0.9987523388778447586, 0.000000000000000000, 0.04993761694389219075 ) ) ;
#4013 = CARTESIAN_POINT ( 'NONE',  ( 1.925000000000000044, -0.4000000000000000222, 2.100000000000000089 ) ) ;
#4014 = VERTEX_POINT ( 'NONE', #6141 ) ;
#4015 = VERTEX_POINT ( 'NONE', #6842 ) ;
#4016 = DIRECTION ( 'NONE',  ( 0.000000000000000000, 0.000000000000000000, -1.000000000000000000 ) ) ;
#4017 = AXIS2_PLACEMENT_3D ( 'NONE', #4464, #3734, #7436 ) ;
#4018 = CARTESIAN_POINT ( 'NONE',  ( 0.7500000000000000000, -0.5150000000000000133, 0.7500000000000000000 ) ) ;
#4019 = ORIENTED_EDGE ( 'NONE', *, *, #4192, .F. ) ;
#4020 = VECTOR ( 'NONE', #5160, 1000.000000000000000 ) ;
#4021 = DIRECTION ( 'NONE',  ( 0.000000000000000000, 0.000000000000000000, -1.000000000000000000 ) ) ;
#4022 = AXIS2_PLACEMENT_3D ( 'NONE', #3991, #3514, #2076 ) ;
#4023 = ORIENTED_EDGE ( 'NONE', *, *, #2256, .F. ) ;
#4024 = DIRECTION ( 'NONE',  ( 1.000000000000000000, 0.000000000000000000, 0.000000000000000000 ) ) ;
#4025 = CARTESIAN_POINT ( 'NONE',  ( -1.949999999999999956, -0.9000000000000000222, 0.5000000000000000000 ) ) ;
#4026 = VERTEX_POINT ( 'NONE', #3729 ) ;
#4027 = EDGE_CURVE ( 'NONE', #2019, #4258, #4654, .T. ) ;
#4028 = AXIS2_PLACEMENT_3D ( 'NONE', #1170, #4913, #4329 ) ;
#4029 = CARTESIAN_POINT ( 'NONE',  ( -2.299999999999999822, -0.3750000000000000000, 2.170710678118999759 ) ) ;
#4030 = CARTESIAN_POINT ( 'NONE',  ( 0.5635974630727036416, 0.7153549246078093615, 0.3247292784674539190 ) ) ;
#4031 = VECTOR ( 'NONE', #4710, 1000.000000000000000 ) ;
#4032 = FACE_OUTER_BOUND ( 'NONE', #383, .T. ) ;
#4033 = VERTEX_POINT ( 'NONE', #906 ) ;
#4034 = CARTESIAN_POINT ( 'NONE',  ( -0.5350000000000000311, 0.9000000000000000222, 0.7500000000000000000 ) ) ;
#4035 = CARTESIAN_POINT ( 'NONE',  ( 0.6457981905897307584, 0.3840382268818179901, 0.2512106842210261592 ) ) ;
#4036 = EDGE_CURVE ( 'NONE', #6403, #1611, #3871, .T. ) ;
#4037 = ADVANCED_FACE ( 'NONE', ( #3806 ), #7352, .F. ) ;
#4038 =( BOUNDED_SURFACE ( )  B_SPLINE_SURFACE ( 3, 3, ( 
 ( #2576, #225, #6713, #813 ),
 ( #7261, #3638, #7080, #1877 ),
 ( #1916, #6087, #6121, #1841 ),
 ( #4257, #5572, #4958, #4222 ),
 ( #6637, #4333, #6599, #85 ),
 ( #1251, #3158, #5496, #772 ),
 ( #6012, #4919, #7337, #735 ) ),
 .UNSPECIFIED., .F., .F., .F. ) 
 B_SPLINE_SURFACE_WITH_KNOTS ( ( 4, 3, 4 ),
 ( 4, 4 ),
 ( -0.006060915267313319969, 0.000000000000000000, 1.000000000000000000 ),
 ( 0.000000000000000000, 1.000000000000000000 ),
 .UNSPECIFIED. ) 
 GEOMETRIC_REPRESENTATION_ITEM ( )  RATIONAL_B_SPLINE_SURFACE ( (
 ( 1.000000000000000000, 0.8047378539923719654, 0.8047378539923719654, 1.000000000000000000),
 ( 1.000000000000000000, 0.8047378539923719654, 0.8047378539923719654, 1.000000000000000000),
 ( 1.000000000000000000, 0.8047378539923719654, 0.8047378539923719654, 1.000000000000000000),
 ( 1.000000000000000000, 0.8047378539923719654, 0.8047378539923719654, 1.000000000000000000),
 ( 0.8047378541243659367, 0.6476030137544690479, 0.6476030137544690479, 0.8047378541243659367),
 ( 0.8047378541243659367, 0.6476030137544690479, 0.6476030137544690479, 0.8047378541243659367),
 ( 1.000000000000000000, 0.8047378539923719654, 0.8047378539923719654, 1.000000000000000000) ) ) 
 REPRESENTATION_ITEM ( '' )  SURFACE ( )  );
#4039 = VECTOR ( 'NONE', #5670, 1000.000000000000227 ) ;
#4040 = ORIENTED_EDGE ( 'NONE', *, *, #3944, .F. ) ;
#4041 = CARTESIAN_POINT ( 'NONE',  ( 1.800000000000000044, -0.2500000000000000000, 2.658830721404000563 ) ) ;
#4042 = CARTESIAN_POINT ( 'NONE',  ( -1.525000000000000133, -0.8000000000000000444, 0.5000000000000000000 ) ) ;
#4043 = VERTEX_POINT ( 'NONE', #1933 ) ;
#4044 = DIRECTION ( 'NONE',  ( -1.000000000000000000, 0.000000000000000000, 0.000000000000000000 ) ) ;
#4045 = ORIENTED_EDGE ( 'NONE', *, *, #2049, .T. ) ;
#4046 = FACE_OUTER_BOUND ( 'NONE', #6734, .T. ) ;
#4047 = VECTOR ( 'NONE', #2195, 1000.000000000000114 ) ;
#4048 = LINE ( 'NONE', #6427, #5281 ) ;
#4049 = EDGE_CURVE ( 'NONE', #5881, #2677, #6079, .T. ) ;
#4050 = AXIS2_PLACEMENT_3D ( 'NONE', #1678, #5774, #6481 ) ;
#4051 = ORIENTED_EDGE ( 'NONE', *, *, #2093, .F. ) ;
#4052 = CARTESIAN_POINT ( 'NONE',  ( 1.525000000000000133, -0.9000000000000000222, 0.000000000000000000 ) ) ;
#4053 = DIRECTION ( 'NONE',  ( 0.000000000000000000, 5.420985188938167816E-15, -1.000000000000000000 ) ) ;
#4054 = ORIENTED_EDGE ( 'NONE', *, *, #4542, .T. ) ;
#4055 = DIRECTION ( 'NONE',  ( 0.000000000000000000, 0.000000000000000000, 1.000000000000000000 ) ) ;
#4056 = DIRECTION ( 'NONE',  ( 0.000000000000000000, 0.000000000000000000, 1.000000000000000000 ) ) ;
#4057 = ORIENTED_EDGE ( 'NONE', *, *, #2230, .F. ) ;
#4058 = VERTEX_POINT ( 'NONE', #2780 ) ;
#4059 = DIRECTION ( 'NONE',  ( 0.000000000000000000, 0.000000000000000000, -1.000000000000000000 ) ) ;
#4060 = ADVANCED_FACE ( 'NONE', ( #3412 ), #1021, .T. ) ;
#4061 = AXIS2_PLACEMENT_3D ( 'NONE', #1314, #5338, #106 ) ;
#4062 = CARTESIAN_POINT ( 'NONE',  ( -2.113554018886000030, -0.1038245945101801959, 0.3735081097972919872 ) ) ;
#4063 = VERTEX_POINT ( 'NONE', #5787 ) ;
#4064 = AXIS2_PLACEMENT_3D ( 'NONE', #3008, #1688, #2270 ) ;
#4065 = LINE ( 'NONE', #4102, #1053 ) ;
#4066 = ORIENTED_EDGE ( 'NONE', *, *, #3790, .T. ) ;
#4067 = LINE ( 'NONE', #4726, #1948 ) ;
#4068 = CARTESIAN_POINT ( 'NONE',  ( -0.8500000000151000101, -0.9000000000000000222, 1.100000000000000089 ) ) ;
#4069 = ORIENTED_EDGE ( 'NONE', *, *, #2583, .T. ) ;
#4070 = VECTOR ( 'NONE', #6719, 1000.000000000000000 ) ;
#4071 = DIRECTION ( 'NONE',  ( 1.000000000000000000, 0.000000000000000000, 0.000000000000000000 ) ) ;
#4072 = ORIENTED_EDGE ( 'NONE', *, *, #1749, .F. ) ;
#4073 = LINE ( 'NONE', #6453, #3169 ) ;
#4074 = EDGE_CURVE ( 'NONE', #2541, #467, #440, .T. ) ;
#4075 = LINE ( 'NONE', #1060, #7304 ) ;
#4076 = AXIS2_PLACEMENT_3D ( 'NONE', #1540, #3930, #243 ) ;
#4077 = LINE ( 'NONE', #7115, #6132 ) ;
#4078 = CARTESIAN_POINT ( 'NONE',  ( -0.1163376014357000027, -0.9115440117052999724, 0.3800000000000000044 ) ) ;
#4079 = VECTOR ( 'NONE', #21, 1000.000000000000000 ) ;
#4080 = ORIENTED_EDGE ( 'NONE', *, *, #7065, .T. ) ;
#4081 = FACE_OUTER_BOUND ( 'NONE', #2609, .T. ) ;
#4082 = EDGE_CURVE ( 'NONE', #7145, #1951, #2777, .T. ) ;
#4083 = DIRECTION ( 'NONE',  ( 2.168404344971003188E-14, -1.161645184805894475E-14, 1.000000000000000000 ) ) ;
#4084 = ORIENTED_EDGE ( 'NONE', *, *, #595, .T. ) ;
#4085 = EDGE_CURVE ( 'NONE', #4633, #1986, #1572, .T. ) ;
#4086 = PLANE ( 'NONE',  #6127 ) ;
#4087 = ORIENTED_EDGE ( 'NONE', *, *, #2417, .T. ) ;
#4088 = CARTESIAN_POINT ( 'NONE',  ( 0.6355772891676382264, -0.7986083535878535367, 0.2548152807616310689 ) ) ;
#4089 = CARTESIAN_POINT ( 'NONE',  ( -1.500000000000000000, 0.2500000000000000000, 2.658830721404000563 ) ) ;
#4090 = ORIENTED_EDGE ( 'NONE', *, *, #1494, .F. ) ;
#4091 = LINE ( 'NONE', #5760, #1759 ) ;
#4092 = CARTESIAN_POINT ( 'NONE',  ( -1.032310988842999988, 0.4755324461018599624, 3.401745224023254632 ) ) ;
#4093 = ORIENTED_EDGE ( 'NONE', *, *, #2173, .F. ) ;
#4094 = EDGE_CURVE ( 'NONE', #2595, #2904, #2201, .T. ) ;
#4095 = CARTESIAN_POINT ( 'NONE',  ( -1.925000000000000044, -0.9000000000000000222, 0.000000000000000000 ) ) ;
#4096 = LINE ( 'NONE', #460, #7271 ) ;
#4097 = ORIENTED_EDGE ( 'NONE', *, *, #681, .T. ) ;
#4098 = DIRECTION ( 'NONE',  ( -3.643524251838465300E-15, -1.000000000000000000, -5.543480938999820347E-15 ) ) ;
#4099 = LINE ( 'NONE', #1004, #2264 ) ;
#4100 = ORIENTED_EDGE ( 'NONE', *, *, #3363, .T. ) ;
#4101 = EDGE_CURVE ( 'NONE', #697, #5924, #7544, .T. ) ;
#4102 = CARTESIAN_POINT ( 'NONE',  ( -1.875000000000000000, 0.000000000000000000, 0.5000000000000000000 ) ) ;
#4103 = ORIENTED_EDGE ( 'NONE', *, *, #504, .T. ) ;
#4104 = ORIENTED_EDGE ( 'NONE', *, *, #2139, .T. ) ;
#4105 = CARTESIAN_POINT ( 'NONE',  ( 0.000000000000000000, 0.000000000000000000, 0.000000000000000000 ) ) ;
#4106 = LINE ( 'NONE', #5231, #2900 ) ;
#4107 = VERTEX_POINT ( 'NONE', #4581 ) ;
#4108 = EDGE_CURVE ( 'NONE', #7647, #4536, #1064, .T. ) ;
#4109 = DIRECTION ( 'NONE',  ( 0.000000000000000000, 0.000000000000000000, 1.000000000000000000 ) ) ;
#4110 = DIRECTION ( 'NONE',  ( 1.000000000000000000, 0.000000000000000000, 0.000000000000000000 ) ) ;
#4111 = PLANE ( 'NONE',  #268 ) ;
#4112 = VERTEX_POINT ( 'NONE', #2699 ) ;
#4113 = CARTESIAN_POINT ( 'NONE',  ( 1.275000000000000133, -0.5000000000000000000, 0.5000000000000000000 ) ) ;
#4114 = LINE ( 'NONE', #57, #4893 ) ;
#4115 = ORIENTED_EDGE ( 'NONE', *, *, #3215, .F. ) ;
#4116 = DIRECTION ( 'NONE',  ( 0.000000000000000000, -1.000000000000000000, 0.000000000000000000 ) ) ;
#4117 = ORIENTED_EDGE ( 'NONE', *, *, #3121, .F. ) ;
#4118 = CARTESIAN_POINT ( 'NONE',  ( 2.100000000000000089, 0.4000000000000000222, 2.100000000000000089 ) ) ;
#4119 = LINE ( 'NONE', #3660, #1294 ) ;
#4120 = ADVANCED_FACE ( 'NONE', ( #949 ), #6880, .F. ) ;
#4121 = EDGE_CURVE ( 'NONE', #7549, #6564, #2035, .T. ) ;
#4122 = ORIENTED_EDGE ( 'NONE', *, *, #3321, .T. ) ;
#4123 = CARTESIAN_POINT ( 'NONE',  ( -1.550000000000000044, 0.4500000000000000111, 2.299999999999999822 ) ) ;
#4124 = ORIENTED_EDGE ( 'NONE', *, *, #1350, .T. ) ;
#4125 = LINE ( 'NONE', #4559, #5426 ) ;
#4126 = VECTOR ( 'NONE', #6531, 1000.000000000000000 ) ;
#4127 = CARTESIAN_POINT ( 'NONE',  ( 0.9965079230507989383, 0.4749999999999999778, 2.100000000000000089 ) ) ;
#4128 = ORIENTED_EDGE ( 'NONE', *, *, #199, .F. ) ;
#4129 = DIRECTION ( 'NONE',  ( 0.000000000000000000, 1.000000000000000000, 0.000000000000000000 ) ) ;
#4130 = EDGE_LOOP ( 'NONE', ( #4583, #6357, #2424, #1262, #6036 ) ) ;
#4131 = EDGE_CURVE ( 'NONE', #3250, #7224, #5082, .T. ) ;
#4132 = ADVANCED_FACE ( 'NONE', ( #359 ), #3921, .F. ) ;
#4133 = AXIS2_PLACEMENT_3D ( 'NONE', #6919, #352, #7578 ) ;
#4134 = CARTESIAN_POINT ( 'NONE',  ( 1.875000000000000000, -0.8000000000000000444, -0.1881966011250000015 ) ) ;
#4135 = ORIENTED_EDGE ( 'NONE', *, *, #3218, .F. ) ;
#4136 = CARTESIAN_POINT ( 'NONE',  ( -2.103333680642395009, -0.9438888888888889994, 2.299979161239489756 ) ) ;
#4137 = LINE ( 'NONE', #6289, #5636 ) ;
#4138 = ORIENTED_EDGE ( 'NONE', *, *, #7137, .F. ) ;
#4139 = ORIENTED_EDGE ( 'NONE', *, *, #2681, .T. ) ;
#4140 = LINE ( 'NONE', #3517, #319 ) ;
#4141 = VECTOR ( 'NONE', #1700, 1000.000000000000000 ) ;
#4142 = VECTOR ( 'NONE', #3100, 1000.000000000000000 ) ;
#4143 = DIRECTION ( 'NONE',  ( 0.000000000000000000, -1.000000000000000000, 0.000000000000000000 ) ) ;
#4144 = ORIENTED_EDGE ( 'NONE', *, *, #2833, .T. ) ;
#4145 = EDGE_CURVE ( 'NONE', #2595, #2307, #2735, .T. ) ;
#4146 = AXIS2_PLACEMENT_3D ( 'NONE', #5362, #7669, #4781 ) ;
#4147 = AXIS2_PLACEMENT_3D ( 'NONE', #1411, #2585, #1967 ) ;
#4148 = DIRECTION ( 'NONE',  ( 0.000000000000000000, 0.000000000000000000, -1.000000000000000000 ) ) ;
#4149 = CARTESIAN_POINT ( 'NONE',  ( 1.275000000000000133, 0.3499999999999999778, 0.000000000000000000 ) ) ;
#4150 = CARTESIAN_POINT ( 'NONE',  ( -1.925000000000000044, -0.3750000000000000000, 2.100000000000000089 ) ) ;
#4151 = LINE ( 'NONE', #6535, #3767 ) ;
#4152 = CIRCLE ( 'NONE', #5634, 0.1000000000000000472 ) ;
#4153 = VECTOR ( 'NONE', #6758, 1000.000000000000000 ) ;
#4154 = EDGE_CURVE ( 'NONE', #6906, #4998, #5539, .T. ) ;
#4155 = ORIENTED_EDGE ( 'NONE', *, *, #5967, .F. ) ;
#4156 = CIRCLE ( 'NONE', #1789, 0.1000000000000000472 ) ;
#4157 = DIRECTION ( 'NONE',  ( 1.000000000000000000, 0.000000000000000000, 0.000000000000000000 ) ) ;
#4158 = CARTESIAN_POINT ( 'NONE',  ( -0.2650000000000000133, -0.6849999999999999423, 0.7500000000000000000 ) ) ;
#4159 = ORIENTED_EDGE ( 'NONE', *, *, #7698, .F. ) ;
#4160 = SPHERICAL_SURFACE ( 'NONE', #7626, 0.1000000000000000056 ) ;
#4161 = EDGE_LOOP ( 'NONE', ( #7247, #6482, #4739 ) ) ;
#4162 = DIRECTION ( 'NONE',  ( 0.000000000000000000, 0.000000000000000000, 1.000000000000000000 ) ) ;
#4163 = CARTESIAN_POINT ( 'NONE',  ( 1.850000000000000089, 0.2999999999999999889, 2.330000000000000071 ) ) ;
#4164 = VECTOR ( 'NONE', #2682, 1000.000000000000000 ) ;
#4165 = ORIENTED_EDGE ( 'NONE', *, *, #6513, .F. ) ;
#4166 = ORIENTED_EDGE ( 'NONE', *, *, #7269, .T. ) ;
#4167 = DIRECTION ( 'NONE',  ( -1.000000000000000000, 0.000000000000000000, 0.000000000000000000 ) ) ;
#4168 = ORIENTED_EDGE ( 'NONE', *, *, #1544, .F. ) ;
#4169 = AXIS2_PLACEMENT_3D ( 'NONE', #7613, #591, #2972 ) ;
#4170 = CARTESIAN_POINT ( 'NONE',  ( 2.075000000000000178, 0.000000000000000000, 2.299999999999999822 ) ) ;
#4171 = DIRECTION ( 'NONE',  ( 0.000000000000000000, 0.000000000000000000, -1.000000000000000000 ) ) ;
#4172 = ORIENTED_EDGE ( 'NONE', *, *, #398, .F. ) ;
#4173 = EDGE_CURVE ( 'NONE', #6189, #4891, #7153, .T. ) ;
#4174 = CARTESIAN_POINT ( 'NONE',  ( -0.5748020454931664913, 0.7276259650513098309, 0.3047917905555170281 ) ) ;
#4175 = AXIS2_PLACEMENT_3D ( 'NONE', #4925, #7265, #2470 ) ;
#4176 = CARTESIAN_POINT ( 'NONE',  ( 0.7500000000000000000, -0.5150000000000000133, 0.7500000000000000000 ) ) ;
#4177 = ORIENTED_EDGE ( 'NONE', *, *, #5415, .T. ) ;
#4178 = DIRECTION ( 'NONE',  ( 1.000000000000000000, 0.000000000000000000, 0.000000000000000000 ) ) ;
#4179 = DIRECTION ( 'NONE',  ( -1.000000000000000000, 0.000000000000000000, 0.000000000000000000 ) ) ;
#4180 = ORIENTED_EDGE ( 'NONE', *, *, #7083, .F. ) ;
#4181 = ADVANCED_FACE ( 'NONE', ( #1400 ), #4480, .T. ) ;
#4182 = ORIENTED_EDGE ( 'NONE', *, *, #1265, .F. ) ;
#4183 = DIRECTION ( 'NONE',  ( 0.000000000000000000, 0.000000000000000000, 1.000000000000000000 ) ) ;
#4184 = EDGE_CURVE ( 'NONE', #2124, #3460, #3827, .T. ) ;
#4185 = AXIS2_PLACEMENT_3D ( 'NONE', #1587, #1042, #3429 ) ;
#4186 = CARTESIAN_POINT ( 'NONE',  ( -1.550000000008999956, -0.4500000000000000111, 2.299999999999999822 ) ) ;
#4187 = VERTEX_POINT ( 'NONE', #6864 ) ;
#4188 = VECTOR ( 'NONE', #4283, 1000.000000000000000 ) ;
#4189 = DIRECTION ( 'NONE',  ( 0.000000000000000000, 0.000000000000000000, -1.000000000000000000 ) ) ;
#4190 = CYLINDRICAL_SURFACE ( 'NONE', #3681, 0.1000000000000000472 ) ;
#4191 = LINE ( 'NONE', #1182, #5432 ) ;
#4192 = EDGE_CURVE ( 'NONE', #3893, #5850, #5575, .T. ) ;
#4193 = CARTESIAN_POINT ( 'NONE',  ( -2.095000000000000195, 0.2895950378225999877, 2.200000000000000178 ) ) ;
#4194 = VECTOR ( 'NONE', #2262, 1000.000000000000000 ) ;
#4195 = ORIENTED_EDGE ( 'NONE', *, *, #2554, .F. ) ;
#4196 = AXIS2_PLACEMENT_3D ( 'NONE', #5884, #533, #2920 ) ;
#4197 = FACE_OUTER_BOUND ( 'NONE', #1150, .T. ) ;
#4198 = DIRECTION ( 'NONE',  ( 0.03489418764677449519, 0.01744205053773274089, 0.9992387955546516709 ) ) ;
#4199 = ORIENTED_EDGE ( 'NONE', *, *, #5464, .T. ) ;
#4200 = ADVANCED_FACE ( 'NONE', ( #190 ), #6229, .F. ) ;
#4201 = FACE_OUTER_BOUND ( 'NONE', #1327, .T. ) ;
#4202 = VERTEX_POINT ( 'NONE', #3233 ) ;
#4203 = CARTESIAN_POINT ( 'NONE',  ( 1.399999999999999911, -0.2999999999835309961, 2.299999999999999822 ) ) ;
#4204 = CIRCLE ( 'NONE', #2070, 0.09999999999999982514 ) ;
#4205 = VERTEX_POINT ( 'NONE', #6161 ) ;
#4206 = ORIENTED_EDGE ( 'NONE', *, *, #2984, .F. ) ;
#4207 = DIRECTION ( 'NONE',  ( 0.000000000000000000, 1.000000000000000000, 0.000000000000000000 ) ) ;
#4208 = EDGE_LOOP ( 'NONE', ( #4104, #3860, #7424, #6732 ) ) ;
#4209 = CIRCLE ( 'NONE', #91, 0.07000000000000018707 ) ;
#4210 = CARTESIAN_POINT ( 'NONE',  ( 2.095000000000000195, 0.2895950378225999877, 2.100000000000000089 ) ) ;
#4211 = CARTESIAN_POINT ( 'NONE',  ( -0.9509890509853829998, 0.5000000000000000000, 3.403489949619245003 ) ) ;
#4212 = VERTEX_POINT ( 'NONE', #5605 ) ;
#4213 = DIRECTION ( 'NONE',  ( 1.000000000000000000, 0.000000000000000000, 0.000000000000000000 ) ) ;
#4214 = CARTESIAN_POINT ( 'NONE',  ( -1.899999999999999911, -0.3499999999999999778, 2.100000000000000089 ) ) ;
#4215 = ORIENTED_EDGE ( 'NONE', *, *, #4744, .F. ) ;
#4216 = CARTESIAN_POINT ( 'NONE',  ( 2.000000000000000000, -0.2999999999999999889, 2.299999999999999822 ) ) ;
#4217 = DIRECTION ( 'NONE',  ( 1.000000000000000000, 0.000000000000000000, 0.000000000000000000 ) ) ;
#4218 = ORIENTED_EDGE ( 'NONE', *, *, #5023, .T. ) ;
#4219 = ORIENTED_EDGE ( 'NONE', *, *, #259, .T. ) ;
#4220 = CARTESIAN_POINT ( 'NONE',  ( -2.115308249945747843, -0.3354088153607619471, 2.299413283117245133 ) ) ;
#4221 = DIRECTION ( 'NONE',  ( -0.9993908270190960952, 0.000000000000000000, 0.03489949670249306579 ) ) ;
#4222 = CARTESIAN_POINT ( 'NONE',  ( -1.930000000000000160, 0.2999999999797339778, 2.399999999999999911 ) ) ;
#4223 = VERTEX_POINT ( 'NONE', #305 ) ;
#4224 = EDGE_CURVE ( 'NONE', #544, #3230, #5907, .T. ) ;
#4225 = ADVANCED_FACE ( 'NONE', ( #6747 ), #6197, .F. ) ;
#4226 = PLANE ( 'NONE',  #7044 ) ;
#4227 = PLANE ( 'NONE',  #443 ) ;
#4228 = CARTESIAN_POINT ( 'NONE',  ( 2.100000000000000089, 0.4000000000000000222, 2.100000000000000089 ) ) ;
#4229 = ADVANCED_FACE ( 'NONE', ( #7450 ), #4988, .T. ) ;
#4230 = ORIENTED_EDGE ( 'NONE', *, *, #568, .T. ) ;
#4231 = DIRECTION ( 'NONE',  ( 0.000000000000000000, 0.000000000000000000, 1.000000000000000000 ) ) ;
#4232 = FACE_OUTER_BOUND ( 'NONE', #6865, .T. ) ;
#4233 = ORIENTED_EDGE ( 'NONE', *, *, #1791, .F. ) ;
#4234 = LINE ( 'NONE', #1736, #5620 ) ;
#4235 = VERTEX_POINT ( 'NONE', #6124 ) ;
#4236 = DIRECTION ( 'NONE',  ( 0.000000000000000000, 1.000000000000000000, 0.000000000000000000 ) ) ;
#4237 = DIRECTION ( 'NONE',  ( 1.000000000000000000, 0.000000000000000000, 0.000000000000000000 ) ) ;
#4238 = ADVANCED_FACE ( 'NONE', ( #4960 ), #932, .F. ) ;
#4239 = EDGE_LOOP ( 'NONE', ( #1639, #7045, #2999, #3353, #5127, #7593, #4155, #3908, #611, #6424, #889, #5568, #2601, #1486, #3297, #5441, #6947, #580 ) ) ;
#4240 = ORIENTED_EDGE ( 'NONE', *, *, #4852, .T. ) ;
#4241 = DIRECTION ( 'NONE',  ( 0.000000000000000000, 0.000000000000000000, -1.000000000000000000 ) ) ;
#4242 = ORIENTED_EDGE ( 'NONE', *, *, #211, .T. ) ;
#4243 = DIRECTION ( 'NONE',  ( 0.000000000000000000, 0.000000000000000000, -1.000000000000000000 ) ) ;
#4244 = CARTESIAN_POINT ( 'NONE',  ( -1.925000000000000044, 0.3750000000000000000, 2.100000000000000089 ) ) ;
#4245 = EDGE_LOOP ( 'NONE', ( #5395, #2914, #5845, #3742 ) ) ;
#4246 = CARTESIAN_POINT ( 'NONE',  ( 0.000000000000000000, 0.000000000000000000, 0.000000000000000000 ) ) ;
#4247 = ORIENTED_EDGE ( 'NONE', *, *, #3119, .F. ) ;
#4248 = ADVANCED_FACE ( 'NONE', ( #3318 ), #4443, .F. ) ;
#4249 = CARTESIAN_POINT ( 'NONE',  ( -1.032310988842999988, 0.5000000000000000000, 2.000000000000000000 ) ) ;
#4250 = ORIENTED_EDGE ( 'NONE', *, *, #7358, .F. ) ;
#4251 = DIRECTION ( 'NONE',  ( 1.000000000000000000, 0.000000000000000000, 0.000000000000000000 ) ) ;
#4252 = CARTESIAN_POINT ( 'NONE',  ( 1.399999999999999911, 0.2999999999999999889, 2.299999999999999822 ) ) ;
#4253 = ORIENTED_EDGE ( 'NONE', *, *, #3989, .F. ) ;
#4254 = ORIENTED_EDGE ( 'NONE', *, *, #2248, .T. ) ;
#4255 = CARTESIAN_POINT ( 'NONE',  ( -2.176543619725733070, -0.3737546133158198836, 2.285035112070613383 ) ) ;
#4256 = CARTESIAN_POINT ( 'NONE',  ( -2.194999999999999840, -0.3750000000000000000, 2.170710678118999759 ) ) ;
#4257 = CARTESIAN_POINT ( 'NONE',  ( -1.849999999975465048, 0.3800000000000000044, 2.399999999999999911 ) ) ;
#4258 = VERTEX_POINT ( 'NONE', #2644 ) ;
#4259 = AXIS2_PLACEMENT_3D ( 'NONE', #7517, #7015, #4009 ) ;
#4260 = VECTOR ( 'NONE', #7496, 1000.000000000000000 ) ;
#4261 = CARTESIAN_POINT ( 'NONE',  ( 1.858677673624999915, 0.3800000000000000044, 2.399999999999999911 ) ) ;
#4262 = AXIS2_PLACEMENT_3D ( 'NONE', #2152, #2073, #4451 ) ;
#4263 = CARTESIAN_POINT ( 'NONE',  ( -0.5538995006676710187, -0.4961004193718890898, 0.3720083874386089784 ) ) ;
#4264 = DIRECTION ( 'NONE',  ( 0.000000000000000000, 1.000000000000000000, 0.000000000000000000 ) ) ;
#4265 = EDGE_CURVE ( 'NONE', #4011, #4677, #6716, .T. ) ;
#4266 = AXIS2_PLACEMENT_3D ( 'NONE', #2167, #7550, #5210 ) ;
#4267 = VECTOR ( 'NONE', #2133, 1000.000000000000000 ) ;
#4268 = ORIENTED_EDGE ( 'NONE', *, *, #4756, .F. ) ;
#4269 = CARTESIAN_POINT ( 'NONE',  ( -1.500000000000000000, -0.2500000000000000000, 2.299999999999999822 ) ) ;
#4270 = PLANE ( 'NONE',  #2151 ) ;
#4271 = ORIENTED_EDGE ( 'NONE', *, *, #2976, .T. ) ;
#4272 = VECTOR ( 'NONE', #6491, 1000.000000000000000 ) ;
#4273 = VECTOR ( 'NONE', #3457, 1000.000000000000000 ) ;
#4274 = DIRECTION ( 'NONE',  ( 0.000000000000000000, 1.000000000000000000, 0.000000000000000000 ) ) ;
#4275 = ADVANCED_FACE ( 'NONE', ( #7340 ), #5025, .T. ) ;
#4276 = CARTESIAN_POINT ( 'NONE',  ( -2.250000000000000000, 0.9000000000000000222, 0.000000000000000000 ) ) ;
#4277 = EDGE_CURVE ( 'NONE', #2000, #1744, #6826, .T. ) ;
#4278 = LINE ( 'NONE', #5403, #7026 ) ;
#4279 = CIRCLE ( 'NONE', #2407, 0.2999999999999999334 ) ;
#4280 = VECTOR ( 'NONE', #2966, 1000.000000000000000 ) ;
#4281 = CARTESIAN_POINT ( 'NONE',  ( -1.550000000005320011, 0.3800000000000000044, 2.330000000000000071 ) ) ;
#4282 = ORIENTED_EDGE ( 'NONE', *, *, #3475, .T. ) ;
#4283 = DIRECTION ( 'NONE',  ( 1.000000000000000000, 0.000000000000000000, 0.000000000000000000 ) ) ;
#4284 = DIRECTION ( 'NONE',  ( 0.000000000000000000, 0.000000000000000000, 1.000000000000000000 ) ) ;
#4285 = ORIENTED_EDGE ( 'NONE', *, *, #3098, .F. ) ;
#4286 = CARTESIAN_POINT ( 'NONE',  ( -0.5540493129827805951, 0.7041274530909999996, 0.3690137403439990305 ) ) ;
#4287 = EDGE_CURVE ( 'NONE', #5559, #767, #1990, .T. ) ;
#4288 = CIRCLE ( 'NONE', #2034, 0.07000000000000018707 ) ;
#4289 = ORIENTED_EDGE ( 'NONE', *, *, #1524, .F. ) ;
#4290 = VECTOR ( 'NONE', #6211, 1000.000000000000000 ) ;
#4291 = ORIENTED_EDGE ( 'NONE', *, *, #3092, .T. ) ;
#4292 = DIRECTION ( 'NONE',  ( 0.000000000000000000, -1.000000000000000000, 0.000000000000000000 ) ) ;
#4293 = CARTESIAN_POINT ( 'NONE',  ( -2.194999999999999840, 0.2895950378225999877, 2.100000000000000089 ) ) ;
#4294 = CARTESIAN_POINT ( 'NONE',  ( -2.200000000000000178, -0.3750000000000000000, 2.100000000000000089 ) ) ;
#4295 = ORIENTED_EDGE ( 'NONE', *, *, #3002, .F. ) ;
#4296 = ORIENTED_EDGE ( 'NONE', *, *, #1349, .T. ) ;
#4297 = DIRECTION ( 'NONE',  ( 0.000000000000000000, -1.000000000000000000, 0.000000000000000000 ) ) ;
#4298 = EDGE_CURVE ( 'NONE', #2928, #4007, #5647, .T. ) ;
#4299 = PLANE ( 'NONE',  #4892 ) ;
#4300 = AXIS2_PLACEMENT_3D ( 'NONE', #2269, #6489, #2938 ) ;
#4301 = ORIENTED_EDGE ( 'NONE', *, *, #7112, .T. ) ;
#4302 = CIRCLE ( 'NONE', #4175, 0.09999999999999982514 ) ;
#4303 = CARTESIAN_POINT ( 'NONE',  ( 2.100000000000000089, -0.9416666666666660968, 2.299999999999999822 ) ) ;
#4304 = DIRECTION ( 'NONE',  ( -0.000000000000000000, 0.9987523388778447586, 0.04993761694389219075 ) ) ;
#4305 = CARTESIAN_POINT ( 'NONE',  ( -1.849999999971450038, 0.3799999999999374989, 2.399999999999999911 ) ) ;
#4306 = CIRCLE ( 'NONE', #3435, 0.2999999999999999334 ) ;
#4307 = CARTESIAN_POINT ( 'NONE',  ( 0.8510122711728885792, 0.4755443076029682303, 3.400819942806692087 ) ) ;
#4308 = DIRECTION ( 'NONE',  ( -1.000000000000000000, 0.000000000000000000, 0.000000000000000000 ) ) ;
#4309 = CYLINDRICAL_SURFACE ( 'NONE', #896, 0.2000000000000000944 ) ;
#4310 = ORIENTED_EDGE ( 'NONE', *, *, #110, .T. ) ;
#4311 = DIRECTION ( 'NONE',  ( 1.000000000000000000, 0.000000000000000000, 0.000000000000000000 ) ) ;
#4312 = FACE_OUTER_BOUND ( 'NONE', #3374, .T. ) ;
#4313 = DIRECTION ( 'NONE',  ( 0.000000000000000000, 0.000000000000000000, -1.000000000000000000 ) ) ;
#4314 = AXIS2_PLACEMENT_3D ( 'NONE', #3280, #2031, #6867 ) ;
#4315 = EDGE_CURVE ( 'NONE', #1207, #967, #282, .T. ) ;
#4316 = EDGE_CURVE ( 'NONE', #4014, #816, #6886, .T. ) ;
#4317 = LINE ( 'NONE', #2005, #6635 ) ;
#4318 = ORIENTED_EDGE ( 'NONE', *, *, #6760, .F. ) ;
#4319 = DIRECTION ( 'NONE',  ( 0.000000000000000000, -1.000000000000000000, 0.000000000000000000 ) ) ;
#4320 = DIRECTION ( 'NONE',  ( 0.000000000000000000, 0.000000000000000000, -1.000000000000000000 ) ) ;
#4321 = EDGE_LOOP ( 'NONE', ( #6666, #1721, #2096 ) ) ;
#4322 = CARTESIAN_POINT ( 'NONE',  ( -0.5574784945321240581, 0.1074784945321241025, 0.3004301093584688109 ) ) ;
#4323 = TOROIDAL_SURFACE ( 'NONE', #1330, 0.2000000000000000111, 0.1000000000000000056 ) ;
#4324 = EDGE_CURVE ( 'NONE', #7145, #2747, #4785, .T. ) ;
#4325 = AXIS2_PLACEMENT_3D ( 'NONE', #236, #205, #6801 ) ;
#4326 = ORIENTED_EDGE ( 'NONE', *, *, #2575, .F. ) ;
#4327 =( NAMED_UNIT ( * ) SI_UNIT ( $, .STERADIAN. ) SOLID_ANGLE_UNIT ( ) );
#4328 = CARTESIAN_POINT ( 'NONE',  ( -2.100000000000000089, -0.4000000000000000222, 2.100000000000000089 ) ) ;
#4329 = DIRECTION ( 'NONE',  ( 0.000000000000000000, 0.000000000000000000, 1.000000000000000000 ) ) ;
#4330 = ORIENTED_EDGE ( 'NONE', *, *, #2039, .F. ) ;
#4331 = DIRECTION ( 'NONE',  ( 0.000000000000000000, -1.000000000000000000, 0.000000000000000000 ) ) ;
#4332 = CARTESIAN_POINT ( 'NONE',  ( -1.858677673624999915, -0.3800000000000000044, 2.330000000000000071 ) ) ;
#4333 = CARTESIAN_POINT ( 'NONE',  ( -1.920883117540049145, 0.4210050506556208827, 2.399999999999999023 ) ) ;
#4334 = ORIENTED_EDGE ( 'NONE', *, *, #3509, .F. ) ;
#4335 = EDGE_CURVE ( 'NONE', #1837, #3358, #2292, .T. ) ;
#4336 = CARTESIAN_POINT ( 'NONE',  ( -0.2650000000000000133, -0.5150000000000000133, 0.7500000000000000000 ) ) ;
#4337 = EDGE_LOOP ( 'NONE', ( #304, #1200, #6852, #2442 ) ) ;
#4338 = CARTESIAN_POINT ( 'NONE',  ( 2.103333680642389680, -0.9438888888888880002, 2.299979161239489756 ) ) ;
#4339 = PLANE ( 'NONE',  #5054 ) ;
#4340 = CARTESIAN_POINT ( 'NONE',  ( -0.9499999999999999556, -0.5000000000000000000, 2.100000000000000089 ) ) ;
#4341 = EDGE_CURVE ( 'NONE', #6435, #7127, #7506, .T. ) ;
#4342 = DIRECTION ( 'NONE',  ( -1.000000000000000000, 0.000000000000000000, 0.000000000000000000 ) ) ;
#4343 = LINE ( 'NONE', #2037, #7503 ) ;
#4344 = ORIENTED_EDGE ( 'NONE', *, *, #1884, .T. ) ;
#4345 = PLANE ( 'NONE',  #5624 ) ;
#4346 = LINE ( 'NONE', #747, #1964 ) ;
#4347 = CARTESIAN_POINT ( 'NONE',  ( 0.5745712183416812335, 0.4726265957894376091, 0.3051491504438674784 ) ) ;
#4348 = CARTESIAN_POINT ( 'NONE',  ( -0.9965078189503984163, -0.4568596653563730126, 2.099999999999998312 ) ) ;
#4349 = ORIENTED_EDGE ( 'NONE', *, *, #7002, .T. ) ;
#4350 = DIRECTION ( 'NONE',  ( 1.850848880207040227E-14, -1.850848880390555148E-14, 1.000000000000000000 ) ) ;
#4351 = ORIENTED_EDGE ( 'NONE', *, *, #3283, .F. ) ;
#4352 = DIRECTION ( 'NONE',  ( 0.000000000000000000, 0.000000000000000000, -1.000000000000000000 ) ) ;
#4353 = EDGE_CURVE ( 'NONE', #7245, #7283, #1612, .T. ) ;
#4354 = EDGE_CURVE ( 'NONE', #7081, #1178, #1793, .T. ) ;
#4355 = ORIENTED_EDGE ( 'NONE', *, *, #5129, .F. ) ;
#4356 = DIRECTION ( 'NONE',  ( 0.000000000000000000, 0.000000000000000000, 1.000000000000000000 ) ) ;
#4357 = ORIENTED_EDGE ( 'NONE', *, *, #6883, .T. ) ;
#4358 = CARTESIAN_POINT ( 'NONE',  ( 1.399999999999999911, 0.2999999999918754878, 2.299999999999999822 ) ) ;
#4359 = CARTESIAN_POINT ( 'NONE',  ( 0.6836623985643000001, -0.2336623985642999890, 0.2500000000000000000 ) ) ;
#4360 = VERTEX_POINT ( 'NONE', #7547 ) ;
#4361 = ORIENTED_EDGE ( 'NONE', *, *, #1290, .T. ) ;
#4362 = CARTESIAN_POINT ( 'NONE',  ( 0.5540493129827800400, -0.4958718802752545285, 0.3690137403439990305 ) ) ;
#4363 = PRODUCT_DEFINITION_CONTEXT ( 'detailed design', #7612, 'design' ) ;
#4364 = CARTESIAN_POINT ( 'NONE',  ( 1.275000000000000133, 0.000000000000000000, 0.000000000000000000 ) ) ;
#4365 = EDGE_CURVE ( 'NONE', #2769, #7694, #6298, .T. ) ;
#4366 = EDGE_CURVE ( 'NONE', #5984, #3826, #325, .T. ) ;
#4367 = CARTESIAN_POINT ( 'NONE',  ( 1.375000000000000000, 0.5000000000000000000, -0.009603111705303998477 ) ) ;
#4368 = EDGE_LOOP ( 'NONE', ( #5540, #2977, #2246, #687 ) ) ;
#4369 = CARTESIAN_POINT ( 'NONE',  ( 0.9509890507715169639, -0.3755480305921239936, 3.403489955742990070 ) ) ;
#4370 = CARTESIAN_POINT ( 'NONE',  ( 1.375000000000000000, 0.5000000000000000000, 0.5000000000000000000 ) ) ;
#4371 = VECTOR ( 'NONE', #4356, 1000.000000000000000 ) ;
#4372 = DIRECTION ( 'NONE',  ( -0.9987523388778447586, 0.000000000000000000, 0.04993761694389219075 ) ) ;
#4373 = ADVANCED_FACE ( 'NONE', ( #404 ), #2702, .T. ) ;
#4374 = VECTOR ( 'NONE', #4396, 1000.000000000000000 ) ;
#4375 = CARTESIAN_POINT ( 'NONE',  ( -0.5538245945101090140, 0.4961754054898509514, 0.3735081097978219522 ) ) ;
#4376 = DIRECTION ( 'NONE',  ( 0.000000000000000000, -1.000000000000000000, 0.000000000000000000 ) ) ;
#4377 = VERTEX_POINT ( 'NONE', #2120 ) ;
#4378 = CARTESIAN_POINT ( 'NONE',  ( 0.2650000000000000133, 0.9000000000000000222, 0.7500000000000000000 ) ) ;
#4379 = CARTESIAN_POINT ( 'NONE',  ( -1.399999999999999911, 0.2999999999989754751, 2.330000000000000071 ) ) ;
#4380 = EDGE_CURVE ( 'NONE', #1586, #3114, #1536, .T. ) ;
#4381 = VECTOR ( 'NONE', #4116, 1000.000000000000000 ) ;
#4382 = CARTESIAN_POINT ( 'NONE',  ( 1.275000000000000133, -0.3499999999999999778, 0.000000000000000000 ) ) ;
#4383 = VECTOR ( 'NONE', #5761, 1000.000000000000000 ) ;
#4384 = VECTOR ( 'NONE', #1766, 1000.000000000000000 ) ;
#4385 = VECTOR ( 'NONE', #1188, 1000.000000000000227 ) ;
#4386 = CARTESIAN_POINT ( 'NONE',  ( 1.850000000000000089, 0.2999999999999999889, 2.330000000000000071 ) ) ;
#4387 = ORIENTED_EDGE ( 'NONE', *, *, #3651, .F. ) ;
#4388 = LINE ( 'NONE', #2665, #5261 ) ;
#4389 = EDGE_LOOP ( 'NONE', ( #3401, #7670, #6555, #2415 ) ) ;
#4390 = FACE_OUTER_BOUND ( 'NONE', #6272, .T. ) ;
#4391 = VECTOR ( 'NONE', #4264, 1000.000000000000000 ) ;
#4392 = VERTEX_POINT ( 'NONE', #2204 ) ;
#4393 = VECTOR ( 'NONE', #1588, 1000.000000000000114 ) ;
#4394 = LINE ( 'NONE', #3779, #4371 ) ;
#4395 = EDGE_CURVE ( 'NONE', #4397, #6401, #4584, .T. ) ;
#4396 = DIRECTION ( 'NONE',  ( 0.000000000000000000, -1.000000000000000000, 0.000000000000000000 ) ) ;
#4397 = VERTEX_POINT ( 'NONE', #6376 ) ;
#4398 = VECTOR ( 'NONE', #1195, 1000.000000000000000 ) ;
#4399 = CARTESIAN_POINT ( 'NONE',  ( -0.5540493129827800400, 0.9009336148352999896, 0.3690137403439990305 ) ) ;
#4400 = CARTESIAN_POINT ( 'NONE',  ( 2.044999999999999929, -0.9050000000000000266, 2.100000000000000089 ) ) ;
#4401 = ORIENTED_EDGE ( 'NONE', *, *, #3753, .T. ) ;
#4402 = ORIENTED_EDGE ( 'NONE', *, *, #3370, .T. ) ;
#4403 = CYLINDRICAL_SURFACE ( 'NONE', #323, 0.1000000000000000472 ) ;
#4404 = VECTOR ( 'NONE', #7003, 1000.000000000000000 ) ;
#4405 = ORIENTED_EDGE ( 'NONE', *, *, #93, .T. ) ;
#4406 = ADVANCED_FACE ( 'NONE', ( #5708 ), #1027, .T. ) ;
#4407 = CARTESIAN_POINT ( 'NONE',  ( 0.8474851575502999612, -0.3737658139923999978, 3.502082823009000201 ) ) ;
#4408 = VERTEX_POINT ( 'NONE', #1458 ) ;
#4409 = ADVANCED_FACE ( 'NONE', ( #868 ), #3248, .T. ) ;
#4410 = CARTESIAN_POINT ( 'NONE',  ( -0.5540493129827805951, 0.4958725469090010107, 0.3690137403439992525 ) ) ;
#4411 = DIRECTION ( 'NONE',  ( 1.000000000000000000, 0.000000000000000000, 0.000000000000000000 ) ) ;
#4412 = VECTOR ( 'NONE', #4231, 1000.000000000000000 ) ;
#4413 = LINE ( 'NONE', #4927, #4391 ) ;
#4414 = VECTOR ( 'NONE', #4528, 1000.000000000000000 ) ;
#4415 = CARTESIAN_POINT ( 'NONE',  ( 2.120000000000000107, 0.4749999999999999778, 2.299999999999999822 ) ) ;
#4416 = EDGE_CURVE ( 'NONE', #5992, #960, #915, .T. ) ;
#4417 = CARTESIAN_POINT ( 'NONE',  ( 0.7500000000000000000, -0.6849999999999999423, 0.7500000000000000000 ) ) ;
#4418 = CARTESIAN_POINT ( 'NONE',  ( -0.6499999999999869216, -0.3499999999999999778, 0.2500000000000000000 ) ) ;
#4419 = ORIENTED_EDGE ( 'NONE', *, *, #3226, .T. ) ;
#4420 = DIRECTION ( 'NONE',  ( 1.000000000000000000, 0.000000000000000000, 0.000000000000000000 ) ) ;
#4421 = CARTESIAN_POINT ( 'NONE',  ( 0.5540493129827800400, 0.7041281197247462043, 0.3690137403439990305 ) ) ;
#4422 = CIRCLE ( 'NONE', #4929, 0.07999999999635555581 ) ;
#4423 = DIRECTION ( 'NONE',  ( 0.000000000000000000, 0.000000000000000000, -1.000000000000000000 ) ) ;
#4424 = EDGE_LOOP ( 'NONE', ( #3182, #2253, #3852, #3471, #4254, #3785, #5954, #1677 ) ) ;
#4425 = EDGE_CURVE ( 'NONE', #1837, #4788, #1492, .T. ) ;
#4426 = CIRCLE ( 'NONE', #1196, 0.1000000000000000472 ) ;
#4427 = DIRECTION ( 'NONE',  ( -1.000000000000000000, 0.000000000000000000, 0.000000000000000000 ) ) ;
#4428 = CARTESIAN_POINT ( 'NONE',  ( -1.899999999999999911, 0.09682458365518560595, 2.100000000000000089 ) ) ;
#4429 = ORIENTED_EDGE ( 'NONE', *, *, #4736, .T. ) ;
#4430 = CARTESIAN_POINT ( 'NONE',  ( 0.8965076753663588915, 0.4982544935070320480, 2.100000000000000089 ) ) ;
#4431 = VERTEX_POINT ( 'NONE', #1105 ) ;
#4432 = CARTESIAN_POINT ( 'NONE',  ( 0.1895068923539618422, 0.7604931076460386130, 0.2499999999999997224 ) ) ;
#4433 = AXIS2_PLACEMENT_3D ( 'NONE', #4105, #1052, #4024 ) ;
#4434 = DIRECTION ( 'NONE',  ( 0.000000000000000000, 0.000000000000000000, -1.000000000000000000 ) ) ;
#4435 = CARTESIAN_POINT ( 'NONE',  ( -0.5538245945101080148, -0.7038245945101490042, 0.3735081097978244502 ) ) ;
#4436 = VECTOR ( 'NONE', #2101, 1000.000000000000000 ) ;
#4437 = DIRECTION ( 'NONE',  ( 1.000000000000000000, 0.000000000000000000, 0.000000000000000000 ) ) ;
#4438 = CARTESIAN_POINT ( 'NONE',  ( 0.6104931076458645078, -0.1604931076458645245, 0.2500000000000000555 ) ) ;
#4439 = ORIENTED_EDGE ( 'NONE', *, *, #858, .F. ) ;
#4440 = ORIENTED_EDGE ( 'NONE', *, *, #7137, .T. ) ;
#4441 = DIRECTION ( 'NONE',  ( 0.000000000000000000, 0.000000000000000000, -1.000000000000000000 ) ) ;
#4442 = CIRCLE ( 'NONE', #2821, 0.09999999999999982514 ) ;
#4443 = PLANE ( 'NONE',  #7399 ) ;
#4444 = VERTEX_POINT ( 'NONE', #7622 ) ;
#4445 = CARTESIAN_POINT ( 'NONE',  ( 1.525000000000000133, -0.9499999999999999556, -0.1881966011250000015 ) ) ;
#4446 = ORIENTED_EDGE ( 'NONE', *, *, #6000, .F. ) ;
#4447 = CYLINDRICAL_SURFACE ( 'NONE', #576, 0.1000000000000000472 ) ;
#4448 = LINE ( 'NONE', #2688, #3273 ) ;
#4449 = EDGE_CURVE ( 'NONE', #6770, #3597, #3013, .T. ) ;
#4450 = EDGE_CURVE ( 'NONE', #4015, #138, #1227, .T. ) ;
#4451 = DIRECTION ( 'NONE',  ( 0.000000000000000000, -1.000000000000000000, -1.626303258728307454E-14 ) ) ;
#4452 = LINE ( 'NONE', #7494, #919 ) ;
#4453 = DIRECTION ( 'NONE',  ( 0.000000000000000000, 0.000000000000000000, -1.000000000000000000 ) ) ;
#4454 = ORIENTED_EDGE ( 'NONE', *, *, #5914, .T. ) ;
#4455 = DIRECTION ( 'NONE',  ( 0.000000000000000000, 1.000000000000000000, 0.000000000000000000 ) ) ;
#4456 = DIRECTION ( 'NONE',  ( -0.9987523388778447586, 0.000000000000000000, 0.04993761694389219075 ) ) ;
#4457 = PLANE ( 'NONE',  #6319 ) ;
#4458 = DIRECTION ( 'NONE',  ( 0.000000000000000000, 0.000000000000000000, -1.000000000000000000 ) ) ;
#4459 = EDGE_CURVE ( 'NONE', #285, #4408, #5864, .T. ) ;
#4460 = ORIENTED_EDGE ( 'NONE', *, *, #4699, .F. ) ;
#4461 = DIRECTION ( 'NONE',  ( 1.000000000000000000, 0.000000000000000000, 0.000000000000000000 ) ) ;
#4462 = CARTESIAN_POINT ( 'NONE',  ( 1.899999999999999911, -0.09682458365518460675, 2.100000000000000089 ) ) ;
#4463 = ORIENTED_EDGE ( 'NONE', *, *, #299, .F. ) ;
#4464 = CARTESIAN_POINT ( 'NONE',  ( -0.8500000000151000101, -1.199999999999999956, 1.399999999999999911 ) ) ;
#4465 = ORIENTED_EDGE ( 'NONE', *, *, #4994, .T. ) ;
#4466 = CARTESIAN_POINT ( 'NONE',  ( 0.9001760548200999912, 0.4001032357147000229, 1.993212943085999722 ) ) ;
#4467 = DIRECTION ( 'NONE',  ( 0.000000000000000000, 1.445602896647339508E-15, 1.000000000000000000 ) ) ;
#4468 = EDGE_CURVE ( 'NONE', #7207, #6421, #7046, .T. ) ;
#4469 = CARTESIAN_POINT ( 'NONE',  ( -0.5540493129827805951, 0.4958725469090010107, 0.3690137403439992525 ) ) ;
#4470 = DIRECTION ( 'NONE',  ( 0.000000000000000000, -1.000000000000000000, 0.000000000000000000 ) ) ;
#4471 = CARTESIAN_POINT ( 'NONE',  ( -2.100000000000000089, -0.9449999999999999512, 1.500000000000000000 ) ) ;
#4472 = ORIENTED_EDGE ( 'NONE', *, *, #1723, .F. ) ;
#4473 = CARTESIAN_POINT ( 'NONE',  ( 2.100000000000000089, 0.000000000000000000, 2.299999999999999822 ) ) ;
#4474 = LINE ( 'NONE', #339, #4775 ) ;
#4475 = ORIENTED_EDGE ( 'NONE', *, *, #1979, .T. ) ;
#4476 = VERTEX_POINT ( 'NONE', #5357 ) ;
#4477 = FACE_OUTER_BOUND ( 'NONE', #5883, .T. ) ;
#4478 = EDGE_CURVE ( 'NONE', #4536, #4011, #6903, .T. ) ;
#4479 = VERTEX_POINT ( 'NONE', #1187 ) ;
#4480 = PLANE ( 'NONE',  #5024 ) ;
#4481 = EDGE_LOOP ( 'NONE', ( #883, #1695, #4729, #427, #6507, #2488, #300, #1878 ) ) ;
#4482 = FACE_OUTER_BOUND ( 'NONE', #172, .T. ) ;
#4483 = PRODUCT_RELATED_PRODUCT_CATEGORY ( 'part', '', ( #7586 ) ) ;
#4484 = VERTEX_POINT ( 'NONE', #2278 ) ;
#4485 = CARTESIAN_POINT ( 'NONE',  ( 1.849999999973565012, -0.4500000000000000111, 2.330000000000000071 ) ) ;
#4486 = CARTESIAN_POINT ( 'NONE',  ( -0.6499135366580358619, -0.3691693836699234677, 0.2500232564856164075 ) ) ;
#4487 = DIRECTION ( 'NONE',  ( 0.000000000000000000, -1.000000000000000000, 0.000000000000000000 ) ) ;
#4488 = DIRECTION ( 'NONE',  ( 0.000000000000000000, 0.000000000000000000, 1.000000000000000000 ) ) ;
#4489 = AXIS2_PLACEMENT_3D ( 'NONE', #3891, #3305, #4470 ) ;
#4490 = EDGE_CURVE ( 'NONE', #3893, #6395, #4661, .T. ) ;
#4491 = CARTESIAN_POINT ( 'NONE',  ( 0.9499999999999999556, -0.5000000000000000000, 2.200000000000000178 ) ) ;
#4492 = ORIENTED_EDGE ( 'NONE', *, *, #4049, .T. ) ;
#4493 = LINE ( 'NONE', #6369, #2808 ) ;
#4494 = CARTESIAN_POINT ( 'NONE',  ( 2.044999999999999929, -0.9050000000000000266, 2.200000000000000178 ) ) ;
#4495 = CARTESIAN_POINT ( 'NONE',  ( -0.8500000000151000101, -1.199999999999999956, 1.700000000000000178 ) ) ;
#4496 = CARTESIAN_POINT ( 'NONE',  ( 1.850000000000000089, 0.2999999999999999889, 2.399999999999999911 ) ) ;
#4497 = VECTOR ( 'NONE', #5014, 1000.000000000000000 ) ;
#4498 = ORIENTED_EDGE ( 'NONE', *, *, #691, .F. ) ;
#4499 = CARTESIAN_POINT ( 'NONE',  ( -2.120000000000000107, 0.4749999999999999778, 2.100000000000000089 ) ) ;
#4500 = ADVANCED_FACE ( 'NONE', ( #4081 ), #17, .T. ) ;
#4501 = DIRECTION ( 'NONE',  ( 0.000000000000000000, 0.000000000000000000, -1.000000000000000000 ) ) ;
#4502 = ORIENTED_EDGE ( 'NONE', *, *, #3605, .T. ) ;
#4503 = EDGE_CURVE ( 'NONE', #2731, #6215, #6576, .T. ) ;
#4504 = AXIS2_PLACEMENT_3D ( 'NONE', #3253, #4350, #5009 ) ;
#4505 = VECTOR ( 'NONE', #4797, 1000.000000000000114 ) ;
#4506 = CARTESIAN_POINT ( 'NONE',  ( 2.112253379640000261, 0.1038245945101801959, 0.3735081097972919872 ) ) ;
#4507 = ORIENTED_EDGE ( 'NONE', *, *, #2435, .T. ) ;
#4508 = DIRECTION ( 'NONE',  ( 1.000000000000000000, 0.000000000000000000, 0.000000000000000000 ) ) ;
#4509 = PLANE ( 'NONE',  #1522 ) ;
#4510 = VECTOR ( 'NONE', #2158, 1000.000000000000000 ) ;
#4511 = VECTOR ( 'NONE', #5589, 1000.000000000000000 ) ;
#4512 = ORIENTED_EDGE ( 'NONE', *, *, #7277, .F. ) ;
#4513 = FACE_OUTER_BOUND ( 'NONE', #1353, .T. ) ;
#4514 = CARTESIAN_POINT ( 'NONE',  ( -1.949999999999999956, -0.9000000000000000222, 0.5000000000000000000 ) ) ;
#4515 = ORIENTED_EDGE ( 'NONE', *, *, #2162, .F. ) ;
#4516 = EDGE_CURVE ( 'NONE', #5991, #1124, #794, .T. ) ;
#4517 = DIRECTION ( 'NONE',  ( -1.000000000000000000, 0.000000000000000000, 0.000000000000000000 ) ) ;
#4518 = CARTESIAN_POINT ( 'NONE',  ( 1.925000000000000044, 0.1658312395178000165, 2.299999999999999822 ) ) ;
#4519 = ORIENTED_EDGE ( 'NONE', *, *, #4490, .T. ) ;
#4520 = VERTEX_POINT ( 'NONE', #1067 ) ;
#4521 = DIRECTION ( 'NONE',  ( 1.626303258709360277E-14, 9.254244403156140453E-15, -1.000000000000000000 ) ) ;
#4522 = VECTOR ( 'NONE', #1965, 1000.000000000000000 ) ;
#4523 = VECTOR ( 'NONE', #406, 1000.000000000000000 ) ;
#4524 = AXIS2_PLACEMENT_3D ( 'NONE', #7679, #4056, #5880 ) ;
#4525 = CARTESIAN_POINT ( 'NONE',  ( 2.299999999999999822, -0.3750000000000000000, 2.100000000000000089 ) ) ;
#4526 = VERTEX_POINT ( 'NONE', #4113 ) ;
#4527 = EDGE_CURVE ( 'NONE', #6331, #5244, #3535, .T. ) ;
#4528 = DIRECTION ( 'NONE',  ( 0.03489418781266317299, -0.01744177805620934080, -0.9992388003050785006 ) ) ;
#4529 = EDGE_LOOP ( 'NONE', ( #1731, #1161, #6748, #6243 ) ) ;
#4530 = DIRECTION ( 'NONE',  ( 0.000000000000000000, -1.000000000000000000, 0.000000000000000000 ) ) ;
#4531 = DIRECTION ( 'NONE',  ( 0.000000000000000000, 0.000000000000000000, 1.000000000000000000 ) ) ;
#4532 = AXIS2_PLACEMENT_3D ( 'NONE', #2085, #6844, #2740 ) ;
#4533 = ADVANCED_FACE ( 'NONE', ( #5982 ), #2901, .T. ) ;
#4534 = LINE ( 'NONE', #5157, #170 ) ;
#4535 = LINE ( 'NONE', #2654, #2025 ) ;
#4536 = VERTEX_POINT ( 'NONE', #5911 ) ;
#4537 = CARTESIAN_POINT ( 'NONE',  ( -1.875000000000000000, -0.8000000000000000444, -0.1881966011250000015 ) ) ;
#4538 = PLANE ( 'NONE',  #3523 ) ;
#4539 = CYLINDRICAL_SURFACE ( 'NONE', #2074, 0.1300000000000000044 ) ;
#4540 = CARTESIAN_POINT ( 'NONE',  ( -0.9499999999999999556, -0.5000000000000000000, 2.495600000000000041 ) ) ;
#4541 = VECTOR ( 'NONE', #6411, 1000.000000000000000 ) ;
#4542 = EDGE_CURVE ( 'NONE', #2261, #3371, #7585, .T. ) ;
#4543 = ORIENTED_EDGE ( 'NONE', *, *, #7521, .F. ) ;
#4544 = DIRECTION ( 'NONE',  ( -1.000000000000000000, 0.000000000000000000, 0.000000000000000000 ) ) ;
#4545 = CARTESIAN_POINT ( 'NONE',  ( -1.875000000000000000, -0.9000000000000000222, 0.5000000000000000000 ) ) ;
#4546 = ORIENTED_EDGE ( 'NONE', *, *, #1133, .T. ) ;
#4547 = CIRCLE ( 'NONE', #1932, 0.09999999999999982514 ) ;
#4548 = DIRECTION ( 'NONE',  ( 0.000000000000000000, 0.000000000000000000, -1.000000000000000000 ) ) ;
#4549 = ORIENTED_EDGE ( 'NONE', *, *, #1859, .T. ) ;
#4550 = CYLINDRICAL_SURFACE ( 'NONE', #5201, 0.2999999999999999334 ) ;
#4551 = CARTESIAN_POINT ( 'NONE',  ( 1.850000000000000089, 0.4500000000000000111, 2.299999999999999822 ) ) ;
#4552 = VERTEX_POINT ( 'NONE', #559 ) ;
#4553 = EDGE_CURVE ( 'NONE', #4258, #291, #6495, .T. ) ;
#4554 = EDGE_CURVE ( 'NONE', #3710, #1380, #2396, .T. ) ;
#4555 = AXIS2_PLACEMENT_3D ( 'NONE', #5098, #5061, #6857 ) ;
#4556 = DIRECTION ( 'NONE',  ( 0.000000000000000000, -1.000000000000000000, 0.000000000000000000 ) ) ;
#4557 = CARTESIAN_POINT ( 'NONE',  ( -1.525000000000000133, -0.9000000000000000222, 0.6118033988749899121 ) ) ;
#4558 = EDGE_LOOP ( 'NONE', ( #1198, #4904, #5525, #6156 ) ) ;
#4559 = CARTESIAN_POINT ( 'NONE',  ( -2.044999999999999929, -0.9050000000000000266, 2.299999999999999822 ) ) ;
#4560 = CARTESIAN_POINT ( 'NONE',  ( 0.8510499682743000172, 0.5000000000000000000, 3.500000000000000000 ) ) ;
#4561 = ORIENTED_EDGE ( 'NONE', *, *, #985, .F. ) ;
#4562 = CARTESIAN_POINT ( 'NONE',  ( -1.050000000000000044, -0.4000000000000000222, 2.100000000000000089 ) ) ;
#4563 = AXIS2_PLACEMENT_3D ( 'NONE', #2958, #5449, #4902 ) ;
#4564 = EDGE_CURVE ( 'NONE', #5315, #1586, #1186, .T. ) ;
#4565 = CIRCLE ( 'NONE', #1206, 0.07999999999999696243 ) ;
#4566 = DIRECTION ( 'NONE',  ( 0.000000000000000000, 0.000000000000000000, 1.000000000000000000 ) ) ;
#4567 = ORIENTED_EDGE ( 'NONE', *, *, #6478, .T. ) ;
#4568 = DIRECTION ( 'NONE',  ( 1.000000000000000000, 0.000000000000000000, 0.000000000000000000 ) ) ;
#4569 = CARTESIAN_POINT ( 'NONE',  ( -2.157500000146565178, 0.3822975189705855037, 2.299999999999999822 ) ) ;
#4570 = CARTESIAN_POINT ( 'NONE',  ( -0.6393875839007105988, -0.3959449308695098257, 0.2532900993116336541 ) ) ;
#4571 = CIRCLE ( 'NONE', #2817, 0.09999999999999982514 ) ;
#4572 = ORIENTED_EDGE ( 'NONE', *, *, #7420, .F. ) ;
#4573 = ADVANCED_FACE ( 'NONE', ( #4197 ), #5327, .T. ) ;
#4574 = FACE_OUTER_BOUND ( 'NONE', #3717, .T. ) ;
#4575 = VECTOR ( 'NONE', #5247, 1000.000000000000000 ) ;
#4576 = LINE ( 'NONE', #6288, #553 ) ;
#4577 = CARTESIAN_POINT ( 'NONE',  ( 1.550000000004459810, -0.4500000000000000111, 2.299999999999999822 ) ) ;
#4578 = PLANE ( 'NONE',  #4808 ) ;
#4579 = LINE ( 'NONE', #6964, #7134 ) ;
#4580 = CARTESIAN_POINT ( 'NONE',  ( 2.100000000000000089, -0.3750000000000000000, 2.100000000000000089 ) ) ;
#4581 = CARTESIAN_POINT ( 'NONE',  ( 1.800000000000000044, 0.3499999999999999778, 2.299999999999999822 ) ) ;
#4582 = EDGE_CURVE ( 'NONE', #4526, #6770, #1852, .T. ) ;
#4583 = ORIENTED_EDGE ( 'NONE', *, *, #318, .F. ) ;
#4584 = LINE ( 'NONE', #3339, #4290 ) ;
#4585 = DIRECTION ( 'NONE',  ( 0.000000000000000000, 0.000000000000000000, 1.000000000000000000 ) ) ;
#4586 = ORIENTED_EDGE ( 'NONE', *, *, #6705, .F. ) ;
#4587 = CARTESIAN_POINT ( 'NONE',  ( 2.170710678118999759, -0.3750000000000000000, 1.500000000000000000 ) ) ;
#4588 = ORIENTED_EDGE ( 'NONE', *, *, #5094, .F. ) ;
#4589 = CARTESIAN_POINT ( 'NONE',  ( 0.8499999999848999455, -0.9000000000000000222, 1.399999999999999911 ) ) ;
#4590 = CARTESIAN_POINT ( 'NONE',  ( 1.550000000014499779, 0.4500000000000000111, 2.330000000000000071 ) ) ;
#4591 = VERTEX_POINT ( 'NONE', #2476 ) ;
#4592 = CARTESIAN_POINT ( 'NONE',  ( -2.120000000000000107, 0.4749999999999999778, 1.932869999999999866 ) ) ;
#4593 = DIRECTION ( 'NONE',  ( 0.000000000000000000, 0.000000000000000000, -1.000000000000000000 ) ) ;
#4594 = ORIENTED_EDGE ( 'NONE', *, *, #2798, .T. ) ;
#4595 = CARTESIAN_POINT ( 'NONE',  ( 1.550000000001515055, -0.3800000000000000044, 2.399999999999999911 ) ) ;
#4596 = DIRECTION ( 'NONE',  ( 0.000000000000000000, 0.000000000000000000, -1.000000000000000000 ) ) ;
#4597 = ORIENTED_EDGE ( 'NONE', *, *, #976, .F. ) ;
#4598 = ADVANCED_FACE ( 'NONE', ( #2437 ), #5512, .F. ) ;
#4599 = EDGE_LOOP ( 'NONE', ( #665, #2006, #606, #3890, #4387, #6297 ) ) ;
#4600 = DIRECTION ( 'NONE',  ( 0.000000000000000000, -1.000000000000000000, 0.000000000000000000 ) ) ;
#4601 = FACE_OUTER_BOUND ( 'NONE', #935, .T. ) ;
#4602 = ORIENTED_EDGE ( 'NONE', *, *, #169, .F. ) ;
#4603 = DIRECTION ( 'NONE',  ( 1.000000000000000000, 0.000000000000000000, 0.000000000000000000 ) ) ;
#4604 = ADVANCED_FACE ( 'NONE', ( #6609 ), #4816, .F. ) ;
#4605 = DIRECTION ( 'NONE',  ( 0.000000000000000000, 1.000000000000000000, 0.000000000000000000 ) ) ;
#4606 = ADVANCED_FACE ( 'NONE', ( #1966 ), #6170, .T. ) ;
#4607 = CARTESIAN_POINT ( 'NONE',  ( -2.075000000000000178, 0.000000000000000000, 2.100000000000000089 ) ) ;
#4608 = ORIENTED_EDGE ( 'NONE', *, *, #1516, .F. ) ;
#4609 = DIRECTION ( 'NONE',  ( 1.000000000000000000, 0.000000000000000000, 0.000000000000000000 ) ) ;
#4610 = CARTESIAN_POINT ( 'NONE',  ( -2.200000000000000178, 0.3750000000000000000, 2.100000000000000089 ) ) ;
#4611 = DIRECTION ( 'NONE',  ( 0.000000000000000000, 1.000000000000000000, 0.000000000000000000 ) ) ;
#4612 = EDGE_CURVE ( 'NONE', #848, #7224, #1370, .T. ) ;
#4613 = CYLINDRICAL_SURFACE ( 'NONE', #3394, 0.1300000000000000044 ) ;
#4614 = LINE ( 'NONE', #477, #3087 ) ;
#4615 = DIRECTION ( 'NONE',  ( 1.000000000000000000, 0.000000000000000000, 0.000000000000000000 ) ) ;
#4616 = CARTESIAN_POINT ( 'NONE',  ( -0.1895068923543801187, 0.7604931076456193928, 0.2500000000000002776 ) ) ;
#4617 = DIRECTION ( 'NONE',  ( 0.000000000000000000, 0.000000000000000000, 1.000000000000000000 ) ) ;
#4618 = ORIENTED_EDGE ( 'NONE', *, *, #6556, .F. ) ;
#4619 = EDGE_CURVE ( 'NONE', #4552, #4223, #1410, .T. ) ;
#4620 = DIRECTION ( 'NONE',  ( -1.000000000000000000, 0.000000000000000000, 0.000000000000000000 ) ) ;
#4621 = ORIENTED_EDGE ( 'NONE', *, *, #387, .F. ) ;
#4622 = DIRECTION ( 'NONE',  ( 0.000000000000000000, 0.000000000000000000, -1.000000000000000000 ) ) ;
#4623 = LINE ( 'NONE', #7553, #5900 ) ;
#4624 = ORIENTED_EDGE ( 'NONE', *, *, #7095, .T. ) ;
#4625 = AXIS2_PLACEMENT_3D ( 'NONE', #2014, #7478, #3934 ) ;
#4626 = VERTEX_POINT ( 'NONE', #1996 ) ;
#4627 = VECTOR ( 'NONE', #283, 1000.000000000000000 ) ;
#4628 = LINE ( 'NONE', #1156, #5487 ) ;
#4629 = CARTESIAN_POINT ( 'NONE',  ( -0.8510499682816999867, 0.4050899505739999906, 3.399999999999999911 ) ) ;
#4630 = EDGE_LOOP ( 'NONE', ( #1364, #273, #4685, #1293 ) ) ;
#4631 = DIRECTION ( 'NONE',  ( 0.000000000000000000, -1.000000000000000000, 0.000000000000000000 ) ) ;
#4632 = CARTESIAN_POINT ( 'NONE',  ( -0.8500000000151000101, -0.9000000000000000222, 1.699999999999999956 ) ) ;
#4633 = VERTEX_POINT ( 'NONE', #4375 ) ;
#4634 = ORIENTED_EDGE ( 'NONE', *, *, #4154, .F. ) ;
#4635 = CARTESIAN_POINT ( 'NONE',  ( 2.120000000000000107, 0.8000000000000000444, 2.299999999999999822 ) ) ;
#4636 = AXIS2_PLACEMENT_3D ( 'NONE', #6217, #871, #7472 ) ;
#4637 = AXIS2_PLACEMENT_3D ( 'NONE', #996, #5254, #3383 ) ;
#4638 = CARTESIAN_POINT ( 'NONE',  ( 0.5540493129827799290, -0.7041274530909997775, 0.3690137403439989749 ) ) ;
#4639 = ORIENTED_EDGE ( 'NONE', *, *, #1112, .F. ) ;
#4640 = B_SPLINE_CURVE_WITH_KNOTS ( 'NONE', 3,
 ( #517, #7623, #4703, #2321 ),
 .UNSPECIFIED., .F., .F.,
 ( 4, 4 ),
 ( 0.000000000000000000, 1.000000000000000000 ),
 .UNSPECIFIED. ) ;
#4641 = CIRCLE ( 'NONE', #4887, 0.09999999999999982514 ) ;
#4642 = CARTESIAN_POINT ( 'NONE',  ( 0.9509890508765259654, 0.3755476762867810403, 3.403489952735884838 ) ) ;
#4643 = AXIS2_PLACEMENT_3D ( 'NONE', #363, #2741, #6256 ) ;
#4644 = ORIENTED_EDGE ( 'NONE', *, *, #5604, .F. ) ;
#4645 = DIRECTION ( 'NONE',  ( 1.000000000000000000, 0.000000000000000000, 0.000000000000000000 ) ) ;
#4646 = LINE ( 'NONE', #3520, #2642 ) ;
#4647 = ORIENTED_EDGE ( 'NONE', *, *, #550, .F. ) ;
#4648 = AXIS2_PLACEMENT_3D ( 'NONE', #5938, #7108, #4221 ) ;
#4649 = AXIS2_PLACEMENT_3D ( 'NONE', #3599, #4871, #696 ) ;
#4650 = EDGE_CURVE ( 'NONE', #441, #2077, #7273, .T. ) ;
#4651 = ADVANCED_FACE ( 'NONE', ( #1258 ), #788, .F. ) ;
#4652 = DIRECTION ( 'NONE',  ( -1.000000000000000000, 0.000000000000000000, 0.000000000000000000 ) ) ;
#4653 = CARTESIAN_POINT ( 'NONE',  ( 0.5929541861521905322, 0.7474398216734911005, 0.2816745734635829335 ) ) ;
#4654 = CIRCLE ( 'NONE', #6023, 0.1000000000000000472 ) ;
#4655 = CARTESIAN_POINT ( 'NONE',  ( 0.9499999999999999556, -0.4000000000000000222, 2.299999999999999822 ) ) ;
#4656 = ORIENTED_EDGE ( 'NONE', *, *, #5180, .F. ) ;
#4657 = DIRECTION ( 'NONE',  ( -1.000000000000000000, 0.000000000000000000, 0.000000000000000000 ) ) ;
#4658 = EDGE_CURVE ( 'NONE', #2227, #3388, #6410, .T. ) ;
#4659 = VECTOR ( 'NONE', #6930, 1000.000000000000000 ) ;
#4660 = ORIENTED_EDGE ( 'NONE', *, *, #717, .F. ) ;
#4661 = LINE ( 'NONE', #6419, #5526 ) ;
#4662 = CARTESIAN_POINT ( 'NONE',  ( -2.220000000000000195, 0.8000000000000000444, 2.200000000000000178 ) ) ;
#4663 = ORIENTED_EDGE ( 'NONE', *, *, #4036, .T. ) ;
#4664 = B_SPLINE_CURVE_WITH_KNOTS ( 'NONE', 3,
 ( #7200, #1855, #1261, #7276 ),
 .UNSPECIFIED., .F., .F.,
 ( 4, 4 ),
 ( 0.000000000000000000, 1.000000000000000000 ),
 .UNSPECIFIED. ) ;
#4665 = DIRECTION ( 'NONE',  ( 0.000000000000000000, 0.000000000000000000, -1.000000000000000000 ) ) ;
#4666 = VERTEX_POINT ( 'NONE', #5439 ) ;
#4667 = DIRECTION ( 'NONE',  ( 0.000000000000000000, 1.000000000000000000, 0.000000000000000000 ) ) ;
#4668 = CIRCLE ( 'NONE', #1300, 0.2999999999999999334 ) ;
#4669 = CARTESIAN_POINT ( 'NONE',  ( -2.250000000000000000, 0.9000000000000000222, 2.100000000000000089 ) ) ;
#4670 = ADVANCED_FACE ( 'NONE', ( #710 ), #1886, .F. ) ;
#4671 = VECTOR ( 'NONE', #6128, 1000.000000000000000 ) ;
#4672 = DIRECTION ( 'NONE',  ( 0.000000000000000000, 0.000000000000000000, -1.000000000000000000 ) ) ;
#4673 = DIRECTION ( 'NONE',  ( 3.643524251838465300E-15, 1.000000000000000000, 5.420985188938160716E-15 ) ) ;
#4674 = ORIENTED_EDGE ( 'NONE', *, *, #875, .T. ) ;
#4675 = CARTESIAN_POINT ( 'NONE',  ( 0.6838871170368998609, -0.9009336148352999896, 0.3755056305466999977 ) ) ;
#4676 = DIRECTION ( 'NONE',  ( 0.000000000000000000, 1.000000000000000000, 0.000000000000000000 ) ) ;
#4677 = VERTEX_POINT ( 'NONE', #742 ) ;
#4678 = ORIENTED_EDGE ( 'NONE', *, *, #6850, .T. ) ;
#4679 = CARTESIAN_POINT ( 'NONE',  ( -0.8500000000151000101, -1.199999999999999956, 1.399999999999999911 ) ) ;
#4680 = AXIS2_PLACEMENT_3D ( 'NONE', #3632, #2997, #5380 ) ;
#4681 = CARTESIAN_POINT ( 'NONE',  ( -1.925000000000000044, -0.3750000000000000000, 2.200000000000000178 ) ) ;
#4682 = ORIENTED_EDGE ( 'NONE', *, *, #631, .F. ) ;
#4683 = VECTOR ( 'NONE', #6587, 1000.000000000000000 ) ;
#4684 = CARTESIAN_POINT ( 'NONE',  ( -2.000000000000000000, 0.2999999999941979634, 2.330000000000000071 ) ) ;
#4685 = ORIENTED_EDGE ( 'NONE', *, *, #2787, .T. ) ;
#4686 = ORIENTED_EDGE ( 'NONE', *, *, #3177, .T. ) ;
#4687 = LINE ( 'NONE', #7608, #4194 ) ;
#4688 = DIRECTION ( 'NONE',  ( 1.000000000000000000, -3.643524251838464511E-15, -1.224646799147563734E-16 ) ) ;
#4689 = VERTEX_POINT ( 'NONE', #6135 ) ;
#4690 = AXIS2_PLACEMENT_3D ( 'NONE', #4803, #4297, #2574 ) ;
#4691 = PLANE ( 'NONE',  #5371 ) ;
#4692 = VERTEX_POINT ( 'NONE', #4269 ) ;
#4693 = CARTESIAN_POINT ( 'NONE',  ( 1.600000000000000089, -0.2500000000000000000, 2.658830721404000563 ) ) ;
#4694 = CARTESIAN_POINT ( 'NONE',  ( 0.6032749857866669396, 0.7590878250104524660, 0.2735169826720624808 ) ) ;
#4695 = AXIS2_PLACEMENT_3D ( 'NONE', #6511, #1748, #1163 ) ;
#4696 = DIRECTION ( 'NONE',  ( 0.000000000000000000, 0.000000000000000000, 1.000000000000000000 ) ) ;
#4697 = EDGE_CURVE ( 'NONE', #5724, #1357, #3128, .T. ) ;
#4698 = DIRECTION ( 'NONE',  ( 0.000000000000000000, 0.000000000000000000, 1.000000000000000000 ) ) ;
#4699 = EDGE_CURVE ( 'NONE', #218, #4839, #5397, .T. ) ;
#4700 = VECTOR ( 'NONE', #4667, 1000.000000000000000 ) ;
#4701 = ORIENTED_EDGE ( 'NONE', *, *, #1389, .T. ) ;
#4702 = CARTESIAN_POINT ( 'NONE',  ( 0.7500000000000000000, 0.6849999999999999423, 0.7500000000000000000 ) ) ;
#4703 = CARTESIAN_POINT ( 'NONE',  ( -1.050020661024130053, -1.299999998263917877, 1.394437171409972143 ) ) ;
#4704 = EDGE_LOOP ( 'NONE', ( #1240, #6067, #1374, #744, #3222 ) ) ;
#4705 = DIRECTION ( 'NONE',  ( 1.000000000000000000, 0.000000000000000000, 0.000000000000000000 ) ) ;
#4706 = ORIENTED_EDGE ( 'NONE', *, *, #2528, .F. ) ;
#4707 = ADVANCED_FACE ( 'NONE', ( #3689 ), #3093, .F. ) ;
#4708 = PLANE ( 'NONE',  #7439 ) ;
#4709 = EDGE_CURVE ( 'NONE', #4891, #3250, #6691, .T. ) ;
#4710 = DIRECTION ( 'NONE',  ( 0.000000000000000000, 0.000000000000000000, 1.000000000000000000 ) ) ;
#4711 = DIRECTION ( 'NONE',  ( 0.000000000000000000, -1.000000000000000000, 0.000000000000000000 ) ) ;
#4712 = CARTESIAN_POINT ( 'NONE',  ( -0.1895068923543806738, -0.4395068923543811179, 0.2499999999999997224 ) ) ;
#4713 = VERTEX_POINT ( 'NONE', #2547 ) ;
#4714 = FACE_OUTER_BOUND ( 'NONE', #4208, .T. ) ;
#4715 = DIRECTION ( 'NONE',  ( 0.000000000000000000, -1.000000000000000000, 0.000000000000000000 ) ) ;
#4716 = EDGE_LOOP ( 'NONE', ( #2252, #6347, #4100, #6707, #3015, #2573 ) ) ;
#4717 = CARTESIAN_POINT ( 'NONE',  ( -0.6499999999999801492, 0.8336623985643000223, 0.2500000000000000000 ) ) ;
#4718 = ADVANCED_FACE ( 'NONE', ( #2153 ), #3285, .T. ) ;
#4719 = VERTEX_POINT ( 'NONE', #7459 ) ;
#4720 = CARTESIAN_POINT ( 'NONE',  ( 2.220000000000000195, 0.4749999999999999778, 2.100000000000000089 ) ) ;
#4721 = ORIENTED_EDGE ( 'NONE', *, *, #4082, .T. ) ;
#4722 = PLANE ( 'NONE',  #931 ) ;
#4723 = DIRECTION ( 'NONE',  ( 0.000000000000000000, 0.000000000000000000, -1.000000000000000000 ) ) ;
#4724 = EDGE_LOOP ( 'NONE', ( #7525, #7407, #7588, #7098, #3279, #6105, #1224 ) ) ;
#4725 = ORIENTED_EDGE ( 'NONE', *, *, #5498, .T. ) ;
#4726 = CARTESIAN_POINT ( 'NONE',  ( 0.1163376014357000027, 0.000000000000000000, 0.2500000000000000000 ) ) ;
#4727 = EDGE_CURVE ( 'NONE', #2523, #2928, #4534, .T. ) ;
#4728 = CARTESIAN_POINT ( 'NONE',  ( -0.6499999999999801492, -0.3663376014356999888, 0.2500000000000000000 ) ) ;
#4729 = ORIENTED_EDGE ( 'NONE', *, *, #2072, .F. ) ;
#4730 = PRODUCT_DEFINITION_SHAPE ( 'NONE', 'NONE',  #5869 ) ;
#4731 = ORIENTED_EDGE ( 'NONE', *, *, #311, .T. ) ;
#4732 = DIRECTION ( 'NONE',  ( 1.000000000000000000, 0.000000000000000000, 0.000000000000000000 ) ) ;
#4733 = FACE_OUTER_BOUND ( 'NONE', #2983, .T. ) ;
#4734 = DIRECTION ( 'NONE',  ( 1.000000000000000000, 0.000000000000000000, 0.000000000000000000 ) ) ;
#4735 = EDGE_LOOP ( 'NONE', ( #457, #5535, #4780, #6863 ) ) ;
#4736 = EDGE_CURVE ( 'NONE', #6725, #5462, #3833, .T. ) ;
#4737 = DIRECTION ( 'NONE',  ( 1.000000000000000000, 0.000000000000000000, 0.000000000000000000 ) ) ;
#4738 = DIRECTION ( 'NONE',  ( 1.000000000000000000, 0.000000000000000000, 0.000000000000000000 ) ) ;
#4739 = ORIENTED_EDGE ( 'NONE', *, *, #5143, .F. ) ;
#4740 = CARTESIAN_POINT ( 'NONE',  ( -1.275000000000000133, -0.5000000000000000000, 0.5000000000000000000 ) ) ;
#4741 = VERTEX_POINT ( 'NONE', #5658 ) ;
#4742 = DIRECTION ( 'NONE',  ( 1.000000000000000000, 0.000000000000000000, 0.000000000000000000 ) ) ;
#4743 = LINE ( 'NONE', #5956, #666 ) ;
#4744 = EDGE_CURVE ( 'NONE', #1758, #6314, #292, .T. ) ;
#4745 = EDGE_CURVE ( 'NONE', #7081, #7483, #271, .T. ) ;
#4746 = EDGE_LOOP ( 'NONE', ( #3479, #87, #6055, #1714 ) ) ;
#4747 = ORIENTED_EDGE ( 'NONE', *, *, #3639, .T. ) ;
#4748 = DIRECTION ( 'NONE',  ( 0.000000000000000000, -0.9987523388778447586, 0.04993761694389219075 ) ) ;
#4749 = ORIENTED_EDGE ( 'NONE', *, *, #1544, .T. ) ;
#4750 = CARTESIAN_POINT ( 'NONE',  ( 0.6499704134224399965, -1.299999995623176030, 1.400000148454012106 ) ) ;
#4751 = VECTOR ( 'NONE', #4672, 1000.000000000000000 ) ;
#4752 = FACE_OUTER_BOUND ( 'NONE', #2849, .T. ) ;
#4753 = ORIENTED_EDGE ( 'NONE', *, *, #7310, .T. ) ;
#4754 = CARTESIAN_POINT ( 'NONE',  ( -1.525000000000000133, -0.9000000000000000222, 0.000000000000000000 ) ) ;
#4755 = ORIENTED_EDGE ( 'NONE', *, *, #4490, .F. ) ;
#4756 = EDGE_CURVE ( 'NONE', #6464, #779, #6920, .T. ) ;
#4757 = DIRECTION ( 'NONE',  ( 0.000000000000000000, 0.000000000000000000, 1.000000000000000000 ) ) ;
#4758 = ORIENTED_EDGE ( 'NONE', *, *, #133, .T. ) ;
#4759 = DIRECTION ( 'NONE',  ( 1.000000000000000000, 0.000000000000000000, 0.000000000000000000 ) ) ;
#4760 = CARTESIAN_POINT ( 'NONE',  ( -1.699999999999999956, -0.3750000000000000000, 2.299999999999999822 ) ) ;
#4761 = ORIENTED_EDGE ( 'NONE', *, *, #4932, .F. ) ;
#4762 = ORIENTED_EDGE ( 'NONE', *, *, #4316, .F. ) ;
#4763 = CARTESIAN_POINT ( 'NONE',  ( -0.1163376014357000027, -0.8336623985643000223, 0.2500000000000000000 ) ) ;
#4764 = AXIS2_PLACEMENT_3D ( 'NONE', #3375, #408, #2788 ) ;
#4765 = AXIS2_PLACEMENT_3D ( 'NONE', #2913, #4748, #1783 ) ;
#4766 = CARTESIAN_POINT ( 'NONE',  ( 0.5538245945101549772, 0.4961754054898009914, 0.3735081097969075170 ) ) ;
#4767 = EDGE_LOOP ( 'NONE', ( #6497, #5592, #4268, #3468 ) ) ;
#4768 = ADVANCED_FACE ( 'NONE', ( #4996 ), #3206, .F. ) ;
#4769 = AXIS2_PLACEMENT_3D ( 'NONE', #789, #6171, #3171 ) ;
#4770 = DIRECTION ( 'NONE',  ( 1.000000000000000000, 0.000000000000000000, 0.000000000000000000 ) ) ;
#4771 = DIRECTION ( 'NONE',  ( 0.04987546680538137989, 0.04987546680548279182, 0.9975093361076278198 ) ) ;
#4772 = FACE_OUTER_BOUND ( 'NONE', #4368, .T. ) ;
#4773 = CARTESIAN_POINT ( 'NONE',  ( 0.2650000000000000133, 0.08499999999999569011, 0.7500000000000000000 ) ) ;
#4774 = AXIS2_PLACEMENT_3D ( 'NONE', #4332, #6011, #5091 ) ;
#4775 = VECTOR ( 'NONE', #2717, 1000.000000000000000 ) ;
#4776 = ORIENTED_EDGE ( 'NONE', *, *, #2479, .F. ) ;
#4777 = VECTOR ( 'NONE', #2909, 1000.000000000000000 ) ;
#4778 = CARTESIAN_POINT ( 'NONE',  ( 1.899999999999999911, -0.2500000000000000000, 2.100000000000000089 ) ) ;
#4779 = DIRECTION ( 'NONE',  ( 0.000000000000000000, 0.000000000000000000, 1.000000000000000000 ) ) ;
#4780 = ORIENTED_EDGE ( 'NONE', *, *, #4298, .T. ) ;
#4781 = DIRECTION ( 'NONE',  ( 0.000000000000000000, 0.000000000000000000, -1.000000000000000000 ) ) ;
#4782 = ORIENTED_EDGE ( 'NONE', *, *, #1845, .T. ) ;
#4783 = CYLINDRICAL_SURFACE ( 'NONE', #5949, 0.1300000000000000044 ) ;
#4784 = LINE ( 'NONE', #3213, #2532 ) ;
#4785 = CIRCLE ( 'NONE', #1298, 0.07999999999999998779 ) ;
#4786 = EDGE_LOOP ( 'NONE', ( #620, #6013, #4814, #3254, #2478 ) ) ;
#4787 = PLANE ( 'NONE',  #7493 ) ;
#4788 = VERTEX_POINT ( 'NONE', #5736 ) ;
#4789 = VECTOR ( 'NONE', #5699, 1000.000000000000000 ) ;
#4790 = CARTESIAN_POINT ( 'NONE',  ( 0.5540493129827799290, 0.4958725469090002336, 0.3690137403439989749 ) ) ;
#4791 = DIRECTION ( 'NONE',  ( -0.000000000000000000, 1.000000000000000000, 0.000000000000000000 ) ) ;
#4792 = EDGE_LOOP ( 'NONE', ( #448, #2549, #6026, #6827 ) ) ;
#4793 = CARTESIAN_POINT ( 'NONE',  ( -0.6142125391548127755, 0.7714318935557596957, 0.2648719078912577518 ) ) ;
#4794 = EDGE_CURVE ( 'NONE', #4788, #2182, #5581, .T. ) ;
#4795 = EDGE_CURVE ( 'NONE', #4520, #619, #4452, .T. ) ;
#4796 = ORIENTED_EDGE ( 'NONE', *, *, #5474, .T. ) ;
#4797 = DIRECTION ( 'NONE',  ( -0.04987546680538120641, -0.04987546680551700057, 0.9975093361076261544 ) ) ;
#4798 = ORIENTED_EDGE ( 'NONE', *, *, #6795, .F. ) ;
#4799 = DIRECTION ( 'NONE',  ( -1.000000000000000000, -2.519604533808158059E-10, 2.710505431337239589E-14 ) ) ;
#4800 = CYLINDRICAL_SURFACE ( 'NONE', #6020, 0.1499999999999999667 ) ;
#4801 = ORIENTED_EDGE ( 'NONE', *, *, #3334, .F. ) ;
#4802 = ORIENTED_EDGE ( 'NONE', *, *, #3529, .T. ) ;
#4803 = CARTESIAN_POINT ( 'NONE',  ( 1.500000000000000000, -0.3499999999999999778, 2.100000000000000089 ) ) ;
#4804 = VECTOR ( 'NONE', #374, 1000.000000000000000 ) ;
#4805 = CARTESIAN_POINT ( 'NONE',  ( -0.2461754054898645239, 0.1038245945101573947, 0.3735081097972889896 ) ) ;
#4806 = EDGE_CURVE ( 'NONE', #3293, #4026, #232, .T. ) ;
#4807 = ORIENTED_EDGE ( 'NONE', *, *, #1791, .T. ) ;
#4808 = AXIS2_PLACEMENT_3D ( 'NONE', #980, #2156, #5203 ) ;
#4809 = PLANE ( 'NONE',  #3246 ) ;
#4810 = CARTESIAN_POINT ( 'NONE',  ( 2.157499999995494910, 0.3822975189094825477, 1.932869999999999866 ) ) ;
#4811 = CARTESIAN_POINT ( 'NONE',  ( -1.275000000000000133, 0.3499999999999999778, 0.000000000000000000 ) ) ;
#4812 = CARTESIAN_POINT ( 'NONE',  ( -1.929999999999939986, 0.2999999999911334703, 2.399999999999999911 ) ) ;
#4813 = ADVANCED_FACE ( 'NONE', ( #1483 ), #859, .F. ) ;
#4814 = ORIENTED_EDGE ( 'NONE', *, *, #1851, .F. ) ;
#4815 = VECTOR ( 'NONE', #6703, 1000.000000000000000 ) ;
#4816 = PLANE ( 'NONE',  #5156 ) ;
#4817 = DIRECTION ( 'NONE',  ( -0.9993908270190960952, 0.000000000000000000, 0.03489949670249306579 ) ) ;
#4818 = ORIENTED_EDGE ( 'NONE', *, *, #1851, .T. ) ;
#4819 = CARTESIAN_POINT ( 'NONE',  ( -1.474999999999999867, -0.3750000000000000000, 2.100000000000000089 ) ) ;
#4820 = ORIENTED_EDGE ( 'NONE', *, *, #1190, .T. ) ;
#4821 = LINE ( 'NONE', #7706, #1335 ) ;
#4822 = EDGE_CURVE ( 'NONE', #4431, #2928, #7421, .T. ) ;
#4823 = DIRECTION ( 'NONE',  ( 0.000000000000000000, 1.000000000000000000, 0.000000000000000000 ) ) ;
#4824 = ORIENTED_EDGE ( 'NONE', *, *, #7269, .F. ) ;
#4825 = VERTEX_POINT ( 'NONE', #3329 ) ;
#4826 = LINE ( 'NONE', #570, #2889 ) ;
#4827 = EDGE_LOOP ( 'NONE', ( #4515, #1197, #5749, #4572 ) ) ;
#4828 = VECTOR ( 'NONE', #7542, 1000.000000000000000 ) ;
#4829 = CARTESIAN_POINT ( 'NONE',  ( 2.250000000000000000, 0.4000000000000000222, 2.100000000000000089 ) ) ;
#4830 = FACE_OUTER_BOUND ( 'NONE', #3985, .T. ) ;
#4831 = ORIENTED_EDGE ( 'NONE', *, *, #3342, .F. ) ;
#4832 = CARTESIAN_POINT ( 'NONE',  ( -0.6261250910721960494, 0.7848455693065752303, 0.2585189754223766179 ) ) ;
#4833 = EDGE_CURVE ( 'NONE', #5315, #4212, #977, .T. ) ;
#4834 = CARTESIAN_POINT ( 'NONE',  ( 2.220000000000000195, 0.4749999999999999778, 2.200000000000000178 ) ) ;
#4835 = ORIENTED_EDGE ( 'NONE', *, *, #4277, .F. ) ;
#4836 = DIRECTION ( 'NONE',  ( 0.000000000000000000, 1.000000000000000000, 0.000000000000000000 ) ) ;
#4837 = LINE ( 'NONE', #6630, #2279 ) ;
#4838 = EDGE_LOOP ( 'NONE', ( #1127, #7516, #557, #1077 ) ) ;
#4839 = VERTEX_POINT ( 'NONE', #2075 ) ;
#4840 = CARTESIAN_POINT ( 'NONE',  ( -1.800000000000000044, -0.2500000000000000000, 2.299999999999999822 ) ) ;
#4841 = UNCERTAINTY_MEASURE_WITH_UNIT (LENGTH_MEASURE( 1.000000000000000082E-05 ), #6855, 'distance_accuracy_value', 'NONE');
#4842 = LINE ( 'NONE', #7260, #525 ) ;
#4843 = CARTESIAN_POINT ( 'NONE',  ( -0.6499999999999810374, 0.000000000000000000, 0.2500000000000000000 ) ) ;
#4844 = VERTEX_POINT ( 'NONE', #1449 ) ;
#4845 = EDGE_CURVE ( 'NONE', #3622, #3978, #3915, .T. ) ;
#4846 = EDGE_CURVE ( 'NONE', #138, #1586, #6834, .T. ) ;
#4847 = DIRECTION ( 'NONE',  ( -0.000000000000000000, 1.000000000000000000, 0.000000000000000000 ) ) ;
#4848 = CARTESIAN_POINT ( 'NONE',  ( -0.6500000000000000222, -0.9000000000000000222, 0.2500000000000000000 ) ) ;
#4849 = LINE ( 'NONE', #1299, #151 ) ;
#4850 = ORIENTED_EDGE ( 'NONE', *, *, #6088, .T. ) ;
#4851 = CARTESIAN_POINT ( 'NONE',  ( -2.200000000000000178, 0.4000000000000000222, 2.100000000000000089 ) ) ;
#4852 = EDGE_CURVE ( 'NONE', #1874, #6906, #4576, .T. ) ;
#4853 = DIRECTION ( 'NONE',  ( -1.000000000000000000, 0.000000000000000000, 0.000000000000000000 ) ) ;
#4854 = CARTESIAN_POINT ( 'NONE',  ( -0.5827944719353095326, 0.4636288991825048278, 0.2923723265397681903 ) ) ;
#4855 = EDGE_LOOP ( 'NONE', ( #5643, #2318, #2331, #5164 ) ) ;
#4856 = FACE_OUTER_BOUND ( 'NONE', #5051, .T. ) ;
#4857 = DIRECTION ( 'NONE',  ( 1.000000000000000000, 0.000000000000000000, 0.000000000000000000 ) ) ;
#4858 = CARTESIAN_POINT ( 'NONE',  ( -1.550000000000000044, -0.2999999999999999889, 2.330000000000000071 ) ) ;
#4859 = ADVANCED_FACE ( 'NONE', ( #6961 ), #898, .T. ) ;
#4860 = PLANE ( 'NONE',  #7126 ) ;
#4861 = EDGE_LOOP ( 'NONE', ( #3553, #6498, #2485, #7241 ) ) ;
#4862 = CARTESIAN_POINT ( 'NONE',  ( 0.000000000000000000, -0.8336623985643000223, 0.2500000000000000000 ) ) ;
#4863 = DIRECTION ( 'NONE',  ( 1.000000000000000000, 0.000000000000000000, 0.000000000000000000 ) ) ;
#4864 = ORIENTED_EDGE ( 'NONE', *, *, #7616, .F. ) ;
#4865 = DIRECTION ( 'NONE',  ( 1.000000000000000000, -1.074652875967286261E-29, 1.850848880617705121E-14 ) ) ;
#4866 = ADVANCED_FACE ( 'NONE', ( #2892 ), #1181, .F. ) ;
#4867 = ORIENTED_EDGE ( 'NONE', *, *, #16, .T. ) ;
#4868 = ORIENTED_EDGE ( 'NONE', *, *, #2774, .T. ) ;
#4869 = ORIENTED_EDGE ( 'NONE', *, *, #5783, .F. ) ;
#4870 = CARTESIAN_POINT ( 'NONE',  ( 2.100000000000000089, -0.9449999999999999512, 2.100000000000000089 ) ) ;
#4871 = DIRECTION ( 'NONE',  ( 0.000000000000000000, 0.000000000000000000, 1.000000000000000000 ) ) ;
#4872 = ORIENTED_EDGE ( 'NONE', *, *, #6446, .T. ) ;
#4873 = ORIENTED_EDGE ( 'NONE', *, *, #2072, .T. ) ;
#4874 = CARTESIAN_POINT ( 'NONE',  ( -2.194999999999999840, -0.3750000000000000000, 2.275997159067980391 ) ) ;
#4875 = CARTESIAN_POINT ( 'NONE',  ( 2.250000000000000000, 0.4000000000000000222, 0.000000000000000000 ) ) ;
#4876 =( LENGTH_UNIT ( ) NAMED_UNIT ( * ) SI_UNIT ( .MILLI., .METRE. ) );
#4877 = ORIENTED_EDGE ( 'NONE', *, *, #850, .F. ) ;
#4878 = VECTOR ( 'NONE', #3426, 1000.000000000000000 ) ;
#4879 =( BOUNDED_CURVE ( )  B_SPLINE_CURVE ( 3, ( #5277, #1685, #3107, #7291 ),
 .UNSPECIFIED., .F., .T. ) 
 B_SPLINE_CURVE_WITH_KNOTS ( ( 4, 4 ),
 ( 4.712388980384689674, 6.233226911457619757 ),
 .UNSPECIFIED. ) 
 CURVE ( )  GEOMETRIC_REPRESENTATION_ITEM ( )  RATIONAL_B_SPLINE_CURVE ( ( 1.000000000000000000, 0.8163648751936769532, 0.8163648751936769532, 1.000000000000000000 ) ) 
 REPRESENTATION_ITEM ( '' )  );
#4880 = VECTOR ( 'NONE', #4863, 1000.000000000000000 ) ;
#4881 = CARTESIAN_POINT ( 'NONE',  ( -0.5350000000000000311, 0.9000000000000000222, 0.7500000000000000000 ) ) ;
#4882 =( GEOMETRIC_REPRESENTATION_CONTEXT ( 3 ) GLOBAL_UNCERTAINTY_ASSIGNED_CONTEXT ( ( #4917 ) ) GLOBAL_UNIT_ASSIGNED_CONTEXT ( ( #1209, #615, #3672 ) ) REPRESENTATION_CONTEXT ( 'NONE', 'WORKASPACE' ) );
#4883 = FACE_OUTER_BOUND ( 'NONE', #7710, .T. ) ;
#4884 = DIRECTION ( 'NONE',  ( 1.000000000000000000, 0.000000000000000000, 0.000000000000000000 ) ) ;
#4885 = ADVANCED_FACE ( 'NONE', ( #6995 ), #3405, .T. ) ;
#4886 = EDGE_CURVE ( 'NONE', #2907, #7412, #7658, .T. ) ;
#4887 = AXIS2_PLACEMENT_3D ( 'NONE', #5516, #3803, #165 ) ;
#4888 = VECTOR ( 'NONE', #67, 1000.000000000000000 ) ;
#4889 = CARTESIAN_POINT ( 'NONE',  ( -2.200000000000000178, -0.5000000000000000000, 2.100000000000000089 ) ) ;
#4890 = CARTESIAN_POINT ( 'NONE',  ( -2.104999999999999982, -0.9449999999999999512, 2.200000000000000178 ) ) ;
#4891 = VERTEX_POINT ( 'NONE', #435 ) ;
#4892 = AXIS2_PLACEMENT_3D ( 'NONE', #5427, #149, #6712 ) ;
#4893 = VECTOR ( 'NONE', #18, 1000.000000000000000 ) ;
#4894 = CARTESIAN_POINT ( 'NONE',  ( 1.858677673624999915, 0.3800000000000000044, 2.330000000000000071 ) ) ;
#4895 = CARTESIAN_POINT ( 'NONE',  ( 2.220000000000000195, 0.4749999999999999778, 2.299999999999999822 ) ) ;
#4896 = DIRECTION ( 'NONE',  ( 0.000000000000000000, 1.000000000000000000, 0.000000000000000000 ) ) ;
#4897 = ADVANCED_FACE ( 'NONE', ( #1806 ), #4190, .T. ) ;
#4898 = VECTOR ( 'NONE', #7708, 1000.000000000000000 ) ;
#4899 = AXIS2_PLACEMENT_3D ( 'NONE', #3112, #5491, #2535 ) ;
#4900 = CARTESIAN_POINT ( 'NONE',  ( -0.9509890509857918950, 0.3755476763002689733, 3.403489949607775067 ) ) ;
#4901 = ORIENTED_EDGE ( 'NONE', *, *, #1122, .F. ) ;
#4902 = DIRECTION ( 'NONE',  ( 0.000000000000000000, 0.000000000000000000, 1.000000000000000000 ) ) ;
#4903 = CARTESIAN_POINT ( 'NONE',  ( 0.9965077991995617834, 0.4568596678001863309, 2.100000000000000089 ) ) ;
#4904 = ORIENTED_EDGE ( 'NONE', *, *, #5588, .T. ) ;
#4905 = CARTESIAN_POINT ( 'NONE',  ( -0.6104931076458645078, 0.1604931076458645245, 0.2500000000000000555 ) ) ;
#4906 = AXIS2_PLACEMENT_3D ( 'NONE', #6345, #5714, #6384 ) ;
#4907 = EDGE_CURVE ( 'NONE', #3387, #6349, #4668, .T. ) ;
#4908 = ORIENTED_EDGE ( 'NONE', *, *, #3952, .T. ) ;
#4909 = AXIS2_PLACEMENT_3D ( 'NONE', #4499, #952, #6338 ) ;
#4910 = CARTESIAN_POINT ( 'NONE',  ( 1.275000000000000133, -0.4000000000000000222, 0.000000000000000000 ) ) ;
#4911 =( NAMED_UNIT ( * ) PLANE_ANGLE_UNIT ( ) SI_UNIT ( $, .RADIAN. ) );
#4912 = DIRECTION ( 'NONE',  ( 1.000000000000000000, 0.000000000000000000, 0.000000000000000000 ) ) ;
#4913 = DIRECTION ( 'NONE',  ( -1.000000000000000000, 0.000000000000000000, 0.000000000000000000 ) ) ;
#4914 = ORIENTED_EDGE ( 'NONE', *, *, #540, .T. ) ;
#4915 = ORIENTED_EDGE ( 'NONE', *, *, #1361, .T. ) ;
#4916 = CARTESIAN_POINT ( 'NONE',  ( 0.5748020454931663803, -0.4723740349486904577, 0.3047917905555173612 ) ) ;
#4917 = UNCERTAINTY_MEASURE_WITH_UNIT (LENGTH_MEASURE( 1.000000000000000082E-05 ), #1209, 'distance_accuracy_value', 'NONE');
#4918 = FACE_OUTER_BOUND ( 'NONE', #2927, .T. ) ;
#4919 = CARTESIAN_POINT ( 'NONE',  ( -1.937867965637052325, 0.4500000000269461231, 2.329999999999998295 ) ) ;
#4920 = EDGE_CURVE ( 'NONE', #2439, #5289, #3422, .T. ) ;
#4921 = VECTOR ( 'NONE', #4771, 1000.000000000000227 ) ;
#4922 = ORIENTED_EDGE ( 'NONE', *, *, #2071, .T. ) ;
#4923 = VERTEX_POINT ( 'NONE', #508 ) ;
#4924 = VECTOR ( 'NONE', #5027, 1000.000000000000000 ) ;
#4925 = CARTESIAN_POINT ( 'NONE',  ( -0.8510499682816999867, -0.3755476762961000303, 3.399999999999999911 ) ) ;
#4926 = DIRECTION ( 'NONE',  ( -1.000000000000000000, 0.000000000000000000, 0.000000000000000000 ) ) ;
#4927 = CARTESIAN_POINT ( 'NONE',  ( 2.100000000000000089, 0.4749999999999999778, 2.100000000000000089 ) ) ;
#4928 =( BOUNDED_CURVE ( )  B_SPLINE_CURVE ( 3, ( #134, #6180, #2623, #1419 ),
 .UNSPECIFIED., .F., .T. ) 
 B_SPLINE_CURVE_WITH_KNOTS ( ( 4, 4 ),
 ( 1.570796326794895004, 3.091634257864890323 ),
 .UNSPECIFIED. ) 
 CURVE ( )  GEOMETRIC_REPRESENTATION_ITEM ( )  RATIONAL_B_SPLINE_CURVE ( ( 1.000000000000000000, 0.8163648751943519688, 0.8163648751943519688, 1.000000000000000000 ) ) 
 REPRESENTATION_ITEM ( '' )  );
#4929 = AXIS2_PLACEMENT_3D ( 'NONE', #1796, #7142, #4799 ) ;
#4930 = DIRECTION ( 'NONE',  ( 0.000000000000000000, 0.000000000000000000, 1.000000000000000000 ) ) ;
#4931 = CARTESIAN_POINT ( 'NONE',  ( 0.8510499682817009859, -0.3755476762961005299, 3.399999999999999911 ) ) ;
#4932 = EDGE_CURVE ( 'NONE', #3266, #2124, #1058, .T. ) ;
#4933 = DIRECTION ( 'NONE',  ( 1.000000000000000000, 0.000000000000000000, 0.000000000000000000 ) ) ;
#4934 = ORIENTED_EDGE ( 'NONE', *, *, #7310, .F. ) ;
#4935 = ADVANCED_FACE ( 'NONE', ( #3526 ), #1728, .T. ) ;
#4936 = VECTOR ( 'NONE', #6923, 1000.000000000000000 ) ;
#4937 = DIRECTION ( 'NONE',  ( 0.04987546680536897314, -0.04987546680538158111, 0.9975093361076335929 ) ) ;
#4938 = CARTESIAN_POINT ( 'NONE',  ( -1.925000000000000044, -0.4000000000000000222, 0.000000000000000000 ) ) ;
#4939 = CARTESIAN_POINT ( 'NONE',  ( 0.5540493129827799290, 0.4958725469090002336, 0.3690137403439989749 ) ) ;
#4940 = VECTOR ( 'NONE', #4605, 1000.000000000000000 ) ;
#4941 = EDGE_CURVE ( 'NONE', #1356, #2723, #5781, .T. ) ;
#4942 = ORIENTED_EDGE ( 'NONE', *, *, #2933, .F. ) ;
#4943 = EDGE_CURVE ( 'NONE', #4223, #7293, #7113, .T. ) ;
#4944 = DIRECTION ( 'NONE',  ( 0.000000000000000000, 0.000000000000000000, -1.000000000000000000 ) ) ;
#4945 = ORIENTED_EDGE ( 'NONE', *, *, #3056, .T. ) ;
#4946 = AXIS2_PLACEMENT_3D ( 'NONE', #2667, #5713, #6303 ) ;
#4947 = ORIENTED_EDGE ( 'NONE', *, *, #2173, .T. ) ;
#4948 = CIRCLE ( 'NONE', #2210, 0.07000000000000018707 ) ;
#4949 = ORIENTED_EDGE ( 'NONE', *, *, #2842, .F. ) ;
#4950 = LINE ( 'NONE', #294, #4995 ) ;
#4951 = EDGE_LOOP ( 'NONE', ( #1508, #7111, #3604, #4850 ) ) ;
#4952 = EDGE_CURVE ( 'NONE', #764, #6822, #12, .T. ) ;
#4953 = DIRECTION ( 'NONE',  ( 0.000000000000000000, 0.000000000000000000, 1.000000000000000000 ) ) ;
#4954 = CYLINDRICAL_SURFACE ( 'NONE', #535, 0.1000000000000000472 ) ;
#4955 = EDGE_LOOP ( 'NONE', ( #4820, #722, #3316, #3569 ) ) ;
#4956 = EDGE_LOOP ( 'NONE', ( #4128, #47, #7172, #608, #7067, #6346 ) ) ;
#4957 = CARTESIAN_POINT ( 'NONE',  ( -0.9001760548200999912, -0.4001032357147000229, 1.993212943085999722 ) ) ;
#4958 = CARTESIAN_POINT ( 'NONE',  ( -1.930000000011870220, 0.3468629150106941617, 2.400000000000003020 ) ) ;
#4959 = EDGE_LOOP ( 'NONE', ( #5181, #1423, #2062, #250 ) ) ;
#4960 = FACE_OUTER_BOUND ( 'NONE', #1476, .T. ) ;
#4961 = ORIENTED_EDGE ( 'NONE', *, *, #7368, .F. ) ;
#4962 = EDGE_CURVE ( 'NONE', #4633, #4839, #5319, .T. ) ;
#4963 = DIRECTION ( 'NONE',  ( 1.000000000000000000, 0.000000000000000000, 0.000000000000000000 ) ) ;
#4964 = CYLINDRICAL_SURFACE ( 'NONE', #3065, 0.1000000000000000472 ) ;
#4965 = CARTESIAN_POINT ( 'NONE',  ( -1.899999999999999911, 0.3499999999999999778, 2.100000000000000089 ) ) ;
#4966 = DIRECTION ( 'NONE',  ( 0.000000000000000000, 1.000000000000000000, 0.000000000000000000 ) ) ;
#4967 = CYLINDRICAL_SURFACE ( 'NONE', #4147, 0.09999999999999993616 ) ;
#4968 = EDGE_LOOP ( 'NONE', ( #7566, #6306, #1751, #5649 ) ) ;
#4969 = LINE ( 'NONE', #6694, #7012 ) ;
#4970 = CARTESIAN_POINT ( 'NONE',  ( 1.275000000000000133, 0.3499999999999999778, 0.2500000000000000000 ) ) ;
#4971 = DIRECTION ( 'NONE',  ( 0.000000000000000000, -1.000000000000000000, 0.000000000000000000 ) ) ;
#4972 = ADVANCED_FACE ( 'NONE', ( #5782 ), #2815, .T. ) ;
#4973 = DIRECTION ( 'NONE',  ( 0.000000000000000000, 1.000000000000000000, 0.000000000000000000 ) ) ;
#4974 = EDGE_LOOP ( 'NONE', ( #2295, #5209, #7700, #5935 ) ) ;
#4975 = DIRECTION ( 'NONE',  ( -1.000000000000000000, 0.000000000000000000, 0.000000000000000000 ) ) ;
#4976 = ORIENTED_EDGE ( 'NONE', *, *, #5437, .T. ) ;
#4977 = CARTESIAN_POINT ( 'NONE',  ( -1.908333333333295023, -0.1105541596784531955, 2.200000000000000178 ) ) ;
#4978 = EDGE_CURVE ( 'NONE', #3029, #6403, #3927, .T. ) ;
#4979 = EDGE_CURVE ( 'NONE', #2757, #652, #7038, .T. ) ;
#4980 = DIRECTION ( 'NONE',  ( 0.000000000000000000, 0.000000000000000000, 1.000000000000000000 ) ) ;
#4981 = SPHERICAL_SURFACE ( 'NONE', #6872, 0.1000000000000000056 ) ;
#4982 = DIRECTION ( 'NONE',  ( -1.000000000000000000, 0.000000000000000000, 0.000000000000000000 ) ) ;
#4983 = LINE ( 'NONE', #4400, #5768 ) ;
#4984 = EDGE_LOOP ( 'NONE', ( #5019, #6, #1478, #3057 ) ) ;
#4985 = ORIENTED_EDGE ( 'NONE', *, *, #3932, .T. ) ;
#4986 = DIRECTION ( 'NONE',  ( -0.04987546680544058947, -0.04987546680538138683, -0.9975093361076299292 ) ) ;
#4987 = EDGE_CURVE ( 'NONE', #6444, #2523, #2664, .T. ) ;
#4988 = CYLINDRICAL_SURFACE ( 'NONE', #2915, 0.1499999999999999667 ) ;
#4989 = ORIENTED_EDGE ( 'NONE', *, *, #4943, .T. ) ;
#4990 = CARTESIAN_POINT ( 'NONE',  ( -1.875000000000000000, -0.8000000000000000444, 0.6500000000000000222 ) ) ;
#4991 = CARTESIAN_POINT ( 'NONE',  ( 2.250000000000000000, 0.4749999999999999778, 2.100000000000000089 ) ) ;
#4992 = VECTOR ( 'NONE', #6776, 1000.000000000000000 ) ;
#4993 = CARTESIAN_POINT ( 'NONE',  ( 1.550000000000000044, -0.2999999999999999889, 2.399999999999999911 ) ) ;
#4994 = EDGE_CURVE ( 'NONE', #3856, #7686, #4073, .T. ) ;
#4995 = VECTOR ( 'NONE', #3225, 1000.000000000000000 ) ;
#4996 = FACE_OUTER_BOUND ( 'NONE', #7069, .T. ) ;
#4997 = CARTESIAN_POINT ( 'NONE',  ( -2.044999999999999929, -0.9050000000000000266, 2.299999999999999822 ) ) ;
#4998 = VERTEX_POINT ( 'NONE', #625 ) ;
#4999 = LINE ( 'NONE', #5475, #2517 ) ;
#5000 = DIRECTION ( 'NONE',  ( 1.000000000000000000, 0.000000000000000000, 0.000000000000000000 ) ) ;
#5001 = VECTOR ( 'NONE', #3811, 1000.000000000000000 ) ;
#5002 = CARTESIAN_POINT ( 'NONE',  ( 0.5689999860042997959, 0.4787225111990430215, 0.3138054144995816030 ) ) ;
#5003 = CIRCLE ( 'NONE', #3138, 0.1000000000000000472 ) ;
#5004 = B_SPLINE_CURVE_WITH_KNOTS ( 'NONE', 3,
 ( #3783, #6155, #2018, #2635 ),
 .UNSPECIFIED., .F., .F.,
 ( 4, 4 ),
 ( 6.416839703678020063E-06, 1.000000000000000000 ),
 .UNSPECIFIED. ) ;
#5005 = VECTOR ( 'NONE', #1061, 1000.000000000000000 ) ;
#5006 = CIRCLE ( 'NONE', #1651, 0.07000000000000018707 ) ;
#5007 = CARTESIAN_POINT ( 'NONE',  ( 1.899999999999999911, -0.3499999999999999778, 2.299999999999999822 ) ) ;
#5008 = EDGE_LOOP ( 'NONE', ( #6836, #234, #1838, #3810 ) ) ;
#5009 = DIRECTION ( 'NONE',  ( -2.149305747227214693E-29, -1.000000000000000000, -1.850848880390555148E-14 ) ) ;
#5010 = ORIENTED_EDGE ( 'NONE', *, *, #3983, .F. ) ;
#5011 = DIRECTION ( 'NONE',  ( 0.000000000000000000, 1.000000000000000000, 0.000000000000000000 ) ) ;
#5012 = VECTOR ( 'NONE', #9, 1000.000000000000227 ) ;
#5013 = AXIS2_PLACEMENT_3D ( 'NONE', #7446, #2098, #3191 ) ;
#5014 = DIRECTION ( 'NONE',  ( 1.000000000000000000, 0.000000000000000000, 0.000000000000000000 ) ) ;
#5015 = EDGE_LOOP ( 'NONE', ( #2122, #4682, #1065, #4330 ) ) ;
#5016 = AXIS2_PLACEMENT_3D ( 'NONE', #638, #7165, #716 ) ;
#5017 = DIRECTION ( 'NONE',  ( 0.000000000000000000, 0.000000000000000000, -1.000000000000000000 ) ) ;
#5018 = CARTESIAN_POINT ( 'NONE',  ( 2.136556240649511551, -0.3561438660219133912, 2.296630723106982686 ) ) ;
#5019 = ORIENTED_EDGE ( 'NONE', *, *, #867, .T. ) ;
#5020 = EDGE_CURVE ( 'NONE', #3155, #1611, #3751, .T. ) ;
#5021 = VERTEX_POINT ( 'NONE', #3163 ) ;
#5022 = DIRECTION ( 'NONE',  ( 0.000000000000000000, 0.000000000000000000, -1.000000000000000000 ) ) ;
#5023 = EDGE_CURVE ( 'NONE', #7573, #3143, #1880, .T. ) ;
#5024 = AXIS2_PLACEMENT_3D ( 'NONE', #226, #1439, #2608 ) ;
#5025 = CYLINDRICAL_SURFACE ( 'NONE', #3413, 0.1000000000000000056 ) ;
#5026 = ORIENTED_EDGE ( 'NONE', *, *, #6567, .T. ) ;
#5027 = DIRECTION ( 'NONE',  ( -1.000000000000000000, 0.000000000000000000, 0.000000000000000000 ) ) ;
#5028 = ORIENTED_EDGE ( 'NONE', *, *, #3127, .F. ) ;
#5029 = LINE ( 'NONE', #7416, #6173 ) ;
#5030 = ADVANCED_FACE ( 'NONE', ( #6568 ), #5502, .T. ) ;
#5031 = AXIS2_PLACEMENT_3D ( 'NONE', #5279, #5235, #4109 ) ;
#5032 = LINE ( 'NONE', #7575, #1653 ) ;
#5033 = AXIS2_PLACEMENT_3D ( 'NONE', #2352, #7579, #2232 ) ;
#5034 = DIRECTION ( 'NONE',  ( -1.000000000000000000, 0.000000000000000000, 0.000000000000000000 ) ) ;
#5035 = CARTESIAN_POINT ( 'NONE',  ( -2.220000000000000195, 0.4749999999999999778, 2.100000000000000089 ) ) ;
#5036 = FACE_OUTER_BOUND ( 'NONE', #3561, .T. ) ;
#5037 = ORIENTED_EDGE ( 'NONE', *, *, #2501, .F. ) ;
#5038 = CARTESIAN_POINT ( 'NONE',  ( -1.930000000000000160, 0.2999999999911334703, 2.330000000000000071 ) ) ;
#5039 = EDGE_CURVE ( 'NONE', #6385, #1143, #3332, .T. ) ;
#5040 = DIRECTION ( 'NONE',  ( 0.000000000000000000, 0.000000000000000000, 1.000000000000000000 ) ) ;
#5041 = CARTESIAN_POINT ( 'NONE',  ( 1.500000000000000000, -0.3499999999999999778, 2.299999999999999822 ) ) ;
#5042 = AXIS2_PLACEMENT_3D ( 'NONE', #4216, #4759, #6593 ) ;
#5043 = CARTESIAN_POINT ( 'NONE',  ( -0.8510499682816999867, 0.3755476763026625031, 3.399999999999999911 ) ) ;
#5044 = EDGE_LOOP ( 'NONE', ( #4749, #7101, #4182, #5606 ) ) ;
#5045 = VECTOR ( 'NONE', #4611, 1000.000000000000000 ) ;
#5046 = DIRECTION ( 'NONE',  ( 0.000000000000000000, -1.000000000000000000, 0.000000000000000000 ) ) ;
#5047 = DIRECTION ( 'NONE',  ( 0.000000000000000000, 0.000000000000000000, -1.000000000000000000 ) ) ;
#5048 = ORIENTED_EDGE ( 'NONE', *, *, #2023, .F. ) ;
#5049 = EDGE_CURVE ( 'NONE', #2742, #5608, #89, .T. ) ;
#5050 = DIRECTION ( 'NONE',  ( 0.000000000000000000, 1.000000000000000000, 0.000000000000000000 ) ) ;
#5051 = EDGE_LOOP ( 'NONE', ( #419, #6632, #5195, #5399 ) ) ;
#5052 = CARTESIAN_POINT ( 'NONE',  ( -1.899999999999999911, 0.4749999999999999778, 2.100000000000000089 ) ) ;
#5053 = DIRECTION ( 'NONE',  ( 0.000000000000000000, 0.000000000000000000, 1.000000000000000000 ) ) ;
#5054 = AXIS2_PLACEMENT_3D ( 'NONE', #7266, #4304, #739 ) ;
#5055 = ORIENTED_EDGE ( 'NONE', *, *, #3167, .T. ) ;
#5056 = CARTESIAN_POINT ( 'NONE',  ( -0.5567020315621749038, -0.7075736932594643980, 0.3465428590174056689 ) ) ;
#5057 = CARTESIAN_POINT ( 'NONE',  ( 1.050000000000000044, 0.000000000000000000, 2.299999999999999822 ) ) ;
#5058 = CARTESIAN_POINT ( 'NONE',  ( 0.9499999999999999556, -0.5000000000000000000, 2.299999999999999822 ) ) ;
#5059 = ORIENTED_EDGE ( 'NONE', *, *, #5814, .T. ) ;
#5060 = VECTOR ( 'NONE', #2707, 1000.000000000000000 ) ;
#5061 = DIRECTION ( 'NONE',  ( 0.000000000000000000, -1.000000000000000000, 0.000000000000000000 ) ) ;
#5062 = DIRECTION ( 'NONE',  ( 0.000000000000000000, 0.000000000000000000, 1.000000000000000000 ) ) ;
#5063 = ORIENTED_EDGE ( 'NONE', *, *, #3674, .T. ) ;
#5064 = ORIENTED_EDGE ( 'NONE', *, *, #1640, .F. ) ;
#5065 = LINE ( 'NONE', #1474, #4436 ) ;
#5066 = AXIS2_PLACEMENT_3D ( 'NONE', #5477, #4162, #4857 ) ;
#5067 = ADVANCED_FACE ( 'NONE', ( #7342 ), #5390, .T. ) ;
#5068 = DIRECTION ( 'NONE',  ( 0.000000000000000000, 0.000000000000000000, 1.000000000000000000 ) ) ;
#5069 = VERTEX_POINT ( 'NONE', #1992 ) ;
#5070 = FACE_OUTER_BOUND ( 'NONE', #1701, .T. ) ;
#5071 = ORIENTED_EDGE ( 'NONE', *, *, #4697, .F. ) ;
#5072 = DIRECTION ( 'NONE',  ( 0.000000000000000000, 1.000000000000000000, 0.000000000000000000 ) ) ;
#5073 = DIRECTION ( 'NONE',  ( 0.000000000000000000, 1.000000000000000000, 0.000000000000000000 ) ) ;
#5074 = ADVANCED_FACE ( 'NONE', ( #3607 ), #6684, .F. ) ;
#5075 = EDGE_CURVE ( 'NONE', #6421, #7545, #1846, .T. ) ;
#5076 = DIRECTION ( 'NONE',  ( 0.000000000000000000, -1.000000000000000000, 0.000000000000000000 ) ) ;
#5077 = CARTESIAN_POINT ( 'NONE',  ( 0.6499999999999801492, -0.3663376014356999888, 0.2500000000000000000 ) ) ;
#5078 = ORIENTED_EDGE ( 'NONE', *, *, #4756, .T. ) ;
#5079 = DIRECTION ( 'NONE',  ( 1.000000000000000000, 0.000000000000000000, 0.000000000000000000 ) ) ;
#5080 = DIRECTION ( 'NONE',  ( 0.000000000000000000, 0.000000000000000000, -1.000000000000000000 ) ) ;
#5081 = FACE_OUTER_BOUND ( 'NONE', #5303, .T. ) ;
#5082 = LINE ( 'NONE', #4540, #6534 ) ;
#5083 = ADVANCED_FACE ( 'NONE', ( #5542 ), #4226, .F. ) ;
#5084 = EDGE_LOOP ( 'NONE', ( #254, #5423, #4166, #1776 ) ) ;
#5085 = CARTESIAN_POINT ( 'NONE',  ( -2.200000000000000178, -0.4982544935064160407, 2.100000000000000089 ) ) ;
#5086 = DIRECTION ( 'NONE',  ( 2.168404344971003188E-14, -2.323290369611789187E-15, 1.000000000000000000 ) ) ;
#5087 = ORIENTED_EDGE ( 'NONE', *, *, #7125, .F. ) ;
#5088 = DIRECTION ( 'NONE',  ( 0.000000000000000000, 1.000000000000000000, 0.000000000000000000 ) ) ;
#5089 = VERTEX_POINT ( 'NONE', #2581 ) ;
#5090 = CYLINDRICAL_SURFACE ( 'NONE', #2578, 0.1000000000000000472 ) ;
#5091 = DIRECTION ( 'NONE',  ( 0.000000000000000000, 0.000000000000000000, -1.000000000000000000 ) ) ;
#5092 = ORIENTED_EDGE ( 'NONE', *, *, #4335, .F. ) ;
#5093 = DIRECTION ( 'NONE',  ( 1.000000000000000000, 0.000000000000000000, 0.000000000000000000 ) ) ;
#5094 = EDGE_CURVE ( 'NONE', #1055, #2700, #1180, .T. ) ;
#5095 = LINE ( 'NONE', #6266, #2386 ) ;
#5096 = CARTESIAN_POINT ( 'NONE',  ( -1.849999999991845057, -0.4500000000000000111, 2.299999999999999822 ) ) ;
#5097 = ORIENTED_EDGE ( 'NONE', *, *, #2268, .T. ) ;
#5098 = CARTESIAN_POINT ( 'NONE',  ( -2.170710678118999759, -0.3750000000000000000, 2.170710678118999759 ) ) ;
#5099 = CARTESIAN_POINT ( 'NONE',  ( 2.155272074609167809, -0.3673599682061904903, 2.292498885460506397 ) ) ;
#5100 = ORIENTED_EDGE ( 'NONE', *, *, #238, .T. ) ;
#5101 = VERTEX_POINT ( 'NONE', #7190 ) ;
#5102 = DIRECTION ( 'NONE',  ( 0.000000000000000000, 1.000000000000000000, 0.000000000000000000 ) ) ;
#5103 = DIRECTION ( 'NONE',  ( 0.03489418781260640590, -0.01744177813808910071, -0.9992388003036511979 ) ) ;
#5104 = ORIENTED_EDGE ( 'NONE', *, *, #4184, .F. ) ;
#5105 = DIRECTION ( 'NONE',  ( 0.0003253246487217502998, -0.9999668530377202602, -0.008135538685998736433 ) ) ;
#5106 = EDGE_LOOP ( 'NONE', ( #7255, #4429, #4219, #5729, #7034, #1545 ) ) ;
#5107 = DIRECTION ( 'NONE',  ( -1.000000000000000000, 0.000000000000000000, 0.000000000000000000 ) ) ;
#5108 = CARTESIAN_POINT ( 'NONE',  ( 0.8499999999848999455, -1.199999999999999956, 1.099999999999999867 ) ) ;
#5109 = CARTESIAN_POINT ( 'NONE',  ( 1.050000000000000044, 0.4000000000000000222, 2.200000000000000178 ) ) ;
#5110 = LINE ( 'NONE', #1126, #4260 ) ;
#5111 = ORIENTED_EDGE ( 'NONE', *, *, #1573, .T. ) ;
#5112 = DIRECTION ( 'NONE',  ( -1.000000000000000000, 0.000000000000000000, 0.000000000000000000 ) ) ;
#5113 = CARTESIAN_POINT ( 'NONE',  ( 0.9499999999999999556, 0.4000000000000000222, 2.495600000000000041 ) ) ;
#5115 = EDGE_CURVE ( 'NONE', #7048, #3266, #6602, .T. ) ;
#5114 = B_SPLINE_CURVE_WITH_KNOTS ( 'NONE', 3,
 ( #626, #5391, #2390, #593, #1807, #1101, #51, #5824, #2973, #4694, #4653, #6997, #1646, #7114, #4030, #7615, #5858, #1765, #3488 ),
 .UNSPECIFIED., .F., .F.,
 ( 4, 3, 3, 3, 3, 3, 4 ),
 ( 3.640159346738029324E-18, 1.394167521382473697E-05, 3.719266728732543103E-05, 9.327844884875880318E-05, 0.0001462968542005959954, 0.0001849416358355089357, 0.0002190250876781800894 ),
 .UNSPECIFIED. ) ;
#5116 = CARTESIAN_POINT ( 'NONE',  ( -1.949999999999999956, -0.9000000000000000222, 0.5000000000000000000 ) ) ;
#5117 = EDGE_CURVE ( 'NONE', #2310, #5932, #5467, .T. ) ;
#5118 = DIRECTION ( 'NONE',  ( -0.04987546680538149091, -0.04987546680544119315, 0.9975093361076299292 ) ) ;
#5119 = VECTOR ( 'NONE', #2257, 1000.000000000000000 ) ;
#5120 = ORIENTED_EDGE ( 'NONE', *, *, #344, .T. ) ;
#5121 = CARTESIAN_POINT ( 'NONE',  ( -1.949999999999999956, -0.9000000000000000222, 0.6118033988749899121 ) ) ;
#5122 = CARTESIAN_POINT ( 'NONE',  ( -1.050000000000000044, 0.000000000000000000, 2.200000000000000178 ) ) ;
#5123 = ORIENTED_EDGE ( 'NONE', *, *, #4962, .F. ) ;
#5124 = AXIS2_PLACEMENT_3D ( 'NONE', #677, #5915, #5953 ) ;
#5125 = VECTOR ( 'NONE', #3623, 1000.000000000000000 ) ;
#5126 = CARTESIAN_POINT ( 'NONE',  ( -2.100000000000000089, -0.9250000000000000444, 2.299999999999999822 ) ) ;
#5127 = ORIENTED_EDGE ( 'NONE', *, *, #5225, .F. ) ;
#5128 = DIRECTION ( 'NONE',  ( -1.000000000000000000, 3.794707603699271830E-15, 0.000000000000000000 ) ) ;
#5129 = EDGE_CURVE ( 'NONE', #5326, #7549, #668, .T. ) ;
#5130 = DIRECTION ( 'NONE',  ( 1.000000000000000000, 0.000000000000000000, 0.000000000000000000 ) ) ;
#5131 = EDGE_LOOP ( 'NONE', ( #4686, #3162, #1621, #636, #2872 ) ) ;
#5132 = CARTESIAN_POINT ( 'NONE',  ( 1.474999999999999867, 0.3750000000000000000, 2.200000000000000178 ) ) ;
#5133 = VECTOR ( 'NONE', #5618, 1000.000000000000000 ) ;
#5134 = VECTOR ( 'NONE', #3094, 1000.000000000000000 ) ;
#5135 = DIRECTION ( 'NONE',  ( 0.000000000000000000, 0.000000000000000000, 1.000000000000000000 ) ) ;
#5136 = CARTESIAN_POINT ( 'NONE',  ( -0.1163376014357000027, -0.8336623985643000223, 0.2500000000000000000 ) ) ;
#5137 = EDGE_LOOP ( 'NONE', ( #2718, #6389, #5789, #5473 ) ) ;
#5138 = LINE ( 'NONE', #5763, #3055 ) ;
#5139 = CYLINDRICAL_SURFACE ( 'NONE', #2902, 0.1000000000000000472 ) ;
#5140 = ORIENTED_EDGE ( 'NONE', *, *, #122, .T. ) ;
#5141 = EDGE_LOOP ( 'NONE', ( #100, #7105, #5557, #5274 ) ) ;
#5142 = DIRECTION ( 'NONE',  ( 0.000000000000000000, 0.000000000000000000, 1.000000000000000000 ) ) ;
#5143 = EDGE_CURVE ( 'NONE', #3156, #4112, #4302, .T. ) ;
#5144 = CIRCLE ( 'NONE', #2026, 0.2999999999999999334 ) ;
#5145 = AXIS2_PLACEMENT_3D ( 'NONE', #1471, #5641, #5062 ) ;
#5146 = AXIS2_PLACEMENT_3D ( 'NONE', #412, #2245, #7631 ) ;
#5147 = CARTESIAN_POINT ( 'NONE',  ( 2.100000000000000089, -0.4000000000000000222, 2.100000000000000089 ) ) ;
#5148 = ORIENTED_EDGE ( 'NONE', *, *, #3098, .T. ) ;
#5149 = DIRECTION ( 'NONE',  ( 0.000000000000000000, 0.000000000000000000, -1.000000000000000000 ) ) ;
#5150 = CARTESIAN_POINT ( 'NONE',  ( -2.100000000000000089, -0.3750000000000000000, 2.100000000000000089 ) ) ;
#5151 = EDGE_CURVE ( 'NONE', #5340, #3004, #4547, .T. ) ;
#5152 = FACE_OUTER_BOUND ( 'NONE', #6382, .T. ) ;
#5153 = VECTOR ( 'NONE', #2118, 1000.000000000000000 ) ;
#5154 = EDGE_LOOP ( 'NONE', ( #2559, #7070, #1635, #4864, #6799 ) ) ;
#5155 = FACE_OUTER_BOUND ( 'NONE', #1085, .T. ) ;
#5156 = AXIS2_PLACEMENT_3D ( 'NONE', #7232, #3058, #7346 ) ;
#5157 = CARTESIAN_POINT ( 'NONE',  ( -2.220000000000000195, 0.4749999999999999778, 1.932869999999999866 ) ) ;
#5158 = LINE ( 'NONE', #2111, #5891 ) ;
#5159 = CARTESIAN_POINT ( 'NONE',  ( 1.399999999999999911, 0.2999999999941619921, 2.330000000000000071 ) ) ;
#5160 = DIRECTION ( 'NONE',  ( 0.000000000000000000, 0.000000000000000000, 1.000000000000000000 ) ) ;
#5161 = FACE_OUTER_BOUND ( 'NONE', #865, .T. ) ;
#5162 = CARTESIAN_POINT ( 'NONE',  ( 2.112253379640000261, 0.1038245945101801959, 0.3735081097972924868 ) ) ;
#5163 = AXIS2_PLACEMENT_3D ( 'NONE', #1221, #3122, #2432 ) ;
#5164 = ORIENTED_EDGE ( 'NONE', *, *, #6513, .T. ) ;
#5165 = EDGE_CURVE ( 'NONE', #660, #7629, #5414, .T. ) ;
#5166 = EDGE_CURVE ( 'NONE', #6147, #1951, #1919, .T. ) ;
#5167 = DIRECTION ( 'NONE',  ( 0.000000000000000000, 0.000000000000000000, -1.000000000000000000 ) ) ;
#5168 = CARTESIAN_POINT ( 'NONE',  ( 0.2425215054678760696, 0.1074784945321238527, 0.3004301093584688109 ) ) ;
#5169 = ORIENTED_EDGE ( 'NONE', *, *, #246, .T. ) ;
#5170 = AXIS2_PLACEMENT_3D ( 'NONE', #6115, #765, #3 ) ;
#5171 = CARTESIAN_POINT ( 'NONE',  ( 0.5538245945101579748, 0.1038245945101746032, 0.3735081097972909880 ) ) ;
#5172 = ORIENTED_EDGE ( 'NONE', *, *, #513, .F. ) ;
#5173 = LINE ( 'NONE', #2863, #4575 ) ;
#5174 = DIRECTION ( 'NONE',  ( -0.000000000000000000, 1.000000000000000000, 0.000000000000000000 ) ) ;
#5175 = ORIENTED_EDGE ( 'NONE', *, *, #4184, .T. ) ;
#5176 =( BOUNDED_CURVE ( )  B_SPLINE_CURVE ( 3, ( #1203, #3592, #5372, #7171 ),
 .UNSPECIFIED., .F., .F. ) 
 B_SPLINE_CURVE_WITH_KNOTS ( ( 4, 4 ),
 ( 5.176216940653019627, 6.746404460963299599 ),
 .UNSPECIFIED. ) 
 CURVE ( )  GEOMETRIC_REPRESENTATION_ITEM ( )  RATIONAL_B_SPLINE_CURVE ( ( 1.000000000000000000, 0.8048813293462310225, 0.8048813293462310225, 1.000000000000000000 ) ) 
 REPRESENTATION_ITEM ( '' )  );
#5177 = ORIENTED_EDGE ( 'NONE', *, *, #3912, .F. ) ;
#5178 = CIRCLE ( 'NONE', #6681, 0.2000000000000000944 ) ;
#5179 = EDGE_CURVE ( 'NONE', #1795, #6553, #5695, .T. ) ;
#5180 = EDGE_CURVE ( 'NONE', #3217, #340, #7662, .T. ) ;
#5181 = ORIENTED_EDGE ( 'NONE', *, *, #6032, .F. ) ;
#5182 = CARTESIAN_POINT ( 'NONE',  ( 0.6500000000000000222, 0.9000000000000000222, 0.000000000000000000 ) ) ;
#5183 = PLANE ( 'NONE',  #6881 ) ;
#5184 = ORIENTED_EDGE ( 'NONE', *, *, #2976, .F. ) ;
#5185 = PLANE ( 'NONE',  #6926 ) ;
#5186 = DIRECTION ( 'NONE',  ( 0.000000000000000000, 0.000000000000000000, -1.000000000000000000 ) ) ;
#5187 = ORIENTED_EDGE ( 'NONE', *, *, #3226, .F. ) ;
#5188 = VERTEX_POINT ( 'NONE', #3948 ) ;
#5189 = FACE_OUTER_BOUND ( 'NONE', #43, .T. ) ;
#5190 = AXIS2_PLACEMENT_3D ( 'NONE', #265, #4411, #5072 ) ;
#5191 = EDGE_CURVE ( 'NONE', #2370, #6699, #347, .T. ) ;
#5192 = DIRECTION ( 'NONE',  ( 1.000000000000000000, 0.000000000000000000, 0.000000000000000000 ) ) ;
#5193 = EDGE_LOOP ( 'NONE', ( #6846, #4492, #4090, #6954, #1367 ) ) ;
#5194 = DIRECTION ( 'NONE',  ( 0.03489418781260641284, 0.01744177813808910418, -0.9992388003036514199 ) ) ;
#5195 = ORIENTED_EDGE ( 'NONE', *, *, #3718, .T. ) ;
#5196 = DIRECTION ( 'NONE',  ( 0.000000000000000000, 1.000000000000000000, 0.000000000000000000 ) ) ;
#5197 = DIRECTION ( 'NONE',  ( 0.000000000000000000, 0.000000000000000000, -1.000000000000000000 ) ) ;
#5198 = VECTOR ( 'NONE', #6655, 1000.000000000000000 ) ;
#5199 = VERTEX_POINT ( 'NONE', #6281 ) ;
#5200 = ADVANCED_FACE ( 'NONE', ( #5070 ), #3359, .F. ) ;
#5201 = AXIS2_PLACEMENT_3D ( 'NONE', #4589, #7052, #4622 ) ;
#5202 = CARTESIAN_POINT ( 'NONE',  ( 2.075000000000000178, 0.000000000000000000, 2.200000000000000178 ) ) ;
#5203 = DIRECTION ( 'NONE',  ( 0.000000000000000000, 1.000000000000000000, 0.000000000000000000 ) ) ;
#5204 = CARTESIAN_POINT ( 'NONE',  ( -1.375000000000000000, 0.5000000000000000000, 0.2500000000000000000 ) ) ;
#5205 = FACE_OUTER_BOUND ( 'NONE', #3635, .T. ) ;
#5206 = CARTESIAN_POINT ( 'NONE',  ( -2.075000000000000178, 0.000000000000000000, 2.200000000000000178 ) ) ;
#5207 = DIRECTION ( 'NONE',  ( -1.000000000000000000, 0.000000000000000000, 0.000000000000000000 ) ) ;
#5208 = DIRECTION ( 'NONE',  ( -1.000000000000000000, 0.000000000000000000, 0.000000000000000000 ) ) ;
#5209 = ORIENTED_EDGE ( 'NONE', *, *, #2326, .T. ) ;
#5210 = DIRECTION ( 'NONE',  ( -1.807003620809174583E-15, 0.000000000000000000, -1.000000000000000000 ) ) ;
#5211 = EDGE_LOOP ( 'NONE', ( #3600, #6049, #3414, #6145 ) ) ;
#5212 = CARTESIAN_POINT ( 'NONE',  ( 0.5827944719353100878, -0.7363711008174957939, 0.2923723265397675242 ) ) ;
#5213 = CARTESIAN_POINT ( 'NONE',  ( -1.525000000000000133, -0.9000000000000000222, 0.5000000000000000000 ) ) ;
#5214 = EDGE_CURVE ( 'NONE', #6162, #3078, #2067, .T. ) ;
#5215 = ORIENTED_EDGE ( 'NONE', *, *, #6566, .T. ) ;
#5216 = CARTESIAN_POINT ( 'NONE',  ( 1.899999999999999911, -0.2500000000000000000, 2.299999999999999822 ) ) ;
#5217 = CARTESIAN_POINT ( 'NONE',  ( -0.2425215054681940652, -0.7074784945318057794, 0.3004301093587473104 ) ) ;
#5218 = ORIENTED_EDGE ( 'NONE', *, *, #429, .T. ) ;
#5219 = LINE ( 'NONE', #1083, #6422 ) ;
#5220 = DIRECTION ( 'NONE',  ( 0.000000000000000000, 0.000000000000000000, 1.000000000000000000 ) ) ;
#5221 = VERTEX_POINT ( 'NONE', #4445 ) ;
#5222 = ORIENTED_EDGE ( 'NONE', *, *, #1408, .T. ) ;
#5223 = CARTESIAN_POINT ( 'NONE',  ( -2.100000000000000089, -0.9416666666666670960, 2.299999999999999822 ) ) ;
#5224 = EDGE_CURVE ( 'NONE', #1189, #4719, #1479, .T. ) ;
#5225 = EDGE_CURVE ( 'NONE', #4692, #4360, #430, .T. ) ;
#5226 = CARTESIAN_POINT ( 'NONE',  ( 0.5538995006676979971, -0.7038995806281430623, 0.3720083874381384659 ) ) ;
#5227 = ORIENTED_EDGE ( 'NONE', *, *, #370, .F. ) ;
#5228 = CYLINDRICAL_SURFACE ( 'NONE', #6667, 0.1000000000000000472 ) ;
#5229 = ORIENTED_EDGE ( 'NONE', *, *, #453, .T. ) ;
#5230 = CARTESIAN_POINT ( 'NONE',  ( -1.899999999999999911, 0.2500000000000000000, 2.299999999999999822 ) ) ;
#5231 = CARTESIAN_POINT ( 'NONE',  ( 1.550000000012000001, 0.4500000000000000111, 2.299999999999999822 ) ) ;
#5232 = EDGE_CURVE ( 'NONE', #7062, #4689, #2722, .T. ) ;
#5233 = ORIENTED_EDGE ( 'NONE', *, *, #3272, .F. ) ;
#5234 = CARTESIAN_POINT ( 'NONE',  ( -0.6261250910721960494, -0.7848455693065752303, 0.2585189754223766179 ) ) ;
#5235 = DIRECTION ( 'NONE',  ( 0.000000000000000000, 1.000000000000000000, 0.000000000000000000 ) ) ;
#5236 = FACE_OUTER_BOUND ( 'NONE', #4827, .T. ) ;
#5237 = LINE ( 'NONE', #320, #6755 ) ;
#5238 = CARTESIAN_POINT ( 'NONE',  ( -1.550000000000000044, 0.2999999999999999889, 2.299999999999999822 ) ) ;
#5239 = EDGE_CURVE ( 'NONE', #5808, #6210, #6232, .T. ) ;
#5240 = CARTESIAN_POINT ( 'NONE',  ( 0.6499999999871857170, 0.3677522090430733193, 0.2499999999999310552 ) ) ;
#5241 = CIRCLE ( 'NONE', #6111, 0.07000000000000018707 ) ;
#5242 = CARTESIAN_POINT ( 'NONE',  ( 2.075000000000000178, 0.000000000000000000, 2.100000000000000089 ) ) ;
#5243 = CARTESIAN_POINT ( 'NONE',  ( -1.949999999999999956, -0.9000000000000000222, 0.6118033988749899121 ) ) ;
#5244 = VERTEX_POINT ( 'NONE', #3793 ) ;
#5245 = CARTESIAN_POINT ( 'NONE',  ( -2.299999999999999822, -0.6500000000000000222, 1.500000000000000000 ) ) ;
#5246 = ORIENTED_EDGE ( 'NONE', *, *, #6753, .F. ) ;
#5247 = DIRECTION ( 'NONE',  ( 0.000000000000000000, 0.000000000000000000, 1.000000000000000000 ) ) ;
#5248 = DIRECTION ( 'NONE',  ( 0.000000000000000000, 0.000000000000000000, -1.000000000000000000 ) ) ;
#5249 = AXIS2_PLACEMENT_3D ( 'NONE', #1418, #3843, #3809 ) ;
#5250 = ORIENTED_EDGE ( 'NONE', *, *, #3875, .F. ) ;
#5251 = CIRCLE ( 'NONE', #885, 0.2000009471890610013 ) ;
#5252 = VECTOR ( 'NONE', #1603, 1000.000000000000000 ) ;
#5253 = CARTESIAN_POINT ( 'NONE',  ( 0.7500000000000000000, -0.6849999999999999423, 0.7500000000000000000 ) ) ;
#5254 = DIRECTION ( 'NONE',  ( 0.000000000000000000, 0.000000000000000000, -1.000000000000000000 ) ) ;
#5255 = ORIENTED_EDGE ( 'NONE', *, *, #133, .F. ) ;
#5256 = CARTESIAN_POINT ( 'NONE',  ( -0.2461754054898195043, -0.9115440117052999724, 0.3735081097972909880 ) ) ;
#5257 = CARTESIAN_POINT ( 'NONE',  ( 2.299999999999999822, -0.6449999999999999067, 1.800000000000000044 ) ) ;
#5258 = ORIENTED_EDGE ( 'NONE', *, *, #2361, .T. ) ;
#5259 = ORIENTED_EDGE ( 'NONE', *, *, #1640, .T. ) ;
#5260 = LINE ( 'NONE', #2803, #7562 ) ;
#5261 = VECTOR ( 'NONE', #7355, 1000.000000000000000 ) ;
#5262 = AXIS2_PLACEMENT_3D ( 'NONE', #4629, #5840, #4593 ) ;
#5263 = ADVANCED_FACE ( 'NONE', ( #3861 ), #6164, .T. ) ;
#5264 = CARTESIAN_POINT ( 'NONE',  ( 1.925000000000000044, 0.3750000000000000000, 2.100000000000000089 ) ) ;
#5265 = ORIENTED_EDGE ( 'NONE', *, *, #4094, .T. ) ;
#5266 = ADVANCED_FACE ( 'NONE', ( #4482 ), #1403, .F. ) ;
#5267 = VECTOR ( 'NONE', #3289, 1000.000000000000000 ) ;
#5268 = DIRECTION ( 'NONE',  ( 0.000000000000000000, -1.000000000000000000, 0.000000000000000000 ) ) ;
#5269 = AXIS2_PLACEMENT_3D ( 'NONE', #910, #6931, #5086 ) ;
#5270 = ORIENTED_EDGE ( 'NONE', *, *, #2115, .T. ) ;
#5271 = ORIENTED_EDGE ( 'NONE', *, *, #3342, .T. ) ;
#5272 = CARTESIAN_POINT ( 'NONE',  ( -1.541322326374999774, 0.3800000000000000044, 2.330000000000000071 ) ) ;
#5273 = CYLINDRICAL_SURFACE ( 'NONE', #4648, 0.1000000000000000056 ) ;
#5274 = ORIENTED_EDGE ( 'NONE', *, *, #4416, .T. ) ;
#5275 = CIRCLE ( 'NONE', #6138, 0.07999999999999998779 ) ;
#5276 = VECTOR ( 'NONE', #6191, 1000.000000000000000 ) ;
#5277 = CARTESIAN_POINT ( 'NONE',  ( -0.6836623985643000001, -0.2336623985642999890, 0.2500000000000000000 ) ) ;
#5278 = ADVANCED_FACE ( 'NONE', ( #3201 ), #3829, .T. ) ;
#5279 = CARTESIAN_POINT ( 'NONE',  ( 1.930000000000000160, -0.3086776736253000197, 2.330000000000000071 ) ) ;
#5280 = DIRECTION ( 'NONE',  ( 0.000000000000000000, 0.000000000000000000, -1.000000000000000000 ) ) ;
#5281 = VECTOR ( 'NONE', #3463, 1000.000000000000000 ) ;
#5282 = CARTESIAN_POINT ( 'NONE',  ( -2.000000000000000000, -0.2999999999782059779, 2.299999999999999822 ) ) ;
#5283 = DIRECTION ( 'NONE',  ( 0.000000000000000000, 0.000000000000000000, 1.000000000000000000 ) ) ;
#5284 = AXIS2_PLACEMENT_3D ( 'NONE', #362, #3963, #6969 ) ;
#5285 = ORIENTED_EDGE ( 'NONE', *, *, #7637, .F. ) ;
#5286 = EDGE_CURVE ( 'NONE', #4923, #7201, #2144, .T. ) ;
#5287 = DIRECTION ( 'NONE',  ( 0.000000000000000000, -1.000000000000000000, 0.000000000000000000 ) ) ;
#5288 = DIRECTION ( 'NONE',  ( 0.000000000000000000, 0.000000000000000000, 1.000000000000000000 ) ) ;
#5289 = VERTEX_POINT ( 'NONE', #229 ) ;
#5290 = DIRECTION ( 'NONE',  ( -1.000000000000000000, 0.000000000000000000, 0.000000000000000000 ) ) ;
#5291 = ORIENTED_EDGE ( 'NONE', *, *, #7054, .F. ) ;
#5292 = DIRECTION ( 'NONE',  ( 0.000000000000000000, 0.000000000000000000, -1.000000000000000000 ) ) ;
#5293 = VECTOR ( 'NONE', #4652, 1000.000000000000000 ) ;
#5294 = DIRECTION ( 'NONE',  ( 0.000000000000000000, 0.000000000000000000, 1.000000000000000000 ) ) ;
#5295 = EDGE_CURVE ( 'NONE', #574, #4633, #6159, .T. ) ;
#5296 = VECTOR ( 'NONE', #1245, 1000.000000000000000 ) ;
#5297 = ORIENTED_EDGE ( 'NONE', *, *, #4979, .F. ) ;
#5298 = LINE ( 'NONE', #1199, #5125 ) ;
#5299 = ORIENTED_EDGE ( 'NONE', *, *, #866, .T. ) ;
#5300 = CARTESIAN_POINT ( 'NONE',  ( -0.8965076756919490020, 0.4982544935069030401, 2.100000000000000089 ) ) ;
#5301 = DIRECTION ( 'NONE',  ( 1.000000000000000000, 0.000000000000000000, 0.000000000000000000 ) ) ;
#5302 = VERTEX_POINT ( 'NONE', #2610 ) ;
#5303 = EDGE_LOOP ( 'NONE', ( #3040, #6866, #2011, #7204 ) ) ;
#5304 = CARTESIAN_POINT ( 'NONE',  ( -0.6499999999999602762, 0.8290151734930252259, 0.2500000000000000555 ) ) ;
#5305 = AXIS2_PLACEMENT_3D ( 'NONE', #1711, #529, #2217 ) ;
#5306 = DIRECTION ( 'NONE',  ( 0.000000000000000000, 0.000000000000000000, -1.000000000000000000 ) ) ;
#5307 = ORIENTED_EDGE ( 'NONE', *, *, #631, .T. ) ;
#5308 = VECTOR ( 'NONE', #4455, 1000.000000000000000 ) ;
#5309 = PLANE ( 'NONE',  #3051 ) ;
#5310 = DIRECTION ( 'NONE',  ( 0.000000000000000000, 0.000000000000000000, -1.000000000000000000 ) ) ;
#5311 = ORIENTED_EDGE ( 'NONE', *, *, #2833, .F. ) ;
#5312 = VERTEX_POINT ( 'NONE', #6199 ) ;
#5313 = DIRECTION ( 'NONE',  ( 0.000000000000000000, 0.000000000000000000, 1.000000000000000000 ) ) ;
#5314 = DIRECTION ( 'NONE',  ( 3.252606517456511724E-15, 1.000000000000000000, 0.000000000000000000 ) ) ;
#5315 = VERTEX_POINT ( 'NONE', #5607 ) ;
#5316 = ADVANCED_FACE ( 'NONE', ( #262 ), #3559, .T. ) ;
#5317 = CARTESIAN_POINT ( 'NONE',  ( 0.8499999999848999455, -1.299999999995513855, 1.399999999999999911 ) ) ;
#5318 = CARTESIAN_POINT ( 'NONE',  ( 1.541322326374999774, -0.3800000000000000044, 2.399999999999999911 ) ) ;
#5319 = LINE ( 'NONE', #6532, #4921 ) ;
#5320 = DIRECTION ( 'NONE',  ( -0.000000000000000000, 0.9987523388778447586, 0.04993761694389219075 ) ) ;
#5321 = LINE ( 'NONE', #4228, #5506 ) ;
#5322 = ORIENTED_EDGE ( 'NONE', *, *, #5862, .F. ) ;
#5323 = EDGE_CURVE ( 'NONE', #330, #6825, #2710, .T. ) ;
#5324 = EDGE_CURVE ( 'NONE', #6942, #7471, #6402, .T. ) ;
#5325 = AXIS2_PLACEMENT_3D ( 'NONE', #4938, #7317, #2080 ) ;
#5326 = VERTEX_POINT ( 'NONE', #3439 ) ;
#5327 = PLANE ( 'NONE',  #2298 ) ;
#5328 = CARTESIAN_POINT ( 'NONE',  ( -1.399999999999999911, 0.000000000000000000, 2.299999999999999822 ) ) ;
#5329 = EDGE_LOOP ( 'NONE', ( #5759, #6730, #5720, #6337, #6352, #4942 ) ) ;
#5330 = CARTESIAN_POINT ( 'NONE',  ( 0.1163376014357000027, 0.3663376014356999888, 0.2500000000000000000 ) ) ;
#5331 = EDGE_LOOP ( 'NONE', ( #1913, #5863, #5175, #341 ) ) ;
#5332 = CARTESIAN_POINT ( 'NONE',  ( 0.000000000000000000, 0.3499999999999999778, 0.000000000000000000 ) ) ;
#5333 = CARTESIAN_POINT ( 'NONE',  ( -0.6499999999999879208, 0.9000000000000000222, 0.2500000000000000000 ) ) ;
#5334 = ADVANCED_FACE ( 'NONE', ( #6358 ), #1125, .F. ) ;
#5335 = ORIENTED_EDGE ( 'NONE', *, *, #3665, .F. ) ;
#5336 = DIRECTION ( 'NONE',  ( -1.000000000000000000, 0.000000000000000000, 0.000000000000000000 ) ) ;
#5337 = ORIENTED_EDGE ( 'NONE', *, *, #1691, .F. ) ;
#5338 = DIRECTION ( 'NONE',  ( 1.000000000000000000, 0.000000000000000000, 0.000000000000000000 ) ) ;
#5339 = CARTESIAN_POINT ( 'NONE',  ( 2.095000000000000195, -0.2750000000000000222, 2.100000000000000089 ) ) ;
#5340 = VERTEX_POINT ( 'NONE', #4642 ) ;
#5341 = CARTESIAN_POINT ( 'NONE',  ( -1.899999999999999911, -0.3499999999999999778, 2.299999999999999822 ) ) ;
#5342 = EDGE_CURVE ( 'NONE', #3376, #7647, #7290, .T. ) ;
#5343 = LINE ( 'NONE', #4834, #2515 ) ;
#5344 = EDGE_LOOP ( 'NONE', ( #71, #2924, #6095, #2367 ) ) ;
#5345 = CARTESIAN_POINT ( 'NONE',  ( -2.104999999999999982, -0.9449999999999999512, 2.299937490231324766 ) ) ;
#5346 = CARTESIAN_POINT ( 'NONE',  ( 2.100000000000000089, -0.9449999999999999512, 2.100000000000000089 ) ) ;
#5347 = VERTEX_POINT ( 'NONE', #4684 ) ;
#5348 = ORIENTED_EDGE ( 'NONE', *, *, #5681, .T. ) ;
#5349 = CARTESIAN_POINT ( 'NONE',  ( -1.925000000000000044, -0.1658312395178000165, 2.200000000000000178 ) ) ;
#5350 = CARTESIAN_POINT ( 'NONE',  ( 1.875000000000000000, 0.000000000000000000, 0.5000000000000000000 ) ) ;
#5351 = EDGE_CURVE ( 'NONE', #492, #5340, #3425, .T. ) ;
#5352 = EDGE_LOOP ( 'NONE', ( #3802, #7074, #5055, #5481 ) ) ;
#5353 = CARTESIAN_POINT ( 'NONE',  ( -0.6499999999999801492, -0.8336623985643000223, 0.2500000000000000000 ) ) ;
#5354 = DIRECTION ( 'NONE',  ( 0.000000000000000000, 0.000000000000000000, -1.000000000000000000 ) ) ;
#5355 = CARTESIAN_POINT ( 'NONE',  ( 2.095000000000000195, -0.2750000000000000222, 2.299999999999999822 ) ) ;
#5356 = DIRECTION ( 'NONE',  ( -1.000000000000000000, 0.000000000000000000, 0.000000000000000000 ) ) ;
#5357 = CARTESIAN_POINT ( 'NONE',  ( 1.525000000000000133, -0.8000000000000000444, 0.5000000000000000000 ) ) ;
#5358 = EDGE_CURVE ( 'NONE', #4713, #1433, #4065, .T. ) ;
#5359 = DIRECTION ( 'NONE',  ( 1.000000000000000000, 0.000000000000000000, 0.000000000000000000 ) ) ;
#5360 = ORIENTED_EDGE ( 'NONE', *, *, #5179, .F. ) ;
#5361 = EDGE_CURVE ( 'NONE', #6385, #5796, #2965, .T. ) ;
#5362 = CARTESIAN_POINT ( 'NONE',  ( 0.1163376014357000027, 0.9105149318544999426, 0.3800000000000000044 ) ) ;
#5363 = DIRECTION ( 'NONE',  ( 0.000000000000000000, 0.000000000000000000, 1.000000000000000000 ) ) ;
#5364 = DIRECTION ( 'NONE',  ( 0.000000000000000000, 0.000000000000000000, -1.000000000000000000 ) ) ;
#5365 = ORIENTED_EDGE ( 'NONE', *, *, #5756, .T. ) ;
#5366 = ORIENTED_EDGE ( 'NONE', *, *, #1938, .T. ) ;
#5367 = DIRECTION ( 'NONE',  ( 1.000000000000000000, 0.000000000000000000, 0.000000000000000000 ) ) ;
#5368 = ORIENTED_EDGE ( 'NONE', *, *, #5324, .T. ) ;
#5369 = ADVANCED_FACE ( 'NONE', ( #5849 ), #5309, .F. ) ;
#5370 = CARTESIAN_POINT ( 'NONE',  ( 2.250000000000000000, 0.4000000000000000222, 0.5000000000000000000 ) ) ;
#5371 = AXIS2_PLACEMENT_3D ( 'NONE', #1134, #5943, #4609 ) ;
#5372 = CARTESIAN_POINT ( 'NONE',  ( -0.9965077996948304984, 0.4568596671965923783, 2.100000000000000089 ) ) ;
#5373 = VERTEX_POINT ( 'NONE', #581 ) ;
#5374 = CARTESIAN_POINT ( 'NONE',  ( -0.5538245945101579748, 0.1038245945101799877, 0.3735081097972889896 ) ) ;
#5375 = VECTOR ( 'NONE', #2805, 1000.000000000000000 ) ;
#5376 =( BOUNDED_CURVE ( )  B_SPLINE_CURVE ( 3, ( #6035, #4712, #1236, #1743 ),
 .UNSPECIFIED., .F., .T. ) 
 B_SPLINE_CURVE_WITH_KNOTS ( ( 4, 4 ),
 ( 4.712388980384689674, 6.233226911461759556 ),
 .UNSPECIFIED. ) 
 CURVE ( )  GEOMETRIC_REPRESENTATION_ITEM ( )  RATIONAL_B_SPLINE_CURVE ( ( 1.000000000000000000, 0.8163648751927269354, 0.8163648751927269354, 1.000000000000000000 ) ) 
 REPRESENTATION_ITEM ( '' )  );
#5377 = DIRECTION ( 'NONE',  ( 0.000000000000000000, 0.000000000000000000, -1.000000000000000000 ) ) ;
#5378 = VERTEX_POINT ( 'NONE', #3395 ) ;
#5379 = ADVANCED_FACE ( 'NONE', ( #541 ), #5228, .T. ) ;
#5380 = DIRECTION ( 'NONE',  ( 0.000000000000000000, 0.000000000000000000, 1.000000000000000000 ) ) ;
#5381 = CARTESIAN_POINT ( 'NONE',  ( -2.220000000000000195, 0.8000000000000000444, 2.299999999999999822 ) ) ;
#5382 = VERTEX_POINT ( 'NONE', #2878 ) ;
#5383 = ORIENTED_EDGE ( 'NONE', *, *, #1691, .T. ) ;
#5384 = CARTESIAN_POINT ( 'NONE',  ( -2.100000000000000089, -0.3062249899919919360, 2.299999999999999822 ) ) ;
#5385 = DIRECTION ( 'NONE',  ( 1.000000000000000000, 0.000000000000000000, 0.000000000000000000 ) ) ;
#5386 = ORIENTED_EDGE ( 'NONE', *, *, #5239, .T. ) ;
#5387 = CIRCLE ( 'NONE', #2024, 0.1000000000000000472 ) ;
#5388 = DIRECTION ( 'NONE',  ( 0.000000000000000000, 1.000000000000000000, 0.000000000000000000 ) ) ;
#5389 = ADVANCED_FACE ( 'NONE', ( #2189, #6953, #2342, #426 ), #7029, .F. ) ;
#5390 = CYLINDRICAL_SURFACE ( 'NONE', #5417, 0.07000000000000018707 ) ;
#5391 = CARTESIAN_POINT ( 'NONE',  ( 0.6499999999999602762, 0.8290151734930252259, 0.2500000000000000555 ) ) ;
#5392 = CARTESIAN_POINT ( 'NONE',  ( 2.250000000000000000, 0.9000000000000000222, 0.5000000000000000000 ) ) ;
#5393 = VECTOR ( 'NONE', #6060, 1000.000000000000000 ) ;
#5394 = VECTOR ( 'NONE', #1160, 1000.000000000000000 ) ;
#5395 = ORIENTED_EDGE ( 'NONE', *, *, #4036, .F. ) ;
#5396 = AXIS2_PLACEMENT_3D ( 'NONE', #992, #6304, #3378 ) ;
#5397 = LINE ( 'NONE', #56, #1923 ) ;
#5398 = FACE_BOUND ( 'NONE', #2161, .T. ) ;
#5399 = ORIENTED_EDGE ( 'NONE', *, *, #7042, .T. ) ;
#5400 = LINE ( 'NONE', #1149, #2012 ) ;
#5401 = ORIENTED_EDGE ( 'NONE', *, *, #7616, .T. ) ;
#5402 = CARTESIAN_POINT ( 'NONE',  ( 0.000000000000000000, 0.3499999999999999778, 0.2500000000000000000 ) ) ;
#5403 = CARTESIAN_POINT ( 'NONE',  ( 1.899999999999999911, 0.09682458365518510635, 2.100000000000000089 ) ) ;
#5404 = ADVANCED_FACE ( 'NONE', ( #1752 ), #4722, .F. ) ;
#5405 = ORIENTED_EDGE ( 'NONE', *, *, #5039, .T. ) ;
#5406 = ORIENTED_EDGE ( 'NONE', *, *, #1201, .F. ) ;
#5407 = CARTESIAN_POINT ( 'NONE',  ( 2.100000000000000089, -0.3750000000000000000, 2.170710678118999759 ) ) ;
#5408 = ORIENTED_EDGE ( 'NONE', *, *, #6089, .T. ) ;
#5409 = AXIS2_PLACEMENT_3D ( 'NONE', #7382, #6366, #5615 ) ;
#5410 = CARTESIAN_POINT ( 'NONE',  ( 0.000000000000000000, -0.2336623985642999890, 0.2500000000000000000 ) ) ;
#5411 = LINE ( 'NONE', #70, #1767 ) ;
#5412 = ORIENTED_EDGE ( 'NONE', *, *, #3314, .F. ) ;
#5413 = LINE ( 'NONE', #7287, #3197 ) ;
#5415 = EDGE_CURVE ( 'NONE', #2822, #4033, #1169, .T. ) ;
#5414 = B_SPLINE_CURVE_WITH_KNOTS ( 'NONE', 3,
 ( #4303, #1962, #4338, #6750 ),
 .UNSPECIFIED., .F., .F.,
 ( 4, 4 ),
 ( 0.000000000000000000, 1.000000000000000000 ),
 .UNSPECIFIED. ) ;
#5416 = EDGE_CURVE ( 'NONE', #2723, #5991, #2845, .T. ) ;
#5417 = AXIS2_PLACEMENT_3D ( 'NONE', #6058, #1333, #123 ) ;
#5418 = EDGE_LOOP ( 'NONE', ( #4295, #483, #4472, #4084 ) ) ;
#5419 = CARTESIAN_POINT ( 'NONE',  ( -1.474999999999999867, -0.3750000000000000000, 2.200000000000000178 ) ) ;
#5420 = ORIENTED_EDGE ( 'NONE', *, *, #5165, .T. ) ;
#5421 = DIRECTION ( 'NONE',  ( 0.000000000000000000, 0.000000000000000000, 1.000000000000000000 ) ) ;
#5422 = DIRECTION ( 'NONE',  ( 0.000000000000000000, 0.000000000000000000, 1.000000000000000000 ) ) ;
#5423 = ORIENTED_EDGE ( 'NONE', *, *, #1319, .T. ) ;
#5424 = ORIENTED_EDGE ( 'NONE', *, *, #2552, .F. ) ;
#5425 = CARTESIAN_POINT ( 'NONE',  ( 0.6448013791789359850, -0.3872780096648078541, 0.2514902811073850275 ) ) ;
#5426 = VECTOR ( 'NONE', #3503, 1000.000000000000114 ) ;
#5427 = CARTESIAN_POINT ( 'NONE',  ( 0.000000000000000000, 0.000000000000000000, 0.000000000000000000 ) ) ;
#5428 = CARTESIAN_POINT ( 'NONE',  ( -2.100000000000000089, -0.9449999999999999512, 1.800000000000000044 ) ) ;
#5429 = ORIENTED_EDGE ( 'NONE', *, *, #6760, .T. ) ;
#5430 =( BOUNDED_CURVE ( )  B_SPLINE_CURVE ( 3, ( #4359, #4438, #6271, #6739 ),
 .UNSPECIFIED., .F., .F. ) 
 B_SPLINE_CURVE_WITH_KNOTS ( ( 4, 4 ),
 ( 4.712388980384689674, 6.233226911457609987 ),
 .UNSPECIFIED. ) 
 CURVE ( )  GEOMETRIC_REPRESENTATION_ITEM ( )  RATIONAL_B_SPLINE_CURVE ( ( 1.000000000000000000, 0.8163648751936799508, 0.8163648751936799508, 1.000000000000000000 ) ) 
 REPRESENTATION_ITEM ( '' )  );
#5431 = EDGE_CURVE ( 'NONE', #6065, #6550, #2260, .T. ) ;
#5432 = VECTOR ( 'NONE', #6569, 1000.000000000000000 ) ;
#5433 = CARTESIAN_POINT ( 'NONE',  ( 0.000000000000000000, -0.4500000000000000111, 2.299999999999999822 ) ) ;
#5434 = DIRECTION ( 'NONE',  ( -1.000000000000000000, 0.000000000000000000, 0.000000000000000000 ) ) ;
#5435 = CARTESIAN_POINT ( 'NONE',  ( -0.2461754054898420141, 0.1038245945101746032, 0.3735081097972909880 ) ) ;
#5436 = VECTOR ( 'NONE', #6915, 1000.000000000000114 ) ;
#5437 = EDGE_CURVE ( 'NONE', #1499, #1795, #3153, .T. ) ;
#5438 = AXIS2_PLACEMENT_3D ( 'NONE', #3552, #4016, #7682 ) ;
#5439 = CARTESIAN_POINT ( 'NONE',  ( 2.220000000000000195, 0.8000000000000000444, 2.100000000000000089 ) ) ;
#5440 = DIRECTION ( 'NONE',  ( 1.000000000000000000, 0.000000000000000000, 0.000000000000000000 ) ) ;
#5441 = ORIENTED_EDGE ( 'NONE', *, *, #1832, .F. ) ;
#5442 = CARTESIAN_POINT ( 'NONE',  ( 0.2461754054898004918, 0.4961754054898009914, 0.3735081097969095154 ) ) ;
#5443 = DIRECTION ( 'NONE',  ( 0.000000000000000000, 0.000000000000000000, -1.000000000000000000 ) ) ;
#5444 = CARTESIAN_POINT ( 'NONE',  ( -0.6500000000000000222, -0.9000000000000000222, 0.000000000000000000 ) ) ;
#5445 = CIRCLE ( 'NONE', #207, 0.2000009471890610013 ) ;
#5446 = DIRECTION ( 'NONE',  ( 0.000000000000000000, 1.000000000000000000, 0.000000000000000000 ) ) ;
#5447 = VERTEX_POINT ( 'NONE', #7253 ) ;
#5448 = CIRCLE ( 'NONE', #7422, 0.1000000000000000472 ) ;
#5449 = DIRECTION ( 'NONE',  ( 0.000000000000000000, 1.000000000000000000, 0.000000000000000000 ) ) ;
#5450 = DIRECTION ( 'NONE',  ( 1.000000000000000000, 0.000000000000000000, 0.000000000000000000 ) ) ;
#5451 = EDGE_LOOP ( 'NONE', ( #6072, #4796, #2911, #5617 ) ) ;
#5452 = EDGE_CURVE ( 'NONE', #1080, #1782, #1307, .T. ) ;
#5453 = CARTESIAN_POINT ( 'NONE',  ( 1.849999999982935073, -0.3800000000000000044, 2.330000000000000071 ) ) ;
#5454 = ORIENTED_EDGE ( 'NONE', *, *, #513, .T. ) ;
#5455 = CARTESIAN_POINT ( 'NONE',  ( -0.6500000000000000222, -0.9000000000000000222, 0.000000000000000000 ) ) ;
#5456 = PLANE ( 'NONE',  #3007 ) ;
#5457 = EDGE_LOOP ( 'NONE', ( #1420, #3841, #6183, #2178 ) ) ;
#5458 = DIRECTION ( 'NONE',  ( 0.000000000000000000, 0.000000000000000000, -1.000000000000000000 ) ) ;
#5459 = DIRECTION ( 'NONE',  ( -0.03489418781326630165, -0.01744177813809045033, -0.9992388003036282162 ) ) ;
#5460 = ORIENTED_EDGE ( 'NONE', *, *, #199, .T. ) ;
#5461 = EDGE_CURVE ( 'NONE', #5860, #7207, #1835, .T. ) ;
#5462 = VERTEX_POINT ( 'NONE', #6672 ) ;
#5463 = CARTESIAN_POINT ( 'NONE',  ( -2.103430618434448895, -0.3166624233220352580, 2.299999999999999822 ) ) ;
#5464 = EDGE_CURVE ( 'NONE', #1951, #3917, #307, .T. ) ;
#5465 = DIRECTION ( 'NONE',  ( -1.000000000000000000, 0.000000000000000000, 0.000000000000000000 ) ) ;
#5466 = ORIENTED_EDGE ( 'NONE', *, *, #7707, .F. ) ;
#5467 = LINE ( 'NONE', #3642, #3799 ) ;
#5468 = CARTESIAN_POINT ( 'NONE',  ( 0.5350000000000000311, 0.5150000000000000133, 0.7500000000000000000 ) ) ;
#5469 = EDGE_CURVE ( 'NONE', #2996, #3293, #4422, .T. ) ;
#5470 = CARTESIAN_POINT ( 'NONE',  ( 1.908333333333295023, -0.1105541596784880010, 2.200000000000000178 ) ) ;
#5471 = CARTESIAN_POINT ( 'NONE',  ( -2.194999999999999840, -0.2750000000000000222, 2.495600000000000041 ) ) ;
#5472 = CARTESIAN_POINT ( 'NONE',  ( -0.2650000000000000133, 0.9000000000000000222, 0.7500000000000000000 ) ) ;
#5473 = ORIENTED_EDGE ( 'NONE', *, *, #2276, .T. ) ;
#5474 = EDGE_CURVE ( 'NONE', #4007, #561, #682, .T. ) ;
#5475 = CARTESIAN_POINT ( 'NONE',  ( 1.925000000000000044, -0.9000000000000000222, 2.100000000000000089 ) ) ;
#5476 = ORIENTED_EDGE ( 'NONE', *, *, #7432, .T. ) ;
#5477 = CARTESIAN_POINT ( 'NONE',  ( 0.000000000000000000, 0.000000000000000000, 2.399999999999999911 ) ) ;
#5478 = DIRECTION ( 'NONE',  ( 0.000000000000000000, 0.000000000000000000, -1.000000000000000000 ) ) ;
#5479 = CLOSED_SHELL ( 'NONE', ( #7321, #1716, #2405, #7684, #422, #496, #6839, #4885, #3849, #2856, #5067, #7043, #6512, #7699, #5734, #6096, #3620, #3874, #646, #1879, #2942, #6315, #4859, #5499, #4718, #3771, #6078, #5263, #1071, #1947, #4373, #6077, #2317, #4229, #4813, #473, #7456, #7568, #3362, #1437, #7663, #5389, #753, #4181, #6653, #3184, #6536, #1426, #5707, #2564, #2894, #6715, #3379, #917, #1607, #6937, #350, #4225, #2083, #4972, #1309, #7138, #6467, #5379, #3837, #4897, #6643, #4500, #3611, #6231, #6296, #5404, #4866, #1455, #6416, #4060, #3159, #7155, #795, #6815, #3746, #2430, #2259, #5316, #1995, #1641, #4670, #495, #552, #4935, #655, #2223, #7208, #3980, #1597, #1989, #7225, #6276, #3629, #690, #6250, #1972, #2737, #6544, #245, #6803, #6459, #4707, #5646, #5508, #2994, #3409 ) ) ;
#5480 = DIRECTION ( 'NONE',  ( 0.000000000000000000, 0.000000000000000000, -1.000000000000000000 ) ) ;
#5481 = ORIENTED_EDGE ( 'NONE', *, *, #4380, .F. ) ;
#5482 = EDGE_CURVE ( 'NONE', #797, #2328, #1871, .T. ) ;
#5483 = CARTESIAN_POINT ( 'NONE',  ( -1.275000000000000133, 0.3499999999999999778, 0.2500000000000000000 ) ) ;
#5484 = DIRECTION ( 'NONE',  ( 0.000000000000000000, 0.000000000000000000, 1.000000000000000000 ) ) ;
#5485 = ORIENTED_EDGE ( 'NONE', *, *, #5691, .T. ) ;
#5486 = DIRECTION ( 'NONE',  ( 0.000000000000000000, -1.000000000000000000, 0.000000000000000000 ) ) ;
#5487 = VECTOR ( 'NONE', #2329, 1000.000000000000000 ) ;
#5488 = VERTEX_POINT ( 'NONE', #4328 ) ;
#5489 = CARTESIAN_POINT ( 'NONE',  ( -0.2425215054681925386, 0.4925215054681931215, 0.3004301093587461446 ) ) ;
#5490 = FACE_OUTER_BOUND ( 'NONE', #2303, .T. ) ;
#5491 = DIRECTION ( 'NONE',  ( -0.000000000000000000, 1.000000000000000000, 0.000000000000000000 ) ) ;
#5492 = ORIENTED_EDGE ( 'NONE', *, *, #4085, .T. ) ;
#5493 = ORIENTED_EDGE ( 'NONE', *, *, #6985, .T. ) ;
#5494 = DIRECTION ( 'NONE',  ( -1.000000000000000000, 0.000000000000000000, 0.000000000000000000 ) ) ;
#5495 = FACE_OUTER_BOUND ( 'NONE', #543, .T. ) ;
#5496 = CARTESIAN_POINT ( 'NONE',  ( -2.000000000022257307, 0.3878679656450511049, 2.371005050633883116 ) ) ;
#5497 = VERTEX_POINT ( 'NONE', #3111 ) ;
#5498 = EDGE_CURVE ( 'NONE', #1633, #5966, #6708, .T. ) ;
#5499 = ADVANCED_FACE ( 'NONE', ( #3740 ), #143, .T. ) ;
#5500 = ORIENTED_EDGE ( 'NONE', *, *, #2316, .F. ) ;
#5501 = VECTOR ( 'NONE', #5088, 1000.000000000000000 ) ;
#5502 = PLANE ( 'NONE',  #3564 ) ;
#5503 = VECTOR ( 'NONE', #7528, 1000.000000000000000 ) ;
#5504 = DIRECTION ( 'NONE',  ( 0.000000000000000000, 0.000000000000000000, -1.000000000000000000 ) ) ;
#5505 = DIRECTION ( 'NONE',  ( 1.000000000000000000, 0.000000000000000000, 0.000000000000000000 ) ) ;
#5506 = VECTOR ( 'NONE', #3528, 1000.000000000000000 ) ;
#5507 = AXIS2_PLACEMENT_3D ( 'NONE', #718, #5480, #209 ) ;
#5508 = ADVANCED_FACE ( 'NONE', ( #5490 ), #1354, .T. ) ;
#5509 = EDGE_CURVE ( 'NONE', #285, #2000, #7049, .T. ) ;
#5510 = B_SPLINE_CURVE_WITH_KNOTS ( 'NONE', 3,
 ( #6327, #1054, #3910, #431, #1010, #6285, #937, #3443, #894, #3399, #6831, #1482, #975, #4570, #3361, #266, #6405, #2649, #3864, #4486, #6956, #6916 ),
 .UNSPECIFIED., .F., .F.,
 ( 4, 3, 3, 3, 3, 3, 3, 4 ),
 ( 5.421010862427522170E-20, 3.610820105796606655E-05, 7.184635173968897319E-05, 0.0001248418017079286064, 0.0001793155921833519835, 0.0001996016952607257704, 0.0002135996456861059811, 0.0002177643733424368378 ),
 .UNSPECIFIED. ) ;
#5511 = DIRECTION ( 'NONE',  ( 0.000000000000000000, -1.000000000000000000, 0.000000000000000000 ) ) ;
#5512 = PLANE ( 'NONE',  #7401 ) ;
#5513 = CARTESIAN_POINT ( 'NONE',  ( -0.6138242006960050734, 0.4290102114724680948, 0.2651562356328964754 ) ) ;
#5514 = ORIENTED_EDGE ( 'NONE', *, *, #3127, .T. ) ;
#5515 = AXIS2_PLACEMENT_3D ( 'NONE', #1228, #675, #4817 ) ;
#5516 = CARTESIAN_POINT ( 'NONE',  ( -0.8510499682816999867, -0.3755476762774789812, 3.399999999999999911 ) ) ;
#5517 = DIRECTION ( 'NONE',  ( 0.000000000000000000, 1.000000000000000000, 0.000000000000000000 ) ) ;
#5518 = PLANE ( 'NONE',  #1662 ) ;
#5519 = EDGE_CURVE ( 'NONE', #3682, #5326, #1056, .T. ) ;
#5520 = VECTOR ( 'NONE', #4971, 1000.000000000000000 ) ;
#5521 = CARTESIAN_POINT ( 'NONE',  ( -0.5538245945101799572, 0.7175453909421009024, 0.3735081097972909880 ) ) ;
#5522 = ORIENTED_EDGE ( 'NONE', *, *, #3400, .T. ) ;
#5523 = CARTESIAN_POINT ( 'NONE',  ( 0.7500000000000000000, -0.08500000000000000611, 0.7500000000000000000 ) ) ;
#5524 = DIRECTION ( 'NONE',  ( -1.000000000000000000, 0.000000000000000000, 0.000000000000000000 ) ) ;
#5525 = ORIENTED_EDGE ( 'NONE', *, *, #5655, .T. ) ;
#5526 = VECTOR ( 'NONE', #1733, 1000.000000000000000 ) ;
#5527 = ORIENTED_EDGE ( 'NONE', *, *, #2462, .F. ) ;
#5528 = EDGE_CURVE ( 'NONE', #2769, #2134, #804, .T. ) ;
#5529 = AXIS2_PLACEMENT_3D ( 'NONE', #4417, #4488, #1525 ) ;
#5530 = CARTESIAN_POINT ( 'NONE',  ( 0.5538245945101549772, -0.4961754054897979382, 0.3735081097969019659 ) ) ;
#5531 = SURFACE_STYLE_USAGE ( .BOTH. , #141 ) ;
#5532 = CARTESIAN_POINT ( 'NONE',  ( 1.925000000000000044, 0.4749999999999999778, 2.100000000000000089 ) ) ;
#5533 = CARTESIAN_POINT ( 'NONE',  ( 2.194999999999999840, -0.2750000000000000222, 2.484815000000000218 ) ) ;
#5534 = ORIENTED_EDGE ( 'NONE', *, *, #6660, .F. ) ;
#5535 = ORIENTED_EDGE ( 'NONE', *, *, #4727, .T. ) ;
#5536 = CARTESIAN_POINT ( 'NONE',  ( 0.6364217540603454015, -0.4001739667761671226, 0.2544806772622359436 ) ) ;
#5537 = LINE ( 'NONE', #4843, #5822 ) ;
#5538 = AXIS2_PLACEMENT_3D ( 'NONE', #2030, #6828, #2685 ) ;
#5539 = LINE ( 'NONE', #3859, #6277 ) ;
#5540 = ORIENTED_EDGE ( 'NONE', *, *, #2516, .F. ) ;
#5541 = VECTOR ( 'NONE', #4437, 1000.000000000000000 ) ;
#5542 = FACE_OUTER_BOUND ( 'NONE', #3474, .T. ) ;
#5543 = FACE_OUTER_BOUND ( 'NONE', #68, .T. ) ;
#5544 = LINE ( 'NONE', #7229, #4522 ) ;
#5545 = ADVANCED_FACE ( 'NONE', ( #1211 ), #3598, .T. ) ;
#5546 = VECTOR ( 'NONE', #5599, 1000.000000000000000 ) ;
#5547 = DIRECTION ( 'NONE',  ( -1.000000000000000000, 0.000000000000000000, 0.000000000000000000 ) ) ;
#5548 = DIRECTION ( 'NONE',  ( 0.000000000000000000, 0.000000000000000000, 1.000000000000000000 ) ) ;
#5549 = EDGE_LOOP ( 'NONE', ( #7601, #4296, #4567, #4873 ) ) ;
#5550 = CYLINDRICAL_SURFACE ( 'NONE', #147, 0.09999999999999982514 ) ;
#5551 = EDGE_CURVE ( 'NONE', #4063, #1080, #657, .T. ) ;
#5552 = DIRECTION ( 'NONE',  ( 0.9987523388778447586, 0.000000000000000000, 0.04993761694389219075 ) ) ;
#5553 = EDGE_CURVE ( 'NONE', #7549, #5199, #6163, .T. ) ;
#5554 = CARTESIAN_POINT ( 'NONE',  ( 0.2650000000000000133, -0.6849999999999999423, 0.7500000000000000000 ) ) ;
#5555 = AXIS2_PLACEMENT_3D ( 'NONE', #6317, #3824, #884 ) ;
#5556 = DIRECTION ( 'NONE',  ( -1.000000000000000000, 0.000000000000000000, 0.000000000000000000 ) ) ;
#5557 = ORIENTED_EDGE ( 'NONE', *, *, #3542, .T. ) ;
#5558 = FACE_OUTER_BOUND ( 'NONE', #3193, .T. ) ;
#5559 = VERTEX_POINT ( 'NONE', #113 ) ;
#5560 = LINE ( 'NONE', #873, #3326 ) ;
#5561 = ADVANCED_FACE ( 'NONE', ( #695 ), #2492, .F. ) ;
#5562 = AXIS2_PLACEMENT_3D ( 'NONE', #1715, #2875, #7602 ) ;
#5563 = CIRCLE ( 'NONE', #2957, 0.1499999999999999667 ) ;
#5564 = CARTESIAN_POINT ( 'NONE',  ( -1.550000000017999868, -0.4500000000000000111, 2.299999999999999822 ) ) ;
#5565 = CARTESIAN_POINT ( 'NONE',  ( -1.925000000000000044, 0.3750000000000000000, 2.200000000000000178 ) ) ;
#5566 = DIRECTION ( 'NONE',  ( 0.000000000000000000, 0.000000000000000000, -1.000000000000000000 ) ) ;
#5567 = CARTESIAN_POINT ( 'NONE',  ( 1.375000000000000000, -0.5000000000000000000, -0.01353651450349999813 ) ) ;
#5568 = ORIENTED_EDGE ( 'NONE', *, *, #6957, .T. ) ;
#5569 = VERTEX_POINT ( 'NONE', #296 ) ;
#5570 = DIRECTION ( 'NONE',  ( 1.000000000000000000, 2.048735530182999187E-11, 1.626303258728318498E-14 ) ) ;
#5571 = EDGE_CURVE ( 'NONE', #1737, #2439, #6270, .T. ) ;
#5572 = CARTESIAN_POINT ( 'NONE',  ( -1.896862915006424233, 0.3800000000143714529, 2.400000000000003020 ) ) ;
#5573 = ORIENTED_EDGE ( 'NONE', *, *, #2590, .T. ) ;
#5574 = EDGE_LOOP ( 'NONE', ( #5952, #6108, #425, #1320 ) ) ;
#5575 = LINE ( 'NONE', #3791, #4164 ) ;
#5576 = ORIENTED_EDGE ( 'NONE', *, *, #2922, .F. ) ;
#5577 = DIRECTION ( 'NONE',  ( 0.000000000000000000, -1.000000000000000000, 0.000000000000000000 ) ) ;
#5578 = DIRECTION ( 'NONE',  ( 0.000000000000000000, 0.000000000000000000, -1.000000000000000000 ) ) ;
#5579 = DIRECTION ( 'NONE',  ( 0.000000000000000000, -1.000000000000000000, 0.000000000000000000 ) ) ;
#5580 = EDGE_LOOP ( 'NONE', ( #6324, #7268, #3444, #108 ) ) ;
#5581 = LINE ( 'NONE', #6329, #7527 ) ;
#5582 = CARTESIAN_POINT ( 'NONE',  ( 1.399999999999999911, -0.2999999999917654647, 2.299999999999999822 ) ) ;
#5583 = ORIENTED_EDGE ( 'NONE', *, *, #5166, .T. ) ;
#5584 = FACE_OUTER_BOUND ( 'NONE', #7461, .T. ) ;
#5585 = CARTESIAN_POINT ( 'NONE',  ( 1.500000000000000000, -0.2500000000000000000, 2.299999999999999822 ) ) ;
#5586 = PLANE ( 'NONE',  #1164 ) ;
#5587 = EDGE_CURVE ( 'NONE', #5569, #7091, #3933, .T. ) ;
#5588 = EDGE_CURVE ( 'NONE', #4360, #291, #338, .T. ) ;
#5589 = DIRECTION ( 'NONE',  ( -1.000000000000000000, 0.000000000000000000, 0.000000000000000000 ) ) ;
#5590 = ORIENTED_EDGE ( 'NONE', *, *, #5743, .F. ) ;
#5591 = DIRECTION ( 'NONE',  ( 0.000000000000000000, 1.000000000000000000, 0.000000000000000000 ) ) ;
#5592 = ORIENTED_EDGE ( 'NONE', *, *, #189, .F. ) ;
#5593 = DIRECTION ( 'NONE',  ( 0.000000000000000000, 0.000000000000000000, -1.000000000000000000 ) ) ;
#5594 = EDGE_LOOP ( 'NONE', ( #4405, #1120, #7162, #181 ) ) ;
#5595 = EDGE_CURVE ( 'NONE', #6075, #6932, #7332, .T. ) ;
#5596 = CARTESIAN_POINT ( 'NONE',  ( -1.925000000000000044, -0.4000000000000000222, 0.000000000000000000 ) ) ;
#5597 = FILL_AREA_STYLE ('',( #3109 ) ) ;
#5598 = ORIENTED_EDGE ( 'NONE', *, *, #4450, .T. ) ;
#5599 = DIRECTION ( 'NONE',  ( 0.000000000000000000, -1.000000000000000000, 0.000000000000000000 ) ) ;
#5600 = CARTESIAN_POINT ( 'NONE',  ( -0.2461754054898580013, -0.7038245945101510026, 0.3735081097978280029 ) ) ;
#5601 = EDGE_LOOP ( 'NONE', ( #2099, #988, #1928, #3186 ) ) ;
#5602 = ORIENTED_EDGE ( 'NONE', *, *, #6468, .F. ) ;
#5603 = DIRECTION ( 'NONE',  ( -1.000000000000000000, -5.421010862427531636E-15, 0.000000000000000000 ) ) ;
#5604 = EDGE_CURVE ( 'NONE', #81, #574, #2599, .T. ) ;
#5605 = CARTESIAN_POINT ( 'NONE',  ( -0.6499999999999801492, 0.8336623985643000223, 0.2500000000000000000 ) ) ;
#5606 = ORIENTED_EDGE ( 'NONE', *, *, #6706, .T. ) ;
#5607 = CARTESIAN_POINT ( 'NONE',  ( -0.1163376014357000027, 0.8336623985643000223, 0.2500000000000000000 ) ) ;
#5608 = VERTEX_POINT ( 'NONE', #6779 ) ;
#5609 = CARTESIAN_POINT ( 'NONE',  ( 1.899999999999999911, 0.3499999999999999778, 2.100000000000000089 ) ) ;
#5610 = VECTOR ( 'NONE', #4711, 1000.000000000000000 ) ;
#5611 = CARTESIAN_POINT ( 'NONE',  ( -2.100000000000000089, -0.9416666666666670960, 2.100000000000000089 ) ) ;
#5612 = ADVANCED_FACE ( 'NONE', ( #182 ), #1430, .T. ) ;
#5613 = CIRCLE ( 'NONE', #2263, 0.09999999999999982514 ) ;
#5614 = VECTOR ( 'NONE', #3327, 1000.000000000000000 ) ;
#5615 = DIRECTION ( 'NONE',  ( 1.000000000000000000, 0.000000000000000000, 0.000000000000000000 ) ) ;
#5616 = CARTESIAN_POINT ( 'NONE',  ( -0.6457981905897304253, 0.3840382268818187672, 0.2512106842210263258 ) ) ;
#5617 = ORIENTED_EDGE ( 'NONE', *, *, #6786, .T. ) ;
#5618 = DIRECTION ( 'NONE',  ( 0.000000000000000000, 1.000000000000000000, 0.000000000000000000 ) ) ;
#5619 = DIRECTION ( 'NONE',  ( 0.000000000000000000, -1.000000000000000000, 0.000000000000000000 ) ) ;
#5620 = VECTOR ( 'NONE', #4274, 1000.000000000000000 ) ;
#5621 = CARTESIAN_POINT ( 'NONE',  ( 0.8499999999848999455, -1.199999999999999956, 1.199999999999999956 ) ) ;
#5622 = AXIS2_PLACEMENT_3D ( 'NONE', #171, #2519, #4973 ) ;
#5623 = ORIENTED_EDGE ( 'NONE', *, *, #5358, .T. ) ;
#5624 = AXIS2_PLACEMENT_3D ( 'NONE', #2587, #7315, #4311 ) ;
#5625 = DIRECTION ( 'NONE',  ( 0.000000000000000000, 0.000000000000000000, 1.000000000000000000 ) ) ;
#5626 = CIRCLE ( 'NONE', #7013, 0.1499999999999999667 ) ;
#5627 = FACE_OUTER_BOUND ( 'NONE', #1539, .T. ) ;
#5628 = ORIENTED_EDGE ( 'NONE', *, *, #4074, .F. ) ;
#5629 = PLANE ( 'NONE',  #3880 ) ;
#5630 = ORIENTED_EDGE ( 'NONE', *, *, #887, .F. ) ;
#5631 = CYLINDRICAL_SURFACE ( 'NONE', #3449, 0.1000000000000000056 ) ;
#5632 = CARTESIAN_POINT ( 'NONE',  ( 0.2650000000000000133, 0.6849999999999999423, 0.7500000000000000000 ) ) ;
#5633 = ADVANCED_FACE ( 'NONE', ( #2675 ), #2056, .F. ) ;
#5634 = AXIS2_PLACEMENT_3D ( 'NONE', #7032, #2427, #7187 ) ;
#5635 = ORIENTED_EDGE ( 'NONE', *, *, #49, .T. ) ;
#5636 = VECTOR ( 'NONE', #354, 1000.000000000000000 ) ;
#5637 = DIRECTION ( 'NONE',  ( 0.000000000000000000, 1.000000000000000000, 0.000000000000000000 ) ) ;
#5638 = DIRECTION ( 'NONE',  ( -1.000000000000000000, 0.000000000000000000, 0.000000000000000000 ) ) ;
#5639 = ORIENTED_EDGE ( 'NONE', *, *, #6567, .F. ) ;
#5640 = DIRECTION ( 'NONE',  ( 0.000000000000000000, 0.000000000000000000, 1.000000000000000000 ) ) ;
#5641 = DIRECTION ( 'NONE',  ( -1.000000000000000000, 0.000000000000000000, 0.000000000000000000 ) ) ;
#5642 = ORIENTED_EDGE ( 'NONE', *, *, #3983, .T. ) ;
#5643 = ORIENTED_EDGE ( 'NONE', *, *, #4745, .T. ) ;
#5644 = CARTESIAN_POINT ( 'NONE',  ( 1.474999999999999867, -0.3750000000000000000, 2.299999999999999822 ) ) ;
#5645 = EDGE_CURVE ( 'NONE', #7694, #1754, #4306, .T. ) ;
#5646 = ADVANCED_FACE ( 'NONE', ( #3782 ), #7445, .F. ) ;
#5647 = CIRCLE ( 'NONE', #4909, 0.09999999999999982514 ) ;
#5648 = DIRECTION ( 'NONE',  ( -1.000000000000000000, 0.000000000000000000, 0.000000000000000000 ) ) ;
#5649 = ORIENTED_EDGE ( 'NONE', *, *, #4324, .T. ) ;
#5650 = DIRECTION ( 'NONE',  ( 0.000000000000000000, 0.000000000000000000, -1.000000000000000000 ) ) ;
#5651 = EDGE_LOOP ( 'NONE', ( #2846, #5576, #493, #2633 ) ) ;
#5652 = CARTESIAN_POINT ( 'NONE',  ( 2.220000000000000195, 0.4749999999999999778, 2.100000000000000089 ) ) ;
#5653 = VECTOR ( 'NONE', #597, 1000.000000000000000 ) ;
#5654 = CARTESIAN_POINT ( 'NONE',  ( 1.525000000000000133, -0.9499999999999999556, 0.5000000000000000000 ) ) ;
#5655 = EDGE_CURVE ( 'NONE', #291, #7062, #187, .T. ) ;
#5656 = VECTOR ( 'NONE', #1253, 1000.000000000000000 ) ;
#5657 = CARTESIAN_POINT ( 'NONE',  ( 2.095000000000000195, 0.2895950378225999877, 2.299999999999999822 ) ) ;
#5658 = CARTESIAN_POINT ( 'NONE',  ( 2.100000000000000089, -0.9449999999999999512, 1.800000000000000044 ) ) ;
#5659 = DIRECTION ( 'NONE',  ( 1.000000000000000000, 0.000000000000000000, 0.000000000000000000 ) ) ;
#5660 = ORIENTED_EDGE ( 'NONE', *, *, #775, .F. ) ;
#5661 = DIRECTION ( 'NONE',  ( 0.000000000000000000, -1.000000000000000000, 0.000000000000000000 ) ) ;
#5662 = CARTESIAN_POINT ( 'NONE',  ( -2.220000000000000195, 0.4749999999999999778, 2.100000000000000089 ) ) ;
#5663 = CYLINDRICAL_SURFACE ( 'NONE', #2332, 0.2999999999999999334 ) ;
#5664 = EDGE_CURVE ( 'NONE', #1589, #660, #3190, .T. ) ;
#5665 = VECTOR ( 'NONE', #924, 1000.000000000000000 ) ;
#5666 = CARTESIAN_POINT ( 'NONE',  ( 0.6500000000000000222, -0.3499999999999999778, 0.000000000000000000 ) ) ;
#5667 =( BOUNDED_CURVE ( )  B_SPLINE_CURVE ( 3, ( #878, #3739, #6114, #2095 ),
 .UNSPECIFIED., .F., .T. ) 
 B_SPLINE_CURVE_WITH_KNOTS ( ( 4, 4 ),
 ( 5.176216603415940476, 6.746404795305489976 ),
 .UNSPECIFIED. ) 
 CURVE ( )  GEOMETRIC_REPRESENTATION_ITEM ( )  RATIONAL_B_SPLINE_CURVE ( ( 1.000000000000000000, 0.8048811711016460313, 0.8048811711016460313, 1.000000000000000000 ) ) 
 REPRESENTATION_ITEM ( '' )  );
#5668 = EDGE_LOOP ( 'NONE', ( #2695, #1811, #5307, #5368 ) ) ;
#5669 = VECTOR ( 'NONE', #3053, 1000.000000000000000 ) ;
#5670 = DIRECTION ( 'NONE',  ( -0.03489418761611243897, 0.01744210090166309346, -0.9992387946766015938 ) ) ;
#5671 = CARTESIAN_POINT ( 'NONE',  ( -1.899999999999999911, -0.2500000000000000000, 2.658830721404000563 ) ) ;
#5672 = ORIENTED_EDGE ( 'NONE', *, *, #7173, .F. ) ;
#5673 = FACE_OUTER_BOUND ( 'NONE', #4984, .T. ) ;
#5674 = VERTEX_POINT ( 'NONE', #3894 ) ;
#5675 = DIRECTION ( 'NONE',  ( 0.000000000000000000, -1.000000000000000000, 0.000000000000000000 ) ) ;
#5676 = CARTESIAN_POINT ( 'NONE',  ( -0.6836623985643000001, 0.7175453909421009024, 0.3800000000000000044 ) ) ;
#5677 = AXIS2_PLACEMENT_3D ( 'NONE', #4580, #6965, #2498 ) ;
#5678 = VECTOR ( 'NONE', #3602, 1000.000000000000114 ) ;
#5679 = ORIENTED_EDGE ( 'NONE', *, *, #2248, .F. ) ;
#5680 = LINE ( 'NONE', #6152, #749 ) ;
#5681 = EDGE_CURVE ( 'NONE', #3120, #2874, #7481, .T. ) ;
#5682 = CARTESIAN_POINT ( 'NONE',  ( 1.899999999999999911, 0.2500000000000000000, 2.658830721404000563 ) ) ;
#5683 = VERTEX_POINT ( 'NONE', #1470 ) ;
#5684 = VECTOR ( 'NONE', #7174, 1000.000000000000000 ) ;
#5685 = DIRECTION ( 'NONE',  ( 0.000000000000000000, 0.000000000000000000, 1.000000000000000000 ) ) ;
#5686 = CARTESIAN_POINT ( 'NONE',  ( -0.2425215054678760696, -0.1074784945321239638, 0.3004301093584688109 ) ) ;
#5687 = ORIENTED_EDGE ( 'NONE', *, *, #3311, .F. ) ;
#5688 = ORIENTED_EDGE ( 'NONE', *, *, #5694, .T. ) ;
#5689 = DIRECTION ( 'NONE',  ( 0.000000000000000000, -1.000000000000000000, 0.000000000000000000 ) ) ;
#5690 = CIRCLE ( 'NONE', #2457, 0.2000009471890974166 ) ;
#5691 = EDGE_CURVE ( 'NONE', #3004, #492, #6677, .T. ) ;
#5692 = DIRECTION ( 'NONE',  ( 0.000000000000000000, 0.000000000000000000, 1.000000000000000000 ) ) ;
#5693 = ORIENTED_EDGE ( 'NONE', *, *, #3207, .T. ) ;
#5694 = EDGE_CURVE ( 'NONE', #5302, #2084, #3227, .T. ) ;
#5695 = LINE ( 'NONE', #6322, #6918 ) ;
#5696 = DIRECTION ( 'NONE',  ( 0.000000000000000000, 0.000000000000000000, -1.000000000000000000 ) ) ;
#5697 = DIRECTION ( 'NONE',  ( 0.04987546680538130356, -0.04987546680549700961, -0.9975093361076271536 ) ) ;
#5698 = ADVANCED_FACE ( 'NONE', ( #251 ), #3937, .F. ) ;
#5699 = DIRECTION ( 'NONE',  ( 1.000000000000000000, 0.000000000000000000, 0.000000000000000000 ) ) ;
#5700 = DIRECTION ( 'NONE',  ( -1.000000000000000000, 0.000000000000000000, 0.000000000000000000 ) ) ;
#5701 = ORIENTED_EDGE ( 'NONE', *, *, #351, .T. ) ;
#5702 = DIRECTION ( 'NONE',  ( 0.000000000000000000, 0.000000000000000000, 1.000000000000000000 ) ) ;
#5703 = DIRECTION ( 'NONE',  ( 0.000000000000000000, -1.000000000000000000, 0.000000000000000000 ) ) ;
#5704 = DIRECTION ( 'NONE',  ( -0.9987523388778447586, 0.000000000000000000, 0.04993761694389219075 ) ) ;
#5705 = DIRECTION ( 'NONE',  ( 0.000000000000000000, 0.000000000000000000, 1.000000000000000000 ) ) ;
#5706 = ORIENTED_EDGE ( 'NONE', *, *, #5894, .T. ) ;
#5707 = ADVANCED_FACE ( 'NONE', ( #1391 ), #6154, .F. ) ;
#5708 = FACE_OUTER_BOUND ( 'NONE', #731, .T. ) ;
#5709 = LINE ( 'NONE', #5243, #2639 ) ;
#5710 = ORIENTED_EDGE ( 'NONE', *, *, #3484, .F. ) ;
#5711 = DIRECTION ( 'NONE',  ( 0.000000000000000000, 0.000000000000000000, 1.000000000000000000 ) ) ;
#5712 = ORIENTED_EDGE ( 'NONE', *, *, #3442, .T. ) ;
#5713 = DIRECTION ( 'NONE',  ( 0.000000000000000000, 0.000000000000000000, -1.000000000000000000 ) ) ;
#5714 = DIRECTION ( 'NONE',  ( 0.000000000000000000, -1.000000000000000000, 0.000000000000000000 ) ) ;
#5715 = ORIENTED_EDGE ( 'NONE', *, *, #1337, .F. ) ;
#5716 = ADVANCED_FACE ( 'NONE', ( #2179 ), #417, .F. ) ;
#5717 = EDGE_CURVE ( 'NONE', #847, #4205, #7059, .T. ) ;
#5718 = DIRECTION ( 'NONE',  ( 0.000000000000000000, 1.000000000000000000, 0.000000000000000000 ) ) ;
#5719 = CARTESIAN_POINT ( 'NONE',  ( -0.8500000000151008983, -1.299999999995513855, 1.399999999999999911 ) ) ;
#5720 = ORIENTED_EDGE ( 'NONE', *, *, #6841, .F. ) ;
#5721 = CARTESIAN_POINT ( 'NONE',  ( -1.375000000000000000, 0.4000000000000000222, 0.5000000000000000000 ) ) ;
#5722 = CARTESIAN_POINT ( 'NONE',  ( 2.299999999999999822, -0.9449999999999999512, 2.299999999999999822 ) ) ;
#5723 = EDGE_LOOP ( 'NONE', ( #2683, #7303, #4080, #1287 ) ) ;
#5724 = VERTEX_POINT ( 'NONE', #2916 ) ;
#5725 = CARTESIAN_POINT ( 'NONE',  ( 1.474999999999999867, 0.4749999999999999778, 2.100000000000000089 ) ) ;
#5726 = LINE ( 'NONE', #2876, #5503 ) ;
#5727 = ORIENTED_EDGE ( 'NONE', *, *, #5744, .T. ) ;
#5728 = CARTESIAN_POINT ( 'NONE',  ( 2.250000000000000000, 0.9000000000000000222, 0.5000000000000000000 ) ) ;
#5729 = ORIENTED_EDGE ( 'NONE', *, *, #745, .T. ) ;
#5730 = DIRECTION ( 'NONE',  ( 0.000000000000000000, 1.000000000000000000, 0.000000000000000000 ) ) ;
#5731 = CARTESIAN_POINT ( 'NONE',  ( 2.299999999999999822, -0.9250000000000000444, 2.299999999999999822 ) ) ;
#5732 = VERTEX_POINT ( 'NONE', #5300 ) ;
#5733 = EDGE_CURVE ( 'NONE', #1690, #6825, #4125, .T. ) ;
#5734 = ADVANCED_FACE ( 'NONE', ( #6508 ), #1117, .T. ) ;
#5735 = CYLINDRICAL_SURFACE ( 'NONE', #1893, 0.07000000000000018707 ) ;
#5736 = CARTESIAN_POINT ( 'NONE',  ( 1.875000000000000000, -0.9000000000000000222, 0.6118033988749899121 ) ) ;
#5737 = AXIS2_PLACEMENT_3D ( 'NONE', #2094, #2751, #805 ) ;
#5738 = CARTESIAN_POINT ( 'NONE',  ( -0.6499999999871857170, 0.3677522090430735413, 0.2499999999999310552 ) ) ;
#5739 = CARTESIAN_POINT ( 'NONE',  ( -1.849999999987155030, 0.4500000000000000111, 2.299999999999999822 ) ) ;
#5740 = LINE ( 'NONE', #2199, #6514 ) ;
#5741 = LINE ( 'NONE', #1019, #6185 ) ;
#5742 = CARTESIAN_POINT ( 'NONE',  ( 1.275000000000000133, -0.4000000000000000222, 0.000000000000000000 ) ) ;
#5743 = EDGE_CURVE ( 'NONE', #3893, #2092, #7678, .T. ) ;
#5744 = EDGE_CURVE ( 'NONE', #994, #2595, #7638, .T. ) ;
#5745 = AXIS2_PLACEMENT_3D ( 'NONE', #5931, #7100, #4757 ) ;
#5746 = ORIENTED_EDGE ( 'NONE', *, *, #7042, .F. ) ;
#5747 = DIRECTION ( 'NONE',  ( 0.000000000000000000, 0.000000000000000000, -1.000000000000000000 ) ) ;
#5748 = CARTESIAN_POINT ( 'NONE',  ( -1.050000000000000044, 0.000000000000000000, 2.299999999999999822 ) ) ;
#5749 = ORIENTED_EDGE ( 'NONE', *, *, #3789, .T. ) ;
#5750 = VECTOR ( 'NONE', #5711, 1000.000000000000000 ) ;
#5751 = CIRCLE ( 'NONE', #7259, 0.1000000000000000472 ) ;
#5752 = CARTESIAN_POINT ( 'NONE',  ( -0.8500000000151003432, -1.299999999997755840, 1.199999526405469252 ) ) ;
#5753 = ORIENTED_EDGE ( 'NONE', *, *, #4978, .F. ) ;
#5754 = CARTESIAN_POINT ( 'NONE',  ( 0.6254115804877641294, -0.7840767419022824924, 0.2588844017590293811 ) ) ;
#5755 = LINE ( 'NONE', #4089, #3781 ) ;
#5756 = EDGE_CURVE ( 'NONE', #5378, #6693, #2754, .T. ) ;
#5757 = CIRCLE ( 'NONE', #3887, 0.1000000000000000472 ) ;
#5758 = VECTOR ( 'NONE', #2859, 1000.000000000000000 ) ;
#5759 = ORIENTED_EDGE ( 'NONE', *, *, #6123, .F. ) ;
#5760 = CARTESIAN_POINT ( 'NONE',  ( -1.050000000000000044, 0.4749999999999999778, 2.100000000000000089 ) ) ;
#5761 = DIRECTION ( 'NONE',  ( 0.000000000000000000, -1.000000000000000000, 0.000000000000000000 ) ) ;
#5762 = ORIENTED_EDGE ( 'NONE', *, *, #3789, .F. ) ;
#5763 = CARTESIAN_POINT ( 'NONE',  ( 2.250000000000000000, 0.4000000000000000222, 0.5000000000000000000 ) ) ;
#5764 = DIRECTION ( 'NONE',  ( 0.000000000000000000, 0.000000000000000000, -1.000000000000000000 ) ) ;
#5765 = VERTEX_POINT ( 'NONE', #7597 ) ;
#5766 = PLANE ( 'NONE',  #950 ) ;
#5767 = AXIS2_PLACEMENT_3D ( 'NONE', #1915, #3256, #290 ) ;
#5768 = VECTOR ( 'NONE', #6780, 1000.000000000000114 ) ;
#5769 = EDGE_CURVE ( 'NONE', #5848, #3078, #5138, .T. ) ;
#5770 = AXIS2_PLACEMENT_3D ( 'NONE', #5043, #1343, #3245 ) ;
#5771 = B_SPLINE_CURVE_WITH_KNOTS ( 'NONE', 3,
 ( #1289, #3679, #3045, #621, #5425, #1249, #5536, #6119, #186, #1839, #6085, #6597, #4916, #6633, #146, #7298, #83, #1914, #4362 ),
 .UNSPECIFIED., .F., .F.,
 ( 4, 3, 3, 3, 3, 3, 4 ),
 ( 3.640159346738029324E-18, 1.394167521382477085E-05, 3.719266728732568853E-05, 9.327844884875954856E-05, 0.0001462968542005963748, 0.0001849416358355090713, 0.0002190250876781799810 ),
 .UNSPECIFIED. ) ;
#5772 = CARTESIAN_POINT ( 'NONE',  ( -2.120000000000000107, 0.9000000000000000222, 2.299999999999999822 ) ) ;
#5773 = ORIENTED_EDGE ( 'NONE', *, *, #1664, .T. ) ;
#5774 = DIRECTION ( 'NONE',  ( 0.000000000000000000, 0.000000000000000000, -1.000000000000000000 ) ) ;
#5775 = ORIENTED_EDGE ( 'NONE', *, *, #2640, .F. ) ;
#5776 = CARTESIAN_POINT ( 'NONE',  ( 1.600000000000000089, 0.2500000000000000000, 2.299999999999999822 ) ) ;
#5777 = DIRECTION ( 'NONE',  ( 0.000000000000000000, 0.000000000000000000, -1.000000000000000000 ) ) ;
#5778 = VECTOR ( 'NONE', #4544, 1000.000000000000000 ) ;
#5779 = ORIENTED_EDGE ( 'NONE', *, *, #2500, .F. ) ;
#5780 = B_SPLINE_CURVE_WITH_KNOTS ( 'NONE', 3,
 ( #4717, #5304, #575, #2337, #6354, #2961, #723, #4832, #4793, #7133, #1788, #7246, #4174, #34, #5999, #1902, #1241, #6623, #4286 ),
 .UNSPECIFIED., .F., .F.,
 ( 4, 3, 3, 3, 3, 3, 4 ),
 ( 3.640159346738029324E-18, 1.394167521382473527E-05, 3.719266728732542425E-05, 9.327844884875880318E-05, 0.0001462968542005959954, 0.0001849416358355089357, 0.0002190252273589171725 ),
 .UNSPECIFIED. ) ;
#5781 = CIRCLE ( 'NONE', #2428, 0.1000000000000000472 ) ;
#5782 = FACE_OUTER_BOUND ( 'NONE', #5457, .T. ) ;
#5783 = EDGE_CURVE ( 'NONE', #4713, #2742, #3385, .T. ) ;
#5784 = FACE_OUTER_BOUND ( 'NONE', #2029, .T. ) ;
#5785 = LINE ( 'NONE', #4494, #4020 ) ;
#5786 = DIRECTION ( 'NONE',  ( 0.000000000000000000, 0.000000000000000000, -1.000000000000000000 ) ) ;
#5787 = CARTESIAN_POINT ( 'NONE',  ( -1.050000000000000044, 0.4000000000000000222, 2.100000000000000089 ) ) ;
#5788 = AXIS2_PLACEMENT_3D ( 'NONE', #854, #2765, #5577 ) ;
#5789 = ORIENTED_EDGE ( 'NONE', *, *, #1505, .T. ) ;
#5790 = DIRECTION ( 'NONE',  ( 1.000000000000000000, 0.000000000000000000, 0.000000000000000000 ) ) ;
#5791 = ADVANCED_FACE ( 'NONE', ( #4714 ), #5185, .F. ) ;
#5792 = PLANE ( 'NONE',  #6133 ) ;
#5793 = ORIENTED_EDGE ( 'NONE', *, *, #745, .F. ) ;
#5794 = ADVANCED_FACE ( 'NONE', ( #2293 ), #3567, .T. ) ;
#5795 = DIRECTION ( 'NONE',  ( 0.000000000000000000, 1.000000000000000000, 0.000000000000000000 ) ) ;
#5796 = VERTEX_POINT ( 'NONE', #1669 ) ;
#5797 = CARTESIAN_POINT ( 'NONE',  ( 0.6499135366580358619, -0.8308306163300765990, 0.2500232564856164075 ) ) ;
#5798 = CARTESIAN_POINT ( 'NONE',  ( 2.095000000000000195, -0.2750000000000000222, 2.200000000000000178 ) ) ;
#5799 = ORIENTED_EDGE ( 'NONE', *, *, #110, .F. ) ;
#5800 = AXIS2_PLACEMENT_3D ( 'NONE', #3868, #5702, #2776 ) ;
#5801 = PLANE ( 'NONE',  #15 ) ;
#5802 = CARTESIAN_POINT ( 'NONE',  ( -2.000000000000000000, 0.2999999999970339726, 2.299999999999999822 ) ) ;
#5803 = VERTEX_POINT ( 'NONE', #4595 ) ;
#5804 = EDGE_CURVE ( 'NONE', #652, #2918, #6979, .T. ) ;
#5805 = DIRECTION ( 'NONE',  ( 0.000000000000000000, 0.000000000000000000, -1.000000000000000000 ) ) ;
#5806 = CARTESIAN_POINT ( 'NONE',  ( 0.7500000000000000000, -0.08500000000000000611, 0.7500000000000000000 ) ) ;
#5807 = ORIENTED_EDGE ( 'NONE', *, *, #3832, .T. ) ;
#5808 = VERTEX_POINT ( 'NONE', #5721 ) ;
#5809 = FACE_OUTER_BOUND ( 'NONE', #2686, .T. ) ;
#5810 = VECTOR ( 'NONE', #2228, 1000.000000000000000 ) ;
#5811 = AXIS2_PLACEMENT_3D ( 'NONE', #5453, #3144, #1942 ) ;
#5812 = CARTESIAN_POINT ( 'NONE',  ( 0.6502204523753020160, -1.299999999709669840, 1.388875092811109990 ) ) ;
#5813 = VERTEX_POINT ( 'NONE', #6944 ) ;
#5814 = EDGE_CURVE ( 'NONE', #4844, #548, #3975, .T. ) ;
#5815 = DIRECTION ( 'NONE',  ( 0.000000000000000000, 0.000000000000000000, 1.000000000000000000 ) ) ;
#5816 = VERTEX_POINT ( 'NONE', #6433 ) ;
#5817 = CYLINDRICAL_SURFACE ( 'NONE', #2680, 0.2000000000000000944 ) ;
#5818 = CARTESIAN_POINT ( 'NONE',  ( -1.600000000000000089, 0.3499999999999999778, 2.100000000000000089 ) ) ;
#5819 = AXIS2_PLACEMENT_3D ( 'NONE', #6383, #7671, #5292 ) ;
#5820 = ORIENTED_EDGE ( 'NONE', *, *, #3499, .F. ) ;
#5821 = DIRECTION ( 'NONE',  ( 0.000000000000000000, 0.000000000000000000, 1.000000000000000000 ) ) ;
#5822 = VECTOR ( 'NONE', #7223, 1000.000000000000000 ) ;
#5823 = DIRECTION ( 'NONE',  ( 0.000000000000000000, 0.000000000000000000, -1.000000000000000000 ) ) ;
#5824 = CARTESIAN_POINT ( 'NONE',  ( 0.6261250910721960494, 0.7848455693065752303, 0.2585189754223766179 ) ) ;
#5825 = CYLINDRICAL_SURFACE ( 'NONE', #6252, 0.1000000000000000472 ) ;
#5826 = DIRECTION ( 'NONE',  ( 0.000000000000000000, 0.000000000000000000, -1.000000000000000000 ) ) ;
#5827 = CARTESIAN_POINT ( 'NONE',  ( -1.849999999996985167, -0.3800000000000000044, 2.330000000000000071 ) ) ;
#5828 = ORIENTED_EDGE ( 'NONE', *, *, #5232, .F. ) ;
#5829 = CARTESIAN_POINT ( 'NONE',  ( -1.275000000000000133, -0.3499999999999999778, 0.000000000000000000 ) ) ;
#5830 = CARTESIAN_POINT ( 'NONE',  ( 0.2461754054898420141, 0.1038245945101799877, 0.3735081097972894892 ) ) ;
#5831 = ORIENTED_EDGE ( 'NONE', *, *, #1297, .F. ) ;
#5832 = DIRECTION ( 'NONE',  ( 1.000000000000000000, 0.000000000000000000, 0.000000000000000000 ) ) ;
#5833 = ORIENTED_EDGE ( 'NONE', *, *, #3932, .F. ) ;
#5834 = DIRECTION ( 'NONE',  ( -1.000000000000000000, 0.000000000000000000, 0.000000000000000000 ) ) ;
#5835 = LINE ( 'NONE', #3619, #413 ) ;
#5836 = CARTESIAN_POINT ( 'NONE',  ( -1.525000000000000133, -0.8000000000000000444, 0.1749999999999999889 ) ) ;
#5837 = EDGE_CURVE ( 'NONE', #416, #697, #6350, .T. ) ;
#5838 = EDGE_CURVE ( 'NONE', #6693, #7558, #5219, .T. ) ;
#5839 = CARTESIAN_POINT ( 'NONE',  ( 1.375000000000000000, 0.4000000000000000222, 0.000000000000000000 ) ) ;
#5840 = DIRECTION ( 'NONE',  ( 0.000000000000000000, -1.000000000000000000, 0.000000000000000000 ) ) ;
#5841 = ORIENTED_EDGE ( 'NONE', *, *, #3177, .F. ) ;
#5842 = FACE_OUTER_BOUND ( 'NONE', #2143, .T. ) ;
#5843 = LINE ( 'NONE', #375, #5901 ) ;
#5844 = ORIENTED_EDGE ( 'NONE', *, *, #7199, .T. ) ;
#5845 = ORIENTED_EDGE ( 'NONE', *, *, #1809, .T. ) ;
#5846 = ADVANCED_FACE ( 'NONE', ( #5842 ), #3469, .T. ) ;
#5847 = DIRECTION ( 'NONE',  ( -1.000000000000000000, 0.000000000000000000, 0.000000000000000000 ) ) ;
#5848 = VERTEX_POINT ( 'NONE', #5370 ) ;
#5849 = FACE_OUTER_BOUND ( 'NONE', #1451, .T. ) ;
#5850 = VERTEX_POINT ( 'NONE', #31 ) ;
#5851 = ORIENTED_EDGE ( 'NONE', *, *, #4449, .F. ) ;
#5852 = CARTESIAN_POINT ( 'NONE',  ( -2.250000000000000000, 0.9000000000000000222, 2.100000000000000089 ) ) ;
#5853 = DIRECTION ( 'NONE',  ( 0.000000000000000000, 1.000000000000000000, 0.000000000000000000 ) ) ;
#5854 = ADVANCED_FACE ( 'NONE', ( #6073 ), #1899, .F. ) ;
#5855 = FACE_OUTER_BOUND ( 'NONE', #2840, .T. ) ;
#5856 = CARTESIAN_POINT ( 'NONE',  ( 0.5540493129827800400, -0.4958718802752545285, 0.3690137403439990305 ) ) ;
#5857 = DIRECTION ( 'NONE',  ( 1.000000000000000000, 0.000000000000000000, 0.000000000000000000 ) ) ;
#5858 = CARTESIAN_POINT ( 'NONE',  ( 0.5567020315621749038, 0.7075736932594643980, 0.3465428590174057244 ) ) ;
#5859 = LINE ( 'NONE', #556, #3269 ) ;
#5860 = VERTEX_POINT ( 'NONE', #3700 ) ;
#5861 = DIRECTION ( 'NONE',  ( 0.000000000000000000, 0.000000000000000000, 1.000000000000000000 ) ) ;
#5862 = EDGE_CURVE ( 'NONE', #1758, #5724, #5178, .T. ) ;
#5863 = ORIENTED_EDGE ( 'NONE', *, *, #2148, .F. ) ;
#5864 = LINE ( 'NONE', #4778, #4404 ) ;
#5865 = LINE ( 'NONE', #7702, #2898 ) ;
#5866 = ORIENTED_EDGE ( 'NONE', *, *, #7637, .T. ) ;
#5867 = DIRECTION ( 'NONE',  ( 0.000000000000000000, 0.000000000000000000, -1.000000000000000000 ) ) ;
#5868 = ORIENTED_EDGE ( 'NONE', *, *, #6326, .F. ) ;
#5869 = PRODUCT_DEFINITION ( 'UNKNOWN', '', #6816, #4363 ) ;
#5870 = CARTESIAN_POINT ( 'NONE',  ( 1.908333333333315007, -0.1105541596785106079, 2.100000000000000089 ) ) ;
#5871 = DIRECTION ( 'NONE',  ( 1.000000000000000000, 0.000000000000000000, 0.000000000000000000 ) ) ;
#5872 = TOROIDAL_SURFACE ( 'NONE', #3005, 0.2000000000000000111, 0.1000000000000000056 ) ;
#5873 = VECTOR ( 'NONE', #482, 1000.000000000000000 ) ;
#5874 = ORIENTED_EDGE ( 'NONE', *, *, #4744, .T. ) ;
#5875 = AXIS2_PLACEMENT_3D ( 'NONE', #7487, #4566, #6951 ) ;
#5876 = LINE ( 'NONE', #5253, #4878 ) ;
#5877 = LINE ( 'NONE', #2955, #3260 ) ;
#5878 = ORIENTED_EDGE ( 'NONE', *, *, #5498, .F. ) ;
#5879 = DIRECTION ( 'NONE',  ( 0.000000000000000000, 0.000000000000000000, 1.000000000000000000 ) ) ;
#5880 = DIRECTION ( 'NONE',  ( 1.000000000000000000, 0.000000000000000000, 0.000000000000000000 ) ) ;
#5881 = VERTEX_POINT ( 'NONE', #4790 ) ;
#5882 = ADVANCED_FACE ( 'NONE', ( #720 ), #647, .T. ) ;
#5883 = EDGE_LOOP ( 'NONE', ( #2449, #1107, #4066, #2104, #2954, #6307, #571, #7085, #5687 ) ) ;
#5884 = CARTESIAN_POINT ( 'NONE',  ( 1.474999999999999867, 0.000000000000000000, 2.200000000000000178 ) ) ;
#5885 = CIRCLE ( 'NONE', #2273, 0.2000000000000000944 ) ;
#5886 = VECTOR ( 'NONE', #7560, 1000.000000000000000 ) ;
#5887 = DIRECTION ( 'NONE',  ( 0.000000000000000000, 0.000000000000000000, 1.000000000000000000 ) ) ;
#5888 = VERTEX_POINT ( 'NONE', #4829 ) ;
#5889 = VECTOR ( 'NONE', #1501, 1000.000000000000000 ) ;
#5890 = DIRECTION ( 'NONE',  ( 0.000000000000000000, 0.000000000000000000, -1.000000000000000000 ) ) ;
#5891 = VECTOR ( 'NONE', #5659, 1000.000000000000000 ) ;
#5892 = CARTESIAN_POINT ( 'NONE',  ( 0.8499999999848999455, -0.9000000000000000222, 1.699999999999999956 ) ) ;
#5893 = ORIENTED_EDGE ( 'NONE', *, *, #4425, .T. ) ;
#5894 = EDGE_CURVE ( 'NONE', #816, #257, #7170, .T. ) ;
#5895 = ORIENTED_EDGE ( 'NONE', *, *, #3723, .F. ) ;
#5896 = DIRECTION ( 'NONE',  ( 0.000000000000000000, 0.000000000000000000, -1.000000000000000000 ) ) ;
#5897 = EDGE_CURVE ( 'NONE', #2763, #539, #7713, .T. ) ;
#5898 = DIRECTION ( 'NONE',  ( 0.000000000000000000, 0.000000000000000000, 1.000000000000000000 ) ) ;
#5899 = ORIENTED_EDGE ( 'NONE', *, *, #6000, .T. ) ;
#5900 = VECTOR ( 'NONE', #6975, 1000.000000000000227 ) ;
#5901 = VECTOR ( 'NONE', #2755, 1000.000000000000000 ) ;
#5902 = CARTESIAN_POINT ( 'NONE',  ( 1.375000000000000000, 0.5000000000000000000, 0.2500000000000000000 ) ) ;
#5903 = EDGE_LOOP ( 'NONE', ( #6652, #6006 ) ) ;
#5904 = DIRECTION ( 'NONE',  ( -1.000000000000000000, 0.000000000000000000, 0.000000000000000000 ) ) ;
#5905 = FACE_OUTER_BOUND ( 'NONE', #6540, .T. ) ;
#5906 = ADVANCED_FACE ( 'NONE', ( #7284 ), #1826, .T. ) ;
#5907 = CIRCLE ( 'NONE', #289, 0.2999999999999999334 ) ;
#5908 = CARTESIAN_POINT ( 'NONE',  ( 1.275000000000000133, -0.9000000000000000222, 0.000000000000000000 ) ) ;
#5909 = ORIENTED_EDGE ( 'NONE', *, *, #6794, .F. ) ;
#5910 = AXIS2_PLACEMENT_3D ( 'NONE', #2160, #3452, #6967 ) ;
#5911 = CARTESIAN_POINT ( 'NONE',  ( 1.908333333333315007, 0.1105541596784976044, 2.100000000000000089 ) ) ;
#5912 = DIRECTION ( 'NONE',  ( 0.000000000000000000, 0.000000000000000000, 1.000000000000000000 ) ) ;
#5913 = ORIENTED_EDGE ( 'NONE', *, *, #3455, .T. ) ;
#5914 = EDGE_CURVE ( 'NONE', #6503, #2461, #3102, .T. ) ;
#5915 = DIRECTION ( 'NONE',  ( 1.000000000000000000, 0.000000000000000000, 0.000000000000000000 ) ) ;
#5916 = EDGE_LOOP ( 'NONE', ( #7690, #4253, #2744, #7477 ) ) ;
#5917 = CARTESIAN_POINT ( 'NONE',  ( -0.8965076417431270261, -0.4982544935069809777, 2.100000000000000089 ) ) ;
#5918 = AXIS2_PLACEMENT_3D ( 'NONE', #5471, #2508, #4342 ) ;
#5919 = FACE_OUTER_BOUND ( 'NONE', #3067, .T. ) ;
#5920 = AXIS2_PLACEMENT_3D ( 'NONE', #3447, #474, #2851 ) ;
#5921 = ORIENTED_EDGE ( 'NONE', *, *, #2933, .T. ) ;
#5922 = CARTESIAN_POINT ( 'NONE',  ( 1.899999999999999911, 0.4749999999999999778, 2.100000000000000089 ) ) ;
#5923 = DIRECTION ( 'NONE',  ( -1.000000000000000000, 0.000000000000000000, 0.000000000000000000 ) ) ;
#5924 = VERTEX_POINT ( 'NONE', #5483 ) ;
#5925 = EDGE_CURVE ( 'NONE', #2077, #7647, #6552, .T. ) ;
#5926 = DIRECTION ( 'NONE',  ( 1.000000000000000000, 0.000000000000000000, 0.000000000000000000 ) ) ;
#5927 = CARTESIAN_POINT ( 'NONE',  ( -1.949999999999999956, -0.9000000000000000222, 0.5000000000000000000 ) ) ;
#5928 = ORIENTED_EDGE ( 'NONE', *, *, #7214, .T. ) ;
#5929 = FACE_BOUND ( 'NONE', #4424, .T. ) ;
#5930 = VECTOR ( 'NONE', #6393, 1000.000000000000000 ) ;
#5931 = CARTESIAN_POINT ( 'NONE',  ( -2.299999999999999822, -0.3750000000000000000, 2.299999999999999822 ) ) ;
#5932 = VERTEX_POINT ( 'NONE', #4210 ) ;
#5933 = CARTESIAN_POINT ( 'NONE',  ( -2.101666840326624985, -0.9427777777777780477, 2.299999999999999822 ) ) ;
#5934 = DIRECTION ( 'NONE',  ( -1.000000000000000000, 0.000000000000000000, 0.000000000000000000 ) ) ;
#5935 = ORIENTED_EDGE ( 'NONE', *, *, #1475, .T. ) ;
#5936 = ORIENTED_EDGE ( 'NONE', *, *, #1961, .F. ) ;
#5937 = CARTESIAN_POINT ( 'NONE',  ( -0.6500000000000000222, 0.3499999999999999778, 0.2500000000000000000 ) ) ;
#5938 = CARTESIAN_POINT ( 'NONE',  ( -0.8474676097277999975, 0.3737570427544000262, 3.502585326900000240 ) ) ;
#5939 = ORIENTED_EDGE ( 'NONE', *, *, #1023, .F. ) ;
#5940 = VECTOR ( 'NONE', #5102, 1000.000000000000000 ) ;
#5941 = EDGE_CURVE ( 'NONE', #5497, #6529, #3030, .T. ) ;
#5942 = EDGE_CURVE ( 'NONE', #2763, #2227, #5962, .T. ) ;
#5943 = DIRECTION ( 'NONE',  ( -0.000000000000000000, 1.000000000000000000, 0.000000000000000000 ) ) ;
#5944 = DIRECTION ( 'NONE',  ( -1.807003620809174583E-15, 0.000000000000000000, -1.000000000000000000 ) ) ;
#5945 = DIRECTION ( 'NONE',  ( 0.000000000000000000, -1.000000000000000000, 0.000000000000000000 ) ) ;
#5946 = VECTOR ( 'NONE', #5011, 1000.000000000000000 ) ;
#5947 = DIRECTION ( 'NONE',  ( 1.000000000000000000, 0.000000000000000000, 0.000000000000000000 ) ) ;
#5948 = EDGE_CURVE ( 'NONE', #4788, #4444, #2188, .T. ) ;
#5949 = AXIS2_PLACEMENT_3D ( 'NONE', #7163, #1818, #5443 ) ;
#5950 = CARTESIAN_POINT ( 'NONE',  ( -1.375000000000000000, -0.5000000000000000000, 0.2500000000000000000 ) ) ;
#5951 = CARTESIAN_POINT ( 'NONE',  ( 1.399999999999999911, -0.2999999999839644826, 2.330000000000000071 ) ) ;
#5952 = ORIENTED_EDGE ( 'NONE', *, *, #442, .F. ) ;
#5953 = DIRECTION ( 'NONE',  ( 0.000000000000000000, 1.000000000000000000, 0.000000000000000000 ) ) ;
#5954 = ORIENTED_EDGE ( 'NONE', *, *, #4353, .T. ) ;
#5955 = DIRECTION ( 'NONE',  ( 0.000000000000000000, 1.000000000000000000, 0.000000000000000000 ) ) ;
#5956 = CARTESIAN_POINT ( 'NONE',  ( -0.1163376014357000027, 0.000000000000000000, 0.2500000000000000000 ) ) ;
#5957 = EDGE_CURVE ( 'NONE', #340, #1744, #3625, .T. ) ;
#5958 = ORIENTED_EDGE ( 'NONE', *, *, #4085, .F. ) ;
#5959 = ORIENTED_EDGE ( 'NONE', *, *, #7199, .F. ) ;
#5960 = DIRECTION ( 'NONE',  ( 0.000000000000000000, 0.000000000000000000, 1.000000000000000000 ) ) ;
#5961 = VERTEX_POINT ( 'NONE', #4750 ) ;
#5962 = LINE ( 'NONE', #1159, #3942 ) ;
#5963 = CARTESIAN_POINT ( 'NONE',  ( -1.500000000000000000, 0.3499999999999999778, 2.100000000000000089 ) ) ;
#5964 = ORIENTED_EDGE ( 'NONE', *, *, #3558, .T. ) ;
#5965 = CARTESIAN_POINT ( 'NONE',  ( 0.1895068923539612316, -0.4395068923539616201, 0.2500000000000003331 ) ) ;
#5966 = VERTEX_POINT ( 'NONE', #69 ) ;
#5967 = EDGE_CURVE ( 'NONE', #539, #153, #4426, .T. ) ;
#5968 = PRESENTATION_STYLE_ASSIGNMENT (( #2491 ) ) ;
#5969 = EDGE_LOOP ( 'NONE', ( #6811, #5895, #3027, #6458 ) ) ;
#5970 = CARTESIAN_POINT ( 'NONE',  ( -2.250000000000000000, 0.9000000000000000222, 0.000000000000000000 ) ) ;
#5971 = DIRECTION ( 'NONE',  ( -1.000000000000000000, 0.000000000000000000, 0.000000000000000000 ) ) ;
#5972 = ORIENTED_EDGE ( 'NONE', *, *, #6438, .T. ) ;
#5973 = ORIENTED_EDGE ( 'NONE', *, *, #2807, .F. ) ;
#5974 = DIRECTION ( 'NONE',  ( 0.000000000000000000, 0.000000000000000000, -1.000000000000000000 ) ) ;
#5975 = LINE ( 'NONE', #503, #7385 ) ;
#5976 = EDGE_LOOP ( 'NONE', ( #5028, #676, #712, #605 ) ) ;
#5977 =( BOUNDED_CURVE ( )  B_SPLINE_CURVE ( 3, ( #3878, #987, #5168, #5830 ),
 .UNSPECIFIED., .F., .T. ) 
 B_SPLINE_CURVE_WITH_KNOTS ( ( 4, 4 ),
 ( 4.712388980384689674, 6.233226911457609987 ),
 .UNSPECIFIED. ) 
 CURVE ( )  GEOMETRIC_REPRESENTATION_ITEM ( )  RATIONAL_B_SPLINE_CURVE ( ( 1.000000000000000000, 0.8163648751936799508, 0.8163648751936799508, 1.000000000000000000 ) ) 
 REPRESENTATION_ITEM ( '' )  );
#5978 = DIRECTION ( 'NONE',  ( -0.9993908270190957621, 0.000000000000000000, 0.03489949670249994917 ) ) ;
#5979 = DIRECTION ( 'NONE',  ( 0.8320502943378438321, -0.5547001962252288143, 0.000000000000000000 ) ) ;
#5980 = EDGE_CURVE ( 'NONE', #684, #7371, #1785, .T. ) ;
#5981 = ORIENTED_EDGE ( 'NONE', *, *, #351, .F. ) ;
#5982 = FACE_OUTER_BOUND ( 'NONE', #1390, .T. ) ;
#5983 = PLANE ( 'NONE',  #3270 ) ;
#5984 = VERTEX_POINT ( 'NONE', #1864 ) ;
#5985 = CARTESIAN_POINT ( 'NONE',  ( -2.075000000000000178, 0.000000000000000000, 2.299999999999999822 ) ) ;
#5986 = VERTEX_POINT ( 'NONE', #6619 ) ;
#5987 = ADVANCED_FACE ( 'NONE', ( #1274 ), #136, .F. ) ;
#5988 = PLANE ( 'NONE',  #3707 ) ;
#5989 = EDGE_CURVE ( 'NONE', #6215, #4235, #2113, .T. ) ;
#5990 = DIRECTION ( 'NONE',  ( 0.04987546680538137989, -0.04987546680548218814, -0.9975093361076278198 ) ) ;
#5991 = VERTEX_POINT ( 'NONE', #7462 ) ;
#5992 = VERTEX_POINT ( 'NONE', #5739 ) ;
#5993 = CARTESIAN_POINT ( 'NONE',  ( 1.500000000000000000, 0.3499999999999999778, 2.299999999999999822 ) ) ;
#5994 = ORIENTED_EDGE ( 'NONE', *, *, #2832, .F. ) ;
#5995 = DIRECTION ( 'NONE',  ( -1.000000000000000000, 0.000000000000000000, 0.000000000000000000 ) ) ;
#5996 = AXIS2_PLACEMENT_3D ( 'NONE', #1427, #3817, #4980 ) ;
#5997 = PLANE ( 'NONE',  #760 ) ;
#5998 = ORIENTED_EDGE ( 'NONE', *, *, #4503, .F. ) ;
#5999 = CARTESIAN_POINT ( 'NONE',  ( -0.5635974630727036416, 0.7153549246078093615, 0.3247292784674539190 ) ) ;
#6000 = EDGE_CURVE ( 'NONE', #3146, #2520, #394, .T. ) ;
#6001 = CIRCLE ( 'NONE', #520, 0.2000000000000000944 ) ;
#6002 = EDGE_LOOP ( 'NONE', ( #1574, #984, #6856, #5844, #7028 ) ) ;
#6003 = DIRECTION ( 'NONE',  ( 0.000000000000000000, 1.000000000000000000, 0.000000000000000000 ) ) ;
#6004 = DIRECTION ( 'NONE',  ( 1.000000000000000000, 0.000000000000000000, 0.000000000000000000 ) ) ;
#6005 = ORIENTED_EDGE ( 'NONE', *, *, #2727, .T. ) ;
#6006 = ORIENTED_EDGE ( 'NONE', *, *, #6143, .T. ) ;
#6007 = PLANE ( 'NONE',  #3576 ) ;
#6008 = ADVANCED_FACE ( 'NONE', ( #317 ), #7425, .F. ) ;
#6009 = VECTOR ( 'NONE', #6342, 1000.000000000000000 ) ;
#6010 = AXIS2_PLACEMENT_3D ( 'NONE', #833, #3216, #751 ) ;
#6011 = DIRECTION ( 'NONE',  ( 1.000000000000000000, 0.000000000000000000, 0.000000000000000000 ) ) ;
#6012 = CARTESIAN_POINT ( 'NONE',  ( -1.849999999953999996, 0.4500000000000000111, 2.330000000000000071 ) ) ;
#6013 = ORIENTED_EDGE ( 'NONE', *, *, #3037, .T. ) ;
#6014 = AXIS2_PLACEMENT_3D ( 'NONE', #4894, #6763, #1413 ) ;
#6015 = CIRCLE ( 'NONE', #526, 0.2000009471890974166 ) ;
#6016 = DIRECTION ( 'NONE',  ( 0.000000000000000000, 1.000000000000000000, 0.000000000000000000 ) ) ;
#6017 = CARTESIAN_POINT ( 'NONE',  ( 1.849999999997190114, 0.4500000000000000111, 2.299999999999999822 ) ) ;
#6018 = CYLINDRICAL_SURFACE ( 'NONE', #1395, 0.1300000000000000044 ) ;
#6019 = AXIS2_PLACEMENT_3D ( 'NONE', #3084, #663, #5465 ) ;
#6020 = AXIS2_PLACEMENT_3D ( 'NONE', #7181, #3042, #4217 ) ;
#6021 = EDGE_LOOP ( 'NONE', ( #489, #5048, #7364, #7341, #2857 ) ) ;
#6022 = DIRECTION ( 'NONE',  ( 1.000000000000000000, 0.000000000000000000, 0.000000000000000000 ) ) ;
#6023 = AXIS2_PLACEMENT_3D ( 'NONE', #1490, #1377, #2620 ) ;
#6024 = DIRECTION ( 'NONE',  ( -0.000000000000000000, 0.9987523388778447586, 0.04993761694389219075 ) ) ;
#6025 = LINE ( 'NONE', #1771, #7264 ) ;
#6026 = ORIENTED_EDGE ( 'NONE', *, *, #5180, .T. ) ;
#6027 = CARTESIAN_POINT ( 'NONE',  ( 0.1895068923539629802, 0.4395068923539629524, 0.2500000000000000000 ) ) ;
#6028 = ORIENTED_EDGE ( 'NONE', *, *, #1740, .T. ) ;
#6029 = CARTESIAN_POINT ( 'NONE',  ( 2.299999999999999822, -0.3750000000000000000, 1.500000000000000000 ) ) ;
#6030 = DIRECTION ( 'NONE',  ( 0.000000000000000000, 0.000000000000000000, 1.000000000000000000 ) ) ;
#6031 = AXIS2_PLACEMENT_3D ( 'NONE', #345, #3161, #5648 ) ;
#6032 = EDGE_CURVE ( 'NONE', #4205, #4392, #1568, .T. ) ;
#6033 = EDGE_CURVE ( 'NONE', #381, #7178, #3918, .T. ) ;
#6034 = EDGE_LOOP ( 'NONE', ( #3634, #402, #4310, #1667 ) ) ;
#6035 = CARTESIAN_POINT ( 'NONE',  ( -0.1163376014357000027, -0.3663376014356999888, 0.2500000000000000000 ) ) ;
#6036 = ORIENTED_EDGE ( 'NONE', *, *, #36, .F. ) ;
#6037 = VECTOR ( 'NONE', #3865, 1000.000000000000000 ) ;
#6038 = DIRECTION ( 'NONE',  ( 0.000000000000000000, 0.000000000000000000, 1.000000000000000000 ) ) ;
#6039 = CARTESIAN_POINT ( 'NONE',  ( 2.000000000000000000, -0.2999999999997379763, 2.299999999999999822 ) ) ;
#6040 = ORIENTED_EDGE ( 'NONE', *, *, #2583, .F. ) ;
#6041 = LINE ( 'NONE', #688, #4815 ) ;
#6042 = VECTOR ( 'NONE', #4021, 1000.000000000000000 ) ;
#6043 = EDGE_CURVE ( 'NONE', #2996, #5347, #7175, .T. ) ;
#6044 = ORIENTED_EDGE ( 'NONE', *, *, #5117, .T. ) ;
#6045 = DIRECTION ( 'NONE',  ( 0.000000000000000000, -0.9998476951563913806, -0.01745240643727980628 ) ) ;
#6046 = ORIENTED_EDGE ( 'NONE', *, *, #4324, .F. ) ;
#6047 = DIRECTION ( 'NONE',  ( 0.000000000000000000, 0.000000000000000000, 1.000000000000000000 ) ) ;
#6048 = FACE_OUTER_BOUND ( 'NONE', #3458, .T. ) ;
#6049 = ORIENTED_EDGE ( 'NONE', *, *, #589, .F. ) ;
#6050 = ORIENTED_EDGE ( 'NONE', *, *, #897, .T. ) ;
#6051 = CARTESIAN_POINT ( 'NONE',  ( 1.600000000000000089, 0.2500000000000000000, 2.100000000000000089 ) ) ;
#6052 = VECTOR ( 'NONE', #1984, 1000.000000000000000 ) ;
#6053 = LINE ( 'NONE', #3637, #3899 ) ;
#6054 = CARTESIAN_POINT ( 'NONE',  ( 1.469999999999999973, 0.3086776736253000197, 2.330000000000000071 ) ) ;
#6055 = ORIENTED_EDGE ( 'NONE', *, *, #7584, .F. ) ;
#6056 = EDGE_CURVE ( 'NONE', #1055, #5986, #4493, .T. ) ;
#6057 = AXIS2_PLACEMENT_3D ( 'NONE', #3572, #13, #5504 ) ;
#6058 = CARTESIAN_POINT ( 'NONE',  ( -1.469999999999999973, -0.3086776736253000197, 2.330000000000000071 ) ) ;
#6059 = CARTESIAN_POINT ( 'NONE',  ( -0.5540493129827799290, -0.4958725469090002336, 0.3690137403439989749 ) ) ;
#6060 = DIRECTION ( 'NONE',  ( 0.000000000000000000, -1.000000000000000000, 0.000000000000000000 ) ) ;
#6061 = AXIS2_PLACEMENT_3D ( 'NONE', #2611, #7491, #3950 ) ;
#6062 = AXIS2_PLACEMENT_3D ( 'NONE', #758, #2489, #4865 ) ;
#6063 = DIRECTION ( 'NONE',  ( 0.000000000000000000, -0.9987523388778447586, 0.04993761694389219075 ) ) ;
#6064 = LINE ( 'NONE', #5472, #5134 ) ;
#6065 = VERTEX_POINT ( 'NONE', #1487 ) ;
#6066 = LINE ( 'NONE', #1930, #6879 ) ;
#6067 = ORIENTED_EDGE ( 'NONE', *, *, #985, .T. ) ;
#6068 = DIRECTION ( 'NONE',  ( -1.000000000000000000, 0.000000000000000000, 0.000000000000000000 ) ) ;
#6069 = CARTESIAN_POINT ( 'NONE',  ( -2.100000000000000089, -0.3750000000000000000, 2.100000000000000089 ) ) ;
#6070 = CIRCLE ( 'NONE', #6813, 0.1499999999999999667 ) ;
#6071 = CARTESIAN_POINT ( 'NONE',  ( -2.000000000000000000, -0.2999999999891029834, 2.299999999999999822 ) ) ;
#6072 = ORIENTED_EDGE ( 'NONE', *, *, #2339, .F. ) ;
#6073 = FACE_OUTER_BOUND ( 'NONE', #6525, .T. ) ;
#6074 = DIRECTION ( 'NONE',  ( 0.000000000000000000, 0.000000000000000000, 1.000000000000000000 ) ) ;
#6075 = VERTEX_POINT ( 'NONE', #5159 ) ;
#6076 = PLANE ( 'NONE',  #7189 ) ;
#6077 = ADVANCED_FACE ( 'NONE', ( #356 ), #2197, .T. ) ;
#6078 = ADVANCED_FACE ( 'NONE', ( #3141 ), #4578, .T. ) ;
#6079 = B_SPLINE_CURVE_WITH_KNOTS ( 'NONE', 3,
 ( #4939, #6696, #7318, #1971, #6176, #5002, #4347, #6728, #830, #3765, #2589, #7390, #793, #3176, #1650, #4035, #3961, #400, #3337, #6372, #5240, #6927 ),
 .UNSPECIFIED., .F., .F.,
 ( 4, 3, 3, 3, 3, 3, 3, 4 ),
 ( 5.421010862427522170E-20, 3.610820105796606655E-05, 7.184635173968897319E-05, 0.0001248418017079286064, 0.0001793155921833519835, 0.0001996016952607257704, 0.0002135996456861059811, 0.0002177643733424368378 ),
 .UNSPECIFIED. ) ;
#6080 = DIRECTION ( 'NONE',  ( 0.000000000000000000, 0.000000000000000000, -1.000000000000000000 ) ) ;
#6081 = CARTESIAN_POINT ( 'NONE',  ( 2.200000000000000178, -0.6449999999999999067, 1.500000000000000000 ) ) ;
#6082 = DIRECTION ( 'NONE',  ( 0.000000000000000000, 0.000000000000000000, 1.000000000000000000 ) ) ;
#6083 = ORIENTED_EDGE ( 'NONE', *, *, #5571, .T. ) ;
#6084 = EDGE_LOOP ( 'NONE', ( #1792, #1991, #5642, #135 ) ) ;
#6085 = CARTESIAN_POINT ( 'NONE',  ( 0.5929541861521903101, -0.4525601783265094102, 0.2816745734635833220 ) ) ;
#6086 = DIRECTION ( 'NONE',  ( 0.000000000000000000, -1.000000000000000000, 0.000000000000000000 ) ) ;
#6087 = CARTESIAN_POINT ( 'NONE',  ( -1.896745757718908632, 0.3798000000143352817, 2.400000000000003020 ) ) ;
#6088 = EDGE_CURVE ( 'NONE', #943, #767, #754, .T. ) ;
#6089 = EDGE_CURVE ( 'NONE', #6699, #3217, #6700, .T. ) ;
#6090 = EDGE_LOOP ( 'NONE', ( #3551, #4798, #5527, #6860, #7621, #7109, #2964, #1466, #164, #5828, #1860, #3512, #2613, #4138, #407, #1784, #6117, #5998 ) ) ;
#6091 = ORIENTED_EDGE ( 'NONE', *, *, #5664, .F. ) ;
#6092 = CARTESIAN_POINT ( 'NONE',  ( 0.1895068923541361749, -0.1604931076458638028, 0.2500000000000003331 ) ) ;
#6093 = DIRECTION ( 'NONE',  ( 1.000000000000000000, 0.000000000000000000, 0.000000000000000000 ) ) ;
#6094 = DIRECTION ( 'NONE',  ( -1.000000000000000000, 0.000000000000000000, 0.000000000000000000 ) ) ;
#6095 = ORIENTED_EDGE ( 'NONE', *, *, #3858, .T. ) ;
#6096 = ADVANCED_FACE ( 'NONE', ( #6963 ), #6929, .T. ) ;
#6097 = DIRECTION ( 'NONE',  ( 1.000000000000000000, 0.000000000000000000, 0.000000000000000000 ) ) ;
#6098 = CARTESIAN_POINT ( 'NONE',  ( -0.5641348408898563260, 0.4840570004171071417, 0.3236746148519077382 ) ) ;
#6099 = ORIENTED_EDGE ( 'NONE', *, *, #2358, .F. ) ;
#6100 = CARTESIAN_POINT ( 'NONE',  ( -2.120000000000000107, 0.8000000000000000444, 1.932869999999999866 ) ) ;
#6101 = DIRECTION ( 'NONE',  ( 1.000000000000000000, 0.000000000000000000, 0.000000000000000000 ) ) ;
#6102 = EDGE_CURVE ( 'NONE', #3118, #115, #6106, .T. ) ;
#6103 = DIRECTION ( 'NONE',  ( -1.000000000000000000, 0.000000000000000000, 0.000000000000000000 ) ) ;
#6104 = DIRECTION ( 'NONE',  ( 0.000000000000000000, 0.000000000000000000, -1.000000000000000000 ) ) ;
#6105 = ORIENTED_EDGE ( 'NONE', *, *, #2023, .T. ) ;
#6106 = LINE ( 'NONE', #5523, #689 ) ;
#6107 = CARTESIAN_POINT ( 'NONE',  ( 2.112253379640000261, 0.2336623985642999890, 0.3800000000000000044 ) ) ;
#6108 = ORIENTED_EDGE ( 'NONE', *, *, #3797, .F. ) ;
#6109 = CARTESIAN_POINT ( 'NONE',  ( 0.000000000000000000, 0.000000000000000000, 0.2500000000000000000 ) ) ;
#6110 = ORIENTED_EDGE ( 'NONE', *, *, #7410, .F. ) ;
#6111 = AXIS2_PLACEMENT_3D ( 'NONE', #6112, #762, #4148 ) ;
#6112 = CARTESIAN_POINT ( 'NONE',  ( 1.469999999999999973, 0.2999999999964589881, 2.330000000000000071 ) ) ;
#6113 = ADVANCED_FACE ( 'NONE', ( #5784 ), #2560, .F. ) ;
#6114 = CARTESIAN_POINT ( 'NONE',  ( 0.9965078192825855830, -0.4568596649578947622, 2.099999999999997868 ) ) ;
#6115 = CARTESIAN_POINT ( 'NONE',  ( 1.800000000000000044, -0.2500000000000000000, 2.299999999999999822 ) ) ;
#6116 = CARTESIAN_POINT ( 'NONE',  ( -1.899999999999999911, -0.2500000000000000000, 2.100000000000000089 ) ) ;
#6117 = ORIENTED_EDGE ( 'NONE', *, *, #5989, .F. ) ;
#6118 = VERTEX_POINT ( 'NONE', #6876 ) ;
#6119 = CARTESIAN_POINT ( 'NONE',  ( 0.6261250910721958274, -0.4151544306934251138, 0.2585189754223767289 ) ) ;
#6120 = DIRECTION ( 'NONE',  ( 0.9993908270190957621, 0.000000000000000000, 0.03489949670249994917 ) ) ;
#6121 = CARTESIAN_POINT ( 'NONE',  ( -1.929800000011842931, 0.3467457577231677912, 2.400000000000003020 ) ) ;
#6122 = VECTOR ( 'NONE', #874, 1000.000000000000000 ) ;
#6123 = EDGE_CURVE ( 'NONE', #4212, #3903, #2078, .T. ) ;
#6124 = CARTESIAN_POINT ( 'NONE',  ( -1.925000000000000044, -0.1658312395178000165, 2.100000000000000089 ) ) ;
#6125 = ORIENTED_EDGE ( 'NONE', *, *, #4612, .T. ) ;
#6126 = EDGE_CURVE ( 'NONE', #7135, #5992, #6244, .T. ) ;
#6127 = AXIS2_PLACEMENT_3D ( 'NONE', #1108, #6301, #6933 ) ;
#6128 = DIRECTION ( 'NONE',  ( 0.000000000000000000, 0.000000000000000000, -1.000000000000000000 ) ) ;
#6129 = VECTOR ( 'NONE', #6941, 1000.000000000000000 ) ;
#6130 = FACE_OUTER_BOUND ( 'NONE', #4245, .T. ) ;
#6131 = CARTESIAN_POINT ( 'NONE',  ( -1.474999999999999867, 0.4749999999999999778, 2.100000000000000089 ) ) ;
#6132 = VECTOR ( 'NONE', #1730, 1000.000000000000000 ) ;
#6133 = AXIS2_PLACEMENT_3D ( 'NONE', #3925, #4617, #3373 ) ;
#6134 = ADVANCED_FACE ( 'NONE', ( #4772 ), #2440, .T. ) ;
#6135 = CARTESIAN_POINT ( 'NONE',  ( -1.500000000000000000, 0.2500000000000000000, 2.100000000000000089 ) ) ;
#6136 = DIRECTION ( 'NONE',  ( 0.000000000000000000, 0.000000000000000000, -1.000000000000000000 ) ) ;
#6137 = ORIENTED_EDGE ( 'NONE', *, *, #4265, .F. ) ;
#6138 = AXIS2_PLACEMENT_3D ( 'NONE', #4993, #1366, #7308 ) ;
#6139 = DIRECTION ( 'NONE',  ( 0.000000000000000000, 1.000000000000000000, 0.000000000000000000 ) ) ;
#6140 = DIRECTION ( 'NONE',  ( 0.000000000000000000, 5.420985188938167816E-15, -1.000000000000000000 ) ) ;
#6141 = CARTESIAN_POINT ( 'NONE',  ( 1.275000000000000133, 0.9000000000000000222, 0.5000000000000000000 ) ) ;
#6142 = VECTOR ( 'NONE', #5294, 1000.000000000000000 ) ;
#6143 = EDGE_CURVE ( 'NONE', #7167, #531, #1063, .T. ) ;
#6144 = LINE ( 'NONE', #6658, #4142 ) ;
#6145 = ORIENTED_EDGE ( 'NONE', *, *, #5804, .T. ) ;
#6146 = DIRECTION ( 'NONE',  ( 0.000000000000000000, 0.000000000000000000, -1.000000000000000000 ) ) ;
#6147 = VERTEX_POINT ( 'NONE', #7152 ) ;
#6148 = LINE ( 'NONE', #6184, #5946 ) ;
#6149 = VECTOR ( 'NONE', #444, 1000.000000000000000 ) ;
#6150 = DIRECTION ( 'NONE',  ( 0.000000000000000000, 1.000000000000000000, 0.000000000000000000 ) ) ;
#6151 = AXIS2_PLACEMENT_3D ( 'NONE', #4931, #6757, #7196 ) ;
#6152 = CARTESIAN_POINT ( 'NONE',  ( 0.8499999999848999455, -0.9000000000000000222, 1.100000000000000089 ) ) ;
#6153 = FACE_OUTER_BOUND ( 'NONE', #298, .T. ) ;
#6154 = CYLINDRICAL_SURFACE ( 'NONE', #2053, 0.09999999999999993616 ) ;
#6155 = CARTESIAN_POINT ( 'NONE',  ( -1.050043252580531883, -1.299999991578181913, 1.407711848962633905 ) ) ;
#6156 = ORIENTED_EDGE ( 'NONE', *, *, #2975, .F. ) ;
#6157 = VERTEX_POINT ( 'NONE', #5355 ) ;
#6158 = CARTESIAN_POINT ( 'NONE',  ( 0.2650000000000000133, -0.08500000000000000611, 0.7500000000000000000 ) ) ;
#6159 = B_SPLINE_CURVE_WITH_KNOTS ( 'NONE', 3,
 ( #4410, #6790, #2646, #1441 ),
 .UNSPECIFIED., .F., .F.,
 ( 4, 4 ),
 ( 0.000000000000000000, 1.000000000000000000 ),
 .UNSPECIFIED. ) ;
#6160 = AXIS2_PLACEMENT_3D ( 'NONE', #1518, #5105, #7531 ) ;
#6161 = CARTESIAN_POINT ( 'NONE',  ( -1.525000000000000133, -0.9499999999999999556, -0.1881966011250000015 ) ) ;
#6162 = VERTEX_POINT ( 'NONE', #3527 ) ;
#6163 = CIRCLE ( 'NONE', #3304, 0.07000000000000018707 ) ;
#6164 = CYLINDRICAL_SURFACE ( 'NONE', #2930, 0.1499999999999999667 ) ;
#6165 = DIRECTION ( 'NONE',  ( 0.000000000000000000, 0.000000000000000000, -1.000000000000000000 ) ) ;
#6166 = CARTESIAN_POINT ( 'NONE',  ( 1.550000000002230038, -0.4500000000000000111, 2.299999999999999822 ) ) ;
#6167 = EDGE_CURVE ( 'NONE', #381, #7395, #5114, .T. ) ;
#6168 = EDGE_CURVE ( 'NONE', #2261, #94, #4191, .T. ) ;
#6169 = AXIS2_PLACEMENT_3D ( 'NONE', #2486, #3549, #6548 ) ;
#6170 = SPHERICAL_SURFACE ( 'NONE', #6151, 0.1000000000000000056 ) ;
#6171 = DIRECTION ( 'NONE',  ( 0.000000000000000000, 0.000000000000000000, 1.000000000000000000 ) ) ;
#6172 = ORIENTED_EDGE ( 'NONE', *, *, #4794, .T. ) ;
#6173 = VECTOR ( 'NONE', #4530, 1000.000000000000000 ) ;
#6174 = CARTESIAN_POINT ( 'NONE',  ( -1.050000000000000044, -0.4000000000000000222, 2.495600000000000041 ) ) ;
#6175 = LINE ( 'NONE', #2116, #1082 ) ;
#6176 = CARTESIAN_POINT ( 'NONE',  ( 0.5641348408898566591, 0.4840570004171068641, 0.3236746148519071276 ) ) ;
#6177 = EDGE_CURVE ( 'NONE', #4526, #2192, #3574, .T. ) ;
#6178 = AXIS2_PLACEMENT_3D ( 'NONE', #6908, #7484, #968 ) ;
#6179 = DIRECTION ( 'NONE',  ( 0.000000000000000000, -1.000000000000000000, 0.000000000000000000 ) ) ;
#6180 = CARTESIAN_POINT ( 'NONE',  ( 0.1895068923539629802, -0.7604931076460372807, 0.2500000000000000000 ) ) ;
#6181 = ORIENTED_EDGE ( 'NONE', *, *, #3073, .F. ) ;
#6182 = LINE ( 'NONE', #3846, #1141 ) ;
#6183 = ORIENTED_EDGE ( 'NONE', *, *, #4478, .T. ) ;
#6184 = CARTESIAN_POINT ( 'NONE',  ( 2.299999999999999822, -0.3750000000000000000, 2.100000000000000089 ) ) ;
#6185 = VECTOR ( 'NONE', #5786, 1000.000000000000000 ) ;
#6186 = EDGE_CURVE ( 'NONE', #4202, #4520, #1729, .T. ) ;
#6187 = DIRECTION ( 'NONE',  ( 0.000000000000000000, -1.000000000000000000, 0.000000000000000000 ) ) ;
#6188 = DIRECTION ( 'NONE',  ( -0.9996850167209582194, -0.0001710805505386113034, -0.02509657496676879693 ) ) ;
#6189 = VERTEX_POINT ( 'NONE', #1138 ) ;
#6190 = CARTESIAN_POINT ( 'NONE',  ( -1.469999999999999973, -0.3086776736253000197, 2.399999999999999911 ) ) ;
#6191 = DIRECTION ( 'NONE',  ( 0.000000000000000000, -1.000000000000000000, 0.000000000000000000 ) ) ;
#6192 = ORIENTED_EDGE ( 'NONE', *, *, #2784, .T. ) ;
#6193 = EDGE_LOOP ( 'NONE', ( #1440, #2536, #7607, #7061 ) ) ;
#6194 = CARTESIAN_POINT ( 'NONE',  ( -2.194999999999999840, 0.2895950378225999877, 2.299999999999999822 ) ) ;
#6195 = EDGE_CURVE ( 'NONE', #7392, #3217, #4075, .T. ) ;
#6196 = ORIENTED_EDGE ( 'NONE', *, *, #4619, .T. ) ;
#6197 = PLANE ( 'NONE',  #7281 ) ;
#6198 = ORIENTED_EDGE ( 'NONE', *, *, #1278, .F. ) ;
#6199 = CARTESIAN_POINT ( 'NONE',  ( -1.275000000000000133, 0.3499999999999999778, 0.000000000000000000 ) ) ;
#6200 = CARTESIAN_POINT ( 'NONE',  ( 0.1163376014357000027, -0.2336623985642999890, 0.2500000000000000000 ) ) ;
#6201 = CARTESIAN_POINT ( 'NONE',  ( -0.8500000000151000101, -0.9000000000000000222, 1.100000000000000089 ) ) ;
#6202 = DIRECTION ( 'NONE',  ( 0.000000000000000000, 0.000000000000000000, 1.000000000000000000 ) ) ;
#6203 = EDGE_CURVE ( 'NONE', #2523, #1937, #3448, .T. ) ;
#6204 = CARTESIAN_POINT ( 'NONE',  ( -0.5689999860042995738, 0.4787225111990433546, 0.3138054144995821582 ) ) ;
#6205 = ORIENTED_EDGE ( 'NONE', *, *, #2453, .T. ) ;
#6206 = DIRECTION ( 'NONE',  ( 1.000000000000000000, 0.000000000000000000, 0.000000000000000000 ) ) ;
#6207 = DIRECTION ( 'NONE',  ( 0.000000000000000000, 0.000000000000000000, -1.000000000000000000 ) ) ;
#6208 = CARTESIAN_POINT ( 'NONE',  ( -0.8500000000151000101, -0.9000000000000000222, 1.399999999999999911 ) ) ;
#6209 =( BOUNDED_CURVE ( )  B_SPLINE_CURVE ( 3, ( #5435, #7194, #3646, #2355 ),
 .UNSPECIFIED., .F., .T. ) 
 B_SPLINE_CURVE_WITH_KNOTS ( ( 4, 4 ),
 ( 0.04995839572196249939, 1.570796326794895004 ),
 .UNSPECIFIED. ) 
 CURVE ( )  GEOMETRIC_REPRESENTATION_ITEM ( )  RATIONAL_B_SPLINE_CURVE ( ( 1.000000000000000000, 0.8163648751936769532, 0.8163648751936769532, 1.000000000000000000 ) ) 
 REPRESENTATION_ITEM ( '' )  );
#6210 = VERTEX_POINT ( 'NONE', #475 ) ;
#6211 = DIRECTION ( 'NONE',  ( 0.000000000000000000, 0.000000000000000000, 1.000000000000000000 ) ) ;
#6212 = CARTESIAN_POINT ( 'NONE',  ( 0.000000000000000000, 0.5000000000000000000, 2.299999999999999822 ) ) ;
#6213 = ADVANCED_FACE ( 'NONE', ( #5236 ), #510, .F. ) ;
#6214 = DIRECTION ( 'NONE',  ( 0.000000000000000000, -1.000000000000000000, 0.000000000000000000 ) ) ;
#6215 = VERTEX_POINT ( 'NONE', #4150 ) ;
#6216 = ADVANCED_FACE ( 'NONE', ( #5905 ), #555, .F. ) ;
#6217 = CARTESIAN_POINT ( 'NONE',  ( 0.1163376014357000027, 0.9105149318544999426, 0.3800000000000000044 ) ) ;
#6218 = VERTEX_POINT ( 'NONE', #2354 ) ;
#6219 = CARTESIAN_POINT ( 'NONE',  ( -1.500000000000000000, -0.2500000000000000000, 2.100000000000000089 ) ) ;
#6220 = CARTESIAN_POINT ( 'NONE',  ( -0.5599326875623642508, -0.7112193652824563284, 0.3363227335935349838 ) ) ;
#6221 = CARTESIAN_POINT ( 'NONE',  ( -1.875000000000000000, -0.9499999999999999556, 0.5000000000000000000 ) ) ;
#6222 = ADVANCED_FACE ( 'NONE', ( #4733 ), #6533, .T. ) ;
#6223 = CARTESIAN_POINT ( 'NONE',  ( -1.600000000000000089, -0.3499999999999999778, 2.658830721404000563 ) ) ;
#6224 = CARTESIAN_POINT ( 'NONE',  ( 2.114428444408674945, -0.3342302661617697068, 2.299478871041385375 ) ) ;
#6225 = VERTEX_POINT ( 'NONE', #4848 ) ;
#6226 = EDGE_LOOP ( 'NONE', ( #5964, #4440, #6914, #3192 ) ) ;
#6227 = FACE_OUTER_BOUND ( 'NONE', #4767, .T. ) ;
#6228 = B_SPLINE_CURVE_WITH_KNOTS ( 'NONE', 3,
 ( #1254, #4263, #3686, #6059 ),
 .UNSPECIFIED., .F., .F.,
 ( 4, 4 ),
 ( 0.000000000000000000, 1.000000000000000000 ),
 .UNSPECIFIED. ) ;
#6229 = PLANE ( 'NONE',  #1541 ) ;
#6230 = EDGE_LOOP ( 'NONE', ( #6611, #3480, #7305, #2016 ) ) ;
#6231 = ADVANCED_FACE ( 'NONE', ( #3752 ), #6603, .T. ) ;
#6232 = LINE ( 'NONE', #7489, #2175 ) ;
#6233 = ORIENTED_EDGE ( 'NONE', *, *, #929, .T. ) ;
#6234 = LINE ( 'NONE', #5652, #1438 ) ;
#6235 = AXIS2_PLACEMENT_3D ( 'NONE', #590, #7036, #4770 ) ;
#6236 = CARTESIAN_POINT ( 'NONE',  ( -1.925000000000000044, 0.1658312395178000165, 2.200000000000000178 ) ) ;
#6237 = VECTOR ( 'NONE', #2861, 1000.000000000000000 ) ;
#6238 = AXIS2_PLACEMENT_3D ( 'NONE', #6722, #4930, #6608 ) ;
#6239 = FACE_OUTER_BOUND ( 'NONE', #3070, .T. ) ;
#6240 = EDGE_CURVE ( 'NONE', #6843, #5984, #6228, .T. ) ;
#6241 = CARTESIAN_POINT ( 'NONE',  ( -0.2650000000000000133, 0.6849999999999999423, 0.7500000000000000000 ) ) ;
#6242 = LINE ( 'NONE', #5892, #275 ) ;
#6243 = ORIENTED_EDGE ( 'NONE', *, *, #6492, .T. ) ;
#6244 = LINE ( 'NONE', #901, #75 ) ;
#6245 = DIRECTION ( 'NONE',  ( -1.000000000000000000, 0.000000000000000000, 0.000000000000000000 ) ) ;
#6246 = CARTESIAN_POINT ( 'NONE',  ( -0.6500000000000000222, -0.9000000000000000222, 0.2500000000000000000 ) ) ;
#6247 = VECTOR ( 'NONE', #5591, 1000.000000000000000 ) ;
#6248 = LINE ( 'NONE', #2002, #5520 ) ;
#6249 = COLOUR_RGB ( '',0.7921568627450980005, 0.8196078431372548767, 0.9333333333333333481 ) ;
#6250 = ADVANCED_FACE ( 'NONE', ( #5543 ), #3123, .T. ) ;
#6251 = ORIENTED_EDGE ( 'NONE', *, *, #2032, .T. ) ;
#6252 = AXIS2_PLACEMENT_3D ( 'NONE', #5113, #904, #6245 ) ;
#6253 = CARTESIAN_POINT ( 'NONE',  ( -0.9509890509853829998, 0.3755476763031260212, 3.403489949619245003 ) ) ;
#6254 = VECTOR ( 'NONE', #7666, 1000.000000000000000 ) ;
#6255 = LINE ( 'NONE', #4851, #4008 ) ;
#6256 = DIRECTION ( 'NONE',  ( -1.000000000000000000, 0.000000000000000000, 0.000000000000000000 ) ) ;
#6257 = ORIENTED_EDGE ( 'NONE', *, *, #3499, .T. ) ;
#6258 = CARTESIAN_POINT ( 'NONE',  ( -1.824999999999999956, 0.1658312395178000165, 2.100000000000000089 ) ) ;
#6259 = ORIENTED_EDGE ( 'NONE', *, *, #4121, .T. ) ;
#6260 = CARTESIAN_POINT ( 'NONE',  ( -1.849999999998195088, -0.3800000000000000044, 2.399999999999999911 ) ) ;
#6261 = DIRECTION ( 'NONE',  ( 0.000000000000000000, 0.000000000000000000, 1.000000000000000000 ) ) ;
#6262 = VECTOR ( 'NONE', #2069, 1000.000000000000000 ) ;
#6263 = ORIENTED_EDGE ( 'NONE', *, *, #4612, .F. ) ;
#6264 = EDGE_CURVE ( 'NONE', #1617, #2227, #3645, .T. ) ;
#6265 = EDGE_CURVE ( 'NONE', #1795, #6906, #3164, .T. ) ;
#6266 = CARTESIAN_POINT ( 'NONE',  ( -1.275000000000000133, 0.4000000000000000222, 0.000000000000000000 ) ) ;
#6267 = LINE ( 'NONE', #3851, #1637 ) ;
#6268 = ORIENTED_EDGE ( 'NONE', *, *, #3815, .T. ) ;
#6269 = AXIS2_PLACEMENT_3D ( 'NONE', #2444, #4823, #6030 ) ;
#6270 = LINE ( 'NONE', #6190, #6052 ) ;
#6271 = CARTESIAN_POINT ( 'NONE',  ( 0.5574784945321240581, -0.1074784945321241025, 0.3004301093584688109 ) ) ;
#6272 = EDGE_LOOP ( 'NONE', ( #5534, #5258, #4802, #1397 ) ) ;
#6273 = ORIENTED_EDGE ( 'NONE', *, *, #73, .F. ) ;
#6274 = LINE ( 'NONE', #5725, #197 ) ;
#6275 = PRODUCT_CONTEXT ( 'NONE', #3532, 'mechanical' ) ;
#6276 = ADVANCED_FACE ( 'NONE', ( #1847 ), #155, .F. ) ;
#6277 = VECTOR ( 'NONE', #888, 1000.000000000000000 ) ;
#6278 = ORIENTED_EDGE ( 'NONE', *, *, #5286, .F. ) ;
#6279 = CARTESIAN_POINT ( 'NONE',  ( -0.8500000000151000101, -0.9000000000000000222, 1.399999999999999911 ) ) ;
#6280 = ORIENTED_EDGE ( 'NONE', *, *, #3790, .F. ) ;
#6281 = CARTESIAN_POINT ( 'NONE',  ( 1.849999999995950217, 0.4500000000000000111, 2.330000000000000071 ) ) ;
#6282 = ORIENTED_EDGE ( 'NONE', *, *, #3542, .F. ) ;
#6283 = LINE ( 'NONE', #3323, #2569 ) ;
#6284 = VECTOR ( 'NONE', #1338, 1000.000000000000000 ) ;
#6285 = CARTESIAN_POINT ( 'NONE',  ( -0.5689999860042997959, -0.4787225111990430215, 0.3138054144995816030 ) ) ;
#6286 = EDGE_CURVE ( 'NONE', #5021, #467, #6685, .T. ) ;
#6287 = VECTOR ( 'NONE', #7294, 1000.000000000000000 ) ;
#6288 = CARTESIAN_POINT ( 'NONE',  ( 0.000000000000000000, -0.8336623985643000223, 0.2500000000000000000 ) ) ;
#6289 = CARTESIAN_POINT ( 'NONE',  ( 0.5540493129827800400, 0.3498878721859000063, 0.3690137403439990305 ) ) ;
#6290 = VERTEX_POINT ( 'NONE', #6017 ) ;
#6291 = DIRECTION ( 'NONE',  ( 0.000000000000000000, 1.000000000000000000, 0.000000000000000000 ) ) ;
#6292 = DIRECTION ( 'NONE',  ( 0.000000000000000000, 0.000000000000000000, -1.000000000000000000 ) ) ;
#6293 = LINE ( 'NONE', #358, #3462 ) ;
#6294 = VECTOR ( 'NONE', #7522, 1000.000000000000000 ) ;
#6295 = DIRECTION ( 'NONE',  ( -1.000000000000000000, 0.000000000000000000, 0.000000000000000000 ) ) ;
#6296 = ADVANCED_FACE ( 'NONE', ( #1296 ), #4964, .F. ) ;
#6297 = ORIENTED_EDGE ( 'NONE', *, *, #1256, .F. ) ;
#6298 = LINE ( 'NONE', #2661, #6149 ) ;
#6299 = CARTESIAN_POINT ( 'NONE',  ( 1.699999999999999956, 0.3750000000000000000, 2.299999999999999822 ) ) ;
#6300 = EDGE_LOOP ( 'NONE', ( #3505, #616, #3737, #4835 ) ) ;
#6301 = DIRECTION ( 'NONE',  ( -1.000000000000000000, 0.000000000000000000, 0.000000000000000000 ) ) ;
#6302 = ORIENTED_EDGE ( 'NONE', *, *, #2784, .F. ) ;
#6303 = DIRECTION ( 'NONE',  ( -1.000000000000000000, 0.000000000000000000, 0.000000000000000000 ) ) ;
#6304 = DIRECTION ( 'NONE',  ( -0.000000000000000000, 0.9987523388778447586, 0.04993761694389219075 ) ) ;
#6305 = AXIS2_PLACEMENT_3D ( 'NONE', #3898, #5022, #2138 ) ;
#6306 = ORIENTED_EDGE ( 'NONE', *, *, #5464, .F. ) ;
#6307 = ORIENTED_EDGE ( 'NONE', *, *, #3484, .T. ) ;
#6308 = DIRECTION ( 'NONE',  ( 0.000000000000000000, 0.000000000000000000, -1.000000000000000000 ) ) ;
#6309 = CARTESIAN_POINT ( 'NONE',  ( -0.9965079230507599695, 0.3983003885877945405, 2.100000000000000089 ) ) ;
#6310 = VERTEX_POINT ( 'NONE', #1920 ) ;
#6311 = CIRCLE ( 'NONE', #5438, 0.09999999999999993616 ) ;
#6312 = CARTESIAN_POINT ( 'NONE',  ( -1.375000000000000000, 0.5000000000000000000, -0.01353651450349999813 ) ) ;
#6313 = CARTESIAN_POINT ( 'NONE',  ( -2.200000000000000178, 0.4982544935066191005, 2.100000000000000089 ) ) ;
#6314 = VERTEX_POINT ( 'NONE', #706 ) ;
#6315 = ADVANCED_FACE ( 'NONE', ( #6130 ), #4227, .T. ) ;
#6316 = ORIENTED_EDGE ( 'NONE', *, *, #5452, .T. ) ;
#6317 = CARTESIAN_POINT ( 'NONE',  ( 1.050000000000000044, 0.000000000000000000, 2.200000000000000178 ) ) ;
#6318 = EDGE_CURVE ( 'NONE', #166, #7624, #694, .T. ) ;
#6319 = AXIS2_PLACEMENT_3D ( 'NONE', #3174, #5552, #7351 ) ;
#6320 = LINE ( 'NONE', #7569, #5119 ) ;
#6321 = ORIENTED_EDGE ( 'NONE', *, *, #122, .F. ) ;
#6322 = CARTESIAN_POINT ( 'NONE',  ( 0.000000000000000000, -0.3663376014356999888, 0.2500000000000000000 ) ) ;
#6323 = EDGE_CURVE ( 'NONE', #2106, #6331, #194, .T. ) ;
#6324 = ORIENTED_EDGE ( 'NONE', *, *, #24, .T. ) ;
#6325 = DIRECTION ( 'NONE',  ( -1.000000000000000000, 0.000000000000000000, 0.000000000000000000 ) ) ;
#6326 = EDGE_CURVE ( 'NONE', #5924, #5312, #2433, .T. ) ;
#6327 = CARTESIAN_POINT ( 'NONE',  ( -0.5540493129827799290, -0.4958725469090002336, 0.3690137403439989749 ) ) ;
#6328 = DIRECTION ( 'NONE',  ( 0.000000000000000000, 0.000000000000000000, -1.000000000000000000 ) ) ;
#6329 = CARTESIAN_POINT ( 'NONE',  ( 1.875000000000000000, -0.9000000000000000222, 0.000000000000000000 ) ) ;
#6330 = LINE ( 'NONE', #4760, #1266 ) ;
#6331 = VERTEX_POINT ( 'NONE', #5468 ) ;
#6332 = DIRECTION ( 'NONE',  ( 0.000000000000000000, -1.000000000000000000, 0.000000000000000000 ) ) ;
#6333 = ADVANCED_FACE ( 'NONE', ( #124 ), #2503, .T. ) ;
#6334 = DIRECTION ( 'NONE',  ( -0.5547001962252289253, 0.8320502943378439431, 0.000000000000000000 ) ) ;
#6335 = CARTESIAN_POINT ( 'NONE',  ( 2.157499999997749995, 0.3822975189103910432, 2.299999999999999822 ) ) ;
#6336 = DIRECTION ( 'NONE',  ( 0.000000000000000000, -1.000000000000000000, 0.000000000000000000 ) ) ;
#6337 = ORIENTED_EDGE ( 'NONE', *, *, #4395, .F. ) ;
#6338 = DIRECTION ( 'NONE',  ( 1.000000000000000000, 0.000000000000000000, 0.000000000000000000 ) ) ;
#6339 = DIRECTION ( 'NONE',  ( 0.000000000000000000, 1.000000000000000000, 0.000000000000000000 ) ) ;
#6340 = ORIENTED_EDGE ( 'NONE', *, *, #169, .T. ) ;
#6341 = ADVANCED_FACE ( 'NONE', ( #4883 ), #4339, .F. ) ;
#6342 = DIRECTION ( 'NONE',  ( 0.000000000000000000, -1.000000000000000000, 0.000000000000000000 ) ) ;
#6343 = ORIENTED_EDGE ( 'NONE', *, *, #2736, .F. ) ;
#6344 = CARTESIAN_POINT ( 'NONE',  ( 0.6497454014109926845, -0.8294267819657354934, 0.2500690200451409217 ) ) ;
#6345 = CARTESIAN_POINT ( 'NONE',  ( -1.875000000000000000, -0.8000000000000000444, 0.6500000000000000222 ) ) ;
#6346 = ORIENTED_EDGE ( 'NONE', *, *, #3943, .F. ) ;
#6347 = ORIENTED_EDGE ( 'NONE', *, *, #6862, .T. ) ;
#6348 = CARTESIAN_POINT ( 'NONE',  ( 0.2461754054898195043, 0.9105149318544999426, 0.3735081097972909880 ) ) ;
#6349 = VERTEX_POINT ( 'NONE', #2582 ) ;
#6350 = LINE ( 'NONE', #1625, #1425 ) ;
#6351 = CARTESIAN_POINT ( 'NONE',  ( 1.375000000000000000, -0.4000000000000000222, 0.5000000000000000000 ) ) ;
#6352 = ORIENTED_EDGE ( 'NONE', *, *, #2934, .T. ) ;
#6353 = ORIENTED_EDGE ( 'NONE', *, *, #7521, .T. ) ;
#6354 = CARTESIAN_POINT ( 'NONE',  ( -0.6448013791789359850, 0.8127219903351923236, 0.2514902811073850275 ) ) ;
#6355 = EDGE_CURVE ( 'NONE', #6331, #2989, #2767, .T. ) ;
#6356 = CARTESIAN_POINT ( 'NONE',  ( -1.875000000000000000, -0.9000000000000000222, 0.6118033988749899121 ) ) ;
#6357 = ORIENTED_EDGE ( 'NONE', *, *, #2236, .T. ) ;
#6358 = FACE_OUTER_BOUND ( 'NONE', #1301, .T. ) ;
#6359 = ORIENTED_EDGE ( 'NONE', *, *, #1362, .F. ) ;
#6360 = DIRECTION ( 'NONE',  ( 0.000000000000000000, 0.000000000000000000, 1.000000000000000000 ) ) ;
#6361 = DIRECTION ( 'NONE',  ( -1.000000000000000000, 0.000000000000000000, 0.000000000000000000 ) ) ;
#6362 = VERTEX_POINT ( 'NONE', #1561 ) ;
#6363 = EDGE_CURVE ( 'NONE', #6362, #764, #2198, .T. ) ;
#6364 = EDGE_CURVE ( 'NONE', #7088, #967, #936, .T. ) ;
#6365 = CARTESIAN_POINT ( 'NONE',  ( -1.600000000000000089, 0.3499999999999999778, 2.299999999999999822 ) ) ;
#6366 = DIRECTION ( 'NONE',  ( 0.000000000000000000, 0.000000000000000000, 1.000000000000000000 ) ) ;
#6367 = VECTOR ( 'NONE', #3347, 1000.000000000000000 ) ;
#6368 = CARTESIAN_POINT ( 'NONE',  ( -0.6497454014109925735, 0.3705732180342651283, 0.2500690200451409773 ) ) ;
#6369 = CARTESIAN_POINT ( 'NONE',  ( -2.095000000000000195, -0.2750000000000000222, 2.495600000000000041 ) ) ;
#6370 = DIRECTION ( 'NONE',  ( 0.000000000000000000, 0.000000000000000000, -1.000000000000000000 ) ) ;
#6371 = LINE ( 'NONE', #5116, #6452 ) ;
#6372 = CARTESIAN_POINT ( 'NONE',  ( 0.6499135366580358619, 0.3691693836699234677, 0.2500232564856164075 ) ) ;
#6373 = STYLED_ITEM ( 'NONE', ( #5968 ), #750 ) ;
#6374 = ADVANCED_FACE ( 'NONE', ( #348 ), #1520, .T. ) ;
#6375 = EDGE_LOOP ( 'NONE', ( #3770, #6456, #4868, #4608 ) ) ;
#6376 = CARTESIAN_POINT ( 'NONE',  ( -0.6500000000000000222, 0.3499999999999999778, 0.000000000000000000 ) ) ;
#6377 = LINE ( 'NONE', #3964, #152 ) ;
#6378 = VERTEX_POINT ( 'NONE', #893 ) ;
#6379 = VECTOR ( 'NONE', #2088, 1000.000000000000000 ) ;
#6380 = STYLED_ITEM ( 'NONE', ( #2673 ), #879 ) ;
#6381 = LINE ( 'NONE', #1538, #6237 ) ;
#6382 = EDGE_LOOP ( 'NONE', ( #872, #6181, #3271, #1998 ) ) ;
#6383 = CARTESIAN_POINT ( 'NONE',  ( 2.037499999999999645, -0.9000000000000000222, 2.200000000000000178 ) ) ;
#6384 = DIRECTION ( 'NONE',  ( 0.000000000000000000, 0.000000000000000000, -1.000000000000000000 ) ) ;
#6385 = VERTEX_POINT ( 'NONE', #6200 ) ;
#6386 = EDGE_CURVE ( 'NONE', #7471, #3962, #974, .T. ) ;
#6387 = VECTOR ( 'NONE', #4937, 1000.000000000000000 ) ;
#6388 = AXIS2_PLACEMENT_3D ( 'NONE', #1734, #5288, #5359 ) ;
#6389 = ORIENTED_EDGE ( 'NONE', *, *, #6364, .F. ) ;
#6390 = LINE ( 'NONE', #5839, #4751 ) ;
#6391 = CARTESIAN_POINT ( 'NONE',  ( 0.1163376014357000027, 0.9105149318544999426, 0.3800000000000000044 ) ) ;
#6392 = ORIENTED_EDGE ( 'NONE', *, *, #6318, .T. ) ;
#6393 = DIRECTION ( 'NONE',  ( -1.000000000000000000, 0.000000000000000000, 0.000000000000000000 ) ) ;
#6394 = LINE ( 'NONE', #4632, #41 ) ;
#6395 = VERTEX_POINT ( 'NONE', #7377 ) ;
#6396 = ORIENTED_EDGE ( 'NONE', *, *, #4527, .T. ) ;
#6397 = DIRECTION ( 'NONE',  ( 0.000000000000000000, -1.000000000000000000, 0.000000000000000000 ) ) ;
#6398 = AXIS2_PLACEMENT_3D ( 'NONE', #7610, #2347, #5385 ) ;
#6399 = TOROIDAL_SURFACE ( 'NONE', #3152, 0.08000000000000090372, 0.06999999999999999278 ) ;
#6400 = DIRECTION ( 'NONE',  ( 0.000000000000000000, 0.000000000000000000, -1.000000000000000000 ) ) ;
#6401 = VERTEX_POINT ( 'NONE', #3986 ) ;
#6402 = LINE ( 'NONE', #6989, #7164 ) ;
#6403 = VERTEX_POINT ( 'NONE', #4485 ) ;
#6404 = FACE_OUTER_BOUND ( 'NONE', #4746, .T. ) ;
#6405 = CARTESIAN_POINT ( 'NONE',  ( -0.6477036337370188912, -0.3797897576261394792, 0.2506267804821231127 ) ) ;
#6406 = EDGE_CURVE ( 'NONE', #4112, #1976, #1821, .T. ) ;
#6407 = VECTOR ( 'NONE', #2579, 1000.000000000000114 ) ;
#6408 = ORIENTED_EDGE ( 'NONE', *, *, #1225, .T. ) ;
#6409 = CARTESIAN_POINT ( 'NONE',  ( -0.6448013791789359850, -0.8127219903351923236, 0.2514902811073850275 ) ) ;
#6410 = CIRCLE ( 'NONE', #3548, 0.1000000000000000472 ) ;
#6411 = DIRECTION ( 'NONE',  ( 1.000000000000000000, 0.000000000000000000, 0.000000000000000000 ) ) ;
#6412 = CARTESIAN_POINT ( 'NONE',  ( 1.949999999999999956, -0.4000000000000000222, 0.2500000000000000000 ) ) ;
#6413 = LINE ( 'NONE', #2778, #5005 ) ;
#6414 = EDGE_CURVE ( 'NONE', #6189, #6631, #2190, .T. ) ;
#6415 = CARTESIAN_POINT ( 'NONE',  ( -1.925000000000000044, 0.1658312395178000165, 2.100000000000000089 ) ) ;
#6416 = ADVANCED_FACE ( 'NONE', ( #2724 ), #4447, .F. ) ;
#6417 = CARTESIAN_POINT ( 'NONE',  ( -2.113554018886000030, 0.4961754054898729893, 0.3735081097983629639 ) ) ;
#6418 = VECTOR ( 'NONE', #3720, 1000.000000000000000 ) ;
#6419 = CARTESIAN_POINT ( 'NONE',  ( -1.925000000000000044, -0.4000000000000000222, 2.100000000000000089 ) ) ;
#6420 = CYLINDRICAL_SURFACE ( 'NONE', #6641, 0.1300000000000000044 ) ;
#6421 = VERTEX_POINT ( 'NONE', #6830 ) ;
#6422 = VECTOR ( 'NONE', #459, 1000.000000000000000 ) ;
#6423 = DIRECTION ( 'NONE',  ( -0.000000000000000000, 1.000000000000000000, 0.000000000000000000 ) ) ;
#6424 = ORIENTED_EDGE ( 'NONE', *, *, #5431, .F. ) ;
#6425 = CARTESIAN_POINT ( 'NONE',  ( 0.6138242006960059616, -0.7709897885275328600, 0.2651562356328959758 ) ) ;
#6426 = EDGE_CURVE ( 'NONE', #577, #2336, #2648, .T. ) ;
#6427 = CARTESIAN_POINT ( 'NONE',  ( -1.875000000000000000, -0.9499999999999999556, 0.1749999999999999889 ) ) ;
#6428 = AXIS2_PLACEMENT_3D ( 'NONE', #2893, #2312, #6490 ) ;
#6429 = ORIENTED_EDGE ( 'NONE', *, *, #2032, .F. ) ;
#6430 = DIRECTION ( 'NONE',  ( 1.000000000000000000, 0.000000000000000000, 0.000000000000000000 ) ) ;
#6431 = CYLINDRICAL_SURFACE ( 'NONE', #5262, 0.09999999999999982514 ) ;
#6432 = EDGE_LOOP ( 'NONE', ( #2753, #2059, #6251, #5059 ) ) ;
#6433 = CARTESIAN_POINT ( 'NONE',  ( 0.9499999999999999556, 0.5000000000000000000, 2.100000000000000089 ) ) ;
#6434 = PLANE ( 'NONE',  #158 ) ;
#6435 = VERTEX_POINT ( 'NONE', #1599 ) ;
#6436 = ORIENTED_EDGE ( 'NONE', *, *, #2575, .T. ) ;
#6437 = DIRECTION ( 'NONE',  ( 0.000000000000000000, 0.000000000000000000, 1.000000000000000000 ) ) ;
#6438 = EDGE_CURVE ( 'NONE', #5888, #6162, #855, .T. ) ;
#6439 = VECTOR ( 'NONE', #7533, 1000.000000000000000 ) ;
#6440 = CIRCLE ( 'NONE', #5562, 0.07000000000000018707 ) ;
#6441 = DIRECTION ( 'NONE',  ( 0.000000000000000000, 0.000000000000000000, 1.000000000000000000 ) ) ;
#6442 = ORIENTED_EDGE ( 'NONE', *, *, #5224, .F. ) ;
#6443 = CARTESIAN_POINT ( 'NONE',  ( 0.7500000000000000000, 0.4899999999999999911, 0.2500000000000000000 ) ) ;
#6444 = VERTEX_POINT ( 'NONE', #4569 ) ;
#6445 = FACE_OUTER_BOUND ( 'NONE', #4716, .T. ) ;
#6446 = EDGE_CURVE ( 'NONE', #737, #4666, #6234, .T. ) ;
#6447 = FACE_OUTER_BOUND ( 'NONE', #7397, .T. ) ;
#6448 = VECTOR ( 'NONE', #4236, 1000.000000000000000 ) ;
#6449 = ORIENTED_EDGE ( 'NONE', *, *, #219, .F. ) ;
#6450 = DIRECTION ( 'NONE',  ( 0.000000000000000000, 1.000000000000000000, 0.000000000000000000 ) ) ;
#6451 = LINE ( 'NONE', #5318, #4126 ) ;
#6452 = VECTOR ( 'NONE', #2779, 1000.000000000000000 ) ;
#6453 = CARTESIAN_POINT ( 'NONE',  ( -2.100000000000000089, 0.4749999999999999778, 2.100000000000000089 ) ) ;
#6454 = CARTESIAN_POINT ( 'NONE',  ( -2.220000000000000195, 0.000000000000000000, 2.299999999999999822 ) ) ;
#6455 = CARTESIAN_POINT ( 'NONE',  ( -2.113554018886000030, -0.8336623985643000223, 0.3800000000000000044 ) ) ;
#6456 = ORIENTED_EDGE ( 'NONE', *, *, #2276, .F. ) ;
#6457 = DIRECTION ( 'NONE',  ( -0.000000000000000000, 1.000000000000000000, 0.000000000000000000 ) ) ;
#6458 = ORIENTED_EDGE ( 'NONE', *, *, #6468, .T. ) ;
#6459 = ADVANCED_FACE ( 'NONE', ( #2147 ), #1008, .F. ) ;
#6460 = CARTESIAN_POINT ( 'NONE',  ( -2.200000000000000178, -0.3750000000000000000, 2.100000000000000089 ) ) ;
#6461 = LINE ( 'NONE', #5328, #6254 ) ;
#6462 = ORIENTED_EDGE ( 'NONE', *, *, #6957, .F. ) ;
#6463 = PLANE ( 'NONE',  #1014 ) ;
#6464 = VERTEX_POINT ( 'NONE', #230 ) ;
#6465 = CARTESIAN_POINT ( 'NONE',  ( 0.6477036337370188912, -0.8202102423738606429, 0.2506267804821231127 ) ) ;
#6466 = DIRECTION ( 'NONE',  ( -1.000000000000000000, 3.643524251838465300E-15, 2.106835684985006044E-29 ) ) ;
#6467 = ADVANCED_FACE ( 'NONE', ( #1442 ), #310, .T. ) ;
#6468 = EDGE_CURVE ( 'NONE', #6564, #4043, #5029, .T. ) ;
#6469 = ORIENTED_EDGE ( 'NONE', *, *, #774, .F. ) ;
#6470 = CARTESIAN_POINT ( 'NONE',  ( -2.104999999999999982, -0.9449999999999999512, 2.299937490231324766 ) ) ;
#6471 = LINE ( 'NONE', #1862, #6516 ) ;
#6472 = VERTEX_POINT ( 'NONE', #2107 ) ;
#6473 = CARTESIAN_POINT ( 'NONE',  ( 0.7500000000000000000, -0.08500000000000000611, 0.7500000000000000000 ) ) ;
#6474 = DIRECTION ( 'NONE',  ( 0.000000000000000000, -1.000000000000000000, 0.000000000000000000 ) ) ;
#6475 = ORIENTED_EDGE ( 'NONE', *, *, #4962, .T. ) ;
#6476 = ORIENTED_EDGE ( 'NONE', *, *, #5897, .T. ) ;
#6477 = CARTESIAN_POINT ( 'NONE',  ( -2.299999999999999822, -0.3750000000000000000, 1.500000000000000000 ) ) ;
#6478 = EDGE_CURVE ( 'NONE', #5347, #960, #6283, .T. ) ;
#6479 = CARTESIAN_POINT ( 'NONE',  ( -1.699999999999999956, -0.3750000000000000000, 2.200000000000000178 ) ) ;
#6480 = ORIENTED_EDGE ( 'NONE', *, *, #6286, .F. ) ;
#6481 = DIRECTION ( 'NONE',  ( 0.000000000000000000, -1.000000000000000000, 0.000000000000000000 ) ) ;
#6482 = ORIENTED_EDGE ( 'NONE', *, *, #6406, .F. ) ;
#6483 = VERTEX_POINT ( 'NONE', #7031 ) ;
#6484 = DIRECTION ( 'NONE',  ( 0.000000000000000000, 0.000000000000000000, 1.000000000000000000 ) ) ;
#6485 = FACE_OUTER_BOUND ( 'NONE', #4974, .T. ) ;
#6486 = ADVANCED_FACE ( 'NONE', ( #1680 ), #2304, .F. ) ;
#6487 = CARTESIAN_POINT ( 'NONE',  ( -0.5929541861521905322, -0.7474398216734911005, 0.2816745734635829335 ) ) ;
#6488 = EDGE_LOOP ( 'NONE', ( #5255, #2540, #853, #7129, #1282, #3234 ) ) ;
#6489 = DIRECTION ( 'NONE',  ( -1.000000000000000000, 0.000000000000000000, 0.000000000000000000 ) ) ;
#6490 = DIRECTION ( 'NONE',  ( 0.000000000000000000, 1.000000000000000000, 0.000000000000000000 ) ) ;
#6491 = DIRECTION ( 'NONE',  ( 0.000000000000000000, 0.000000000000000000, 1.000000000000000000 ) ) ;
#6492 = EDGE_CURVE ( 'NONE', #7169, #6385, #4067, .T. ) ;
#6493 = VECTOR ( 'NONE', #7634, 1000.000000000000000 ) ;
#6494 = ORIENTED_EDGE ( 'NONE', *, *, #5948, .T. ) ;
#6495 = LINE ( 'NONE', #2978, #423 ) ;
#6496 = CARTESIAN_POINT ( 'NONE',  ( 1.275000000000000133, 0.5000000000000000000, 0.2500000000000000000 ) ) ;
#6497 = ORIENTED_EDGE ( 'NONE', *, *, #6414, .T. ) ;
#6498 = ORIENTED_EDGE ( 'NONE', *, *, #6492, .F. ) ;
#6499 = LINE ( 'NONE', #367, #587 ) ;
#6500 = CARTESIAN_POINT ( 'NONE',  ( -1.925000000000000044, -0.9000000000000000222, 2.100000000000000089 ) ) ;
#6501 = AXIS2_PLACEMENT_3D ( 'NONE', #3877, #1493, #3295 ) ;
#6502 = VECTOR ( 'NONE', #5795, 1000.000000000000000 ) ;
#6503 = VERTEX_POINT ( 'NONE', #7071 ) ;
#6504 = CIRCLE ( 'NONE', #3391, 0.07000000000000018707 ) ;
#6505 = DIRECTION ( 'NONE',  ( -1.000000000000000000, 0.000000000000000000, 0.000000000000000000 ) ) ;
#6506 = LINE ( 'NONE', #7168, #2145 ) ;
#6507 = ORIENTED_EDGE ( 'NONE', *, *, #6126, .F. ) ;
#6508 = FACE_OUTER_BOUND ( 'NONE', #3759, .T. ) ;
#6509 = LINE ( 'NONE', #3701, #5394 ) ;
#6510 = ORIENTED_EDGE ( 'NONE', *, *, #7214, .F. ) ;
#6511 = CARTESIAN_POINT ( 'NONE',  ( 1.850000000000000089, -0.2999999999999999889, 2.299999999999999822 ) ) ;
#6512 = ADVANCED_FACE ( 'NONE', ( #6404 ), #2882, .T. ) ;
#6513 = EDGE_CURVE ( 'NONE', #4235, #7081, #545, .T. ) ;
#6514 = VECTOR ( 'NONE', #5080, 1000.000000000000000 ) ;
#6515 = ORIENTED_EDGE ( 'NONE', *, *, #5838, .T. ) ;
#6516 = VECTOR ( 'NONE', #5336, 1000.000000000000000 ) ;
#6517 = CARTESIAN_POINT ( 'NONE',  ( -0.6500000000000000222, 0.3499999999999999778, 0.000000000000000000 ) ) ;
#6518 = ORIENTED_EDGE ( 'NONE', *, *, #1408, .F. ) ;
#6519 = VECTOR ( 'NONE', #4531, 1000.000000000000000 ) ;
#6520 = DIRECTION ( 'NONE',  ( 1.000000000000000000, 0.000000000000000000, 0.000000000000000000 ) ) ;
#6521 = AXIS2_PLACEMENT_3D ( 'NONE', #4386, #6104, #2558 ) ;
#6522 = ADVANCED_BREP_SHAPE_REPRESENTATION ( 'Same_Sky_TS31-46-35-BK-B-260-RA-SMT-TR', ( #879, #750, #2468 ), #3317 ) ;
#6523 = DIRECTION ( 'NONE',  ( 1.000000000000000000, 0.000000000000000000, 0.000000000000000000 ) ) ;
#6524 = ORIENTED_EDGE ( 'NONE', *, *, #3434, .T. ) ;
#6525 = EDGE_LOOP ( 'NONE', ( #227, #7296, #7356, #1168, #5092, #6848 ) ) ;
#6526 = DIRECTION ( 'NONE',  ( 0.000000000000000000, 1.000000000000000000, 0.000000000000000000 ) ) ;
#6527 = LINE ( 'NONE', #1801, #5012 ) ;
#6528 = ADVANCED_FACE ( 'NONE', ( #7649 ), #2810, .F. ) ;
#6529 = VERTEX_POINT ( 'NONE', #4763 ) ;
#6530 = CIRCLE ( 'NONE', #5146, 0.09999999999999982514 ) ;
#6531 = DIRECTION ( 'NONE',  ( -1.000000000000000000, 0.000000000000000000, 0.000000000000000000 ) ) ;
#6532 = CARTESIAN_POINT ( 'NONE',  ( -0.5538245945100819245, 0.4961754054898789290, 0.3735081097983629639 ) ) ;
#6533 = CYLINDRICAL_SURFACE ( 'NONE', #6057, 0.1300000000000000044 ) ;
#6534 = VECTOR ( 'NONE', #3369, 1000.000000000000000 ) ;
#6535 = CARTESIAN_POINT ( 'NONE',  ( -2.100000000000000089, -0.4000000000000000222, 2.100000000000000089 ) ) ;
#6536 = ADVANCED_FACE ( 'NONE', ( #6445 ), #5817, .T. ) ;
#6537 = VECTOR ( 'NONE', #2311, 1000.000000000000000 ) ;
#6538 = DIRECTION ( 'NONE',  ( 0.000000000000000000, 0.000000000000000000, -1.000000000000000000 ) ) ;
#6539 = CARTESIAN_POINT ( 'NONE',  ( 2.194999999999999840, -0.3750000000000000000, 2.275997159067980391 ) ) ;
#6540 = EDGE_LOOP ( 'NONE', ( #5104, #4761, #5311, #4561 ) ) ;
#6541 = CARTESIAN_POINT ( 'NONE',  ( 0.5350000000000000311, -0.6849999999999999423, 0.7500000000000000000 ) ) ;
#6542 = ORIENTED_EDGE ( 'NONE', *, *, #2505, .T. ) ;
#6543 = CARTESIAN_POINT ( 'NONE',  ( 0.5538245945101579748, 0.1038245945101746032, 0.3735081097972909880 ) ) ;
#6544 = ADVANCED_FACE ( 'NONE', ( #1174 ), #2847, .F. ) ;
#6545 = ORIENTED_EDGE ( 'NONE', *, *, #1331, .T. ) ;
#6546 = LINE ( 'NONE', #3588, #7627 ) ;
#6547 = ORIENTED_EDGE ( 'NONE', *, *, #4335, .T. ) ;
#6548 = DIRECTION ( 'NONE',  ( -1.000000000000000000, 0.000000000000000000, 0.000000000000000000 ) ) ;
#6549 = DIRECTION ( 'NONE',  ( 0.000000000000000000, 0.000000000000000000, 1.000000000000000000 ) ) ;
#6550 = VERTEX_POINT ( 'NONE', #5230 ) ;
#6551 = DIRECTION ( 'NONE',  ( 0.000000000000000000, 0.000000000000000000, -1.000000000000000000 ) ) ;
#6552 = CIRCLE ( 'NONE', #6169, 0.1000000000000000472 ) ;
#6553 = VERTEX_POINT ( 'NONE', #1756 ) ;
#6554 = EDGE_CURVE ( 'NONE', #1380, #4713, #4140, .T. ) ;
#6555 = ORIENTED_EDGE ( 'NONE', *, *, #4049, .F. ) ;
#6556 = EDGE_CURVE ( 'NONE', #264, #7169, #4687, .T. ) ;
#6557 = VECTOR ( 'NONE', #1939, 1000.000000000000000 ) ;
#6558 = CARTESIAN_POINT ( 'NONE',  ( 1.550000000022000002, 0.3800000000000000044, 2.330000000000000071 ) ) ;
#6559 = DIRECTION ( 'NONE',  ( 0.000000000000000000, 5.420985188938167816E-15, -1.000000000000000000 ) ) ;
#6560 = ORIENTED_EDGE ( 'NONE', *, *, #4131, .T. ) ;
#6561 = EDGE_LOOP ( 'NONE', ( #1038, #2495, #2349, #3621 ) ) ;
#6562 = PLANE ( 'NONE',  #1696 ) ;
#6563 = CARTESIAN_POINT ( 'NONE',  ( -1.849999999974315079, 0.4500000000000000111, 2.299999999999999822 ) ) ;
#6564 = VERTEX_POINT ( 'NONE', #3481 ) ;
#6565 = LINE ( 'NONE', #3446, #2003 ) ;
#6566 = EDGE_CURVE ( 'NONE', #3120, #4212, #2969, .T. ) ;
#6567 = EDGE_CURVE ( 'NONE', #2747, #2996, #2383, .T. ) ;
#6568 = FACE_OUTER_BOUND ( 'NONE', #5137, .T. ) ;
#6569 = DIRECTION ( 'NONE',  ( 1.000000000000000000, 0.000000000000000000, 0.000000000000000000 ) ) ;
#6570 = CIRCLE ( 'NONE', #6178, 0.09999999999999982514 ) ;
#6571 = DIRECTION ( 'NONE',  ( 0.000000000000000000, 0.000000000000000000, 1.000000000000000000 ) ) ;
#6572 = EDGE_LOOP ( 'NONE', ( #6282, #6595, #997, #6946 ) ) ;
#6573 = VECTOR ( 'NONE', #1890, 1000.000000000000000 ) ;
#6574 = EDGE_LOOP ( 'NONE', ( #6005, #3936, #6782, #3384 ) ) ;
#6575 = EDGE_CURVE ( 'NONE', #2225, #601, #2346, .T. ) ;
#6576 = LINE ( 'NONE', #6460, #3160 ) ;
#6577 = CARTESIAN_POINT ( 'NONE',  ( 1.469999999999999973, 0.2999999999980649812, 2.399999999999999911 ) ) ;
#6578 = ORIENTED_EDGE ( 'NONE', *, *, #4554, .T. ) ;
#6579 = PLANE ( 'NONE',  #3137 ) ;
#6580 = ORIENTED_EDGE ( 'NONE', *, *, #1092, .T. ) ;
#6581 = CARTESIAN_POINT ( 'NONE',  ( 2.112253379640000261, 0.8336623985643000223, 0.3800000000000000044 ) ) ;
#6582 = ADVANCED_FACE ( 'NONE', ( #1722 ), #6562, .F. ) ;
#6583 = ORIENTED_EDGE ( 'NONE', *, *, #5519, .F. ) ;
#6584 = ORIENTED_EDGE ( 'NONE', *, *, #3108, .T. ) ;
#6585 = DIRECTION ( 'NONE',  ( 0.000000000000000000, 1.445602896647339508E-15, 1.000000000000000000 ) ) ;
#6586 = EDGE_LOOP ( 'NONE', ( #1288, #1429, #2425, #3719 ) ) ;
#6587 = DIRECTION ( 'NONE',  ( 1.000000000000000000, 0.000000000000000000, 0.000000000000000000 ) ) ;
#6588 = DIRECTION ( 'NONE',  ( 0.000000000000000000, 1.000000000000000000, 0.000000000000000000 ) ) ;
#6589 = VERTEX_POINT ( 'NONE', #1215 ) ;
#6590 = CARTESIAN_POINT ( 'NONE',  ( 1.050000000000000044, 0.4749999999999999778, 2.100000000000000089 ) ) ;
#6591 = DIRECTION ( 'NONE',  ( 0.000000000000000000, 0.000000000000000000, 1.000000000000000000 ) ) ;
#6592 = VERTEX_POINT ( 'NONE', #6991 ) ;
#6593 = DIRECTION ( 'NONE',  ( 0.000000000000000000, 1.000000000000000000, 0.000000000000000000 ) ) ;
#6594 = LINE ( 'NONE', #4294, #903 ) ;
#6595 = ORIENTED_EDGE ( 'NONE', *, *, #1220, .T. ) ;
#6596 = ORIENTED_EDGE ( 'NONE', *, *, #856, .T. ) ;
#6597 = CARTESIAN_POINT ( 'NONE',  ( 0.5830152926694175397, -0.4633876311496915035, 0.2921218145516764619 ) ) ;
#6598 = DIRECTION ( 'NONE',  ( 1.000000000000000000, 0.000000000000000000, 0.000000000000000000 ) ) ;
#6599 = CARTESIAN_POINT ( 'NONE',  ( -1.971005050651840840, 0.3708831175465048258, 2.399999999999999023 ) ) ;
#6600 = ORIENTED_EDGE ( 'NONE', *, *, #2462, .T. ) ;
#6601 = EDGE_CURVE ( 'NONE', #3726, #6162, #1636, .T. ) ;
#6602 = LINE ( 'NONE', #4881, #5656 ) ;
#6603 = CYLINDRICAL_SURFACE ( 'NONE', #1318, 0.2000000000000000944 ) ;
#6604 = CARTESIAN_POINT ( 'NONE',  ( -0.5538245945101090140, 0.7038245945101530010, 0.3735081097978224518 ) ) ;
#6605 = EDGE_CURVE ( 'NONE', #2370, #2541, #7064, .T. ) ;
#6606 = EDGE_CURVE ( 'NONE', #1823, #6362, #2979, .T. ) ;
#6607 = ORIENTED_EDGE ( 'NONE', *, *, #4852, .F. ) ;
#6608 = DIRECTION ( 'NONE',  ( 1.000000000000000000, 0.000000000000000000, 0.000000000000000000 ) ) ;
#6609 = FACE_OUTER_BOUND ( 'NONE', #2130, .T. ) ;
#6610 = CARTESIAN_POINT ( 'NONE',  ( -1.469999999999999973, 0.2999999999989074739, 2.330000000000000071 ) ) ;
#6611 = ORIENTED_EDGE ( 'NONE', *, *, #6671, .T. ) ;
#6612 = CARTESIAN_POINT ( 'NONE',  ( -2.044999999999999929, -0.9050000000000000266, 2.200000000000000178 ) ) ;
#6613 = ORIENTED_EDGE ( 'NONE', *, *, #1845, .F. ) ;
#6614 = CARTESIAN_POINT ( 'NONE',  ( 1.899999999999999911, -0.3499999999999999778, 2.299999999999999822 ) ) ;
#6615 = CARTESIAN_POINT ( 'NONE',  ( -0.5539744068252170361, -0.7040005536923961138, 0.3705099644633434997 ) ) ;
#6616 = EDGE_CURVE ( 'NONE', #1795, #295, #5771, .T. ) ;
#6617 = LINE ( 'NONE', #1272, #2394 ) ;
#6618 = ORIENTED_EDGE ( 'NONE', *, *, #4709, .F. ) ;
#6619 = CARTESIAN_POINT ( 'NONE',  ( -2.095000000000000195, -0.2750000000000000222, 2.299999999999999822 ) ) ;
#6620 = CIRCLE ( 'NONE', #6235, 0.1499999999999999667 ) ;
#6621 = CARTESIAN_POINT ( 'NONE',  ( 0.8510499682816999867, -0.3755476762966750148, 3.399999999999999911 ) ) ;
#6622 = ORIENTED_EDGE ( 'NONE', *, *, #53, .T. ) ;
#6623 = CARTESIAN_POINT ( 'NONE',  ( -0.5546126700666768050, 0.7050830542502281029, 0.3577465986660515740 ) ) ;
#6624 = EDGE_CURVE ( 'NONE', #467, #6699, #2445, .T. ) ;
#6625 = VECTOR ( 'NONE', #4715, 1000.000000000000000 ) ;
#6626 = VECTOR ( 'NONE', #2224, 1000.000000000000000 ) ;
#6627 = SURFACE_SIDE_STYLE ('',( #1281 ) ) ;
#6628 = ORIENTED_EDGE ( 'NONE', *, *, #2148, .T. ) ;
#6629 = DIRECTION ( 'NONE',  ( -1.000000000000000000, 0.000000000000000000, 0.000000000000000000 ) ) ;
#6630 = CARTESIAN_POINT ( 'NONE',  ( 0.6500000000000000222, 0.3499999999999999778, 0.000000000000000000 ) ) ;
#6631 = VERTEX_POINT ( 'NONE', #1988 ) ;
#6632 = ORIENTED_EDGE ( 'NONE', *, *, #1524, .T. ) ;
#6633 = CARTESIAN_POINT ( 'NONE',  ( 0.5687988462011321911, -0.4789423473063256775, 0.3140524872500328191 ) ) ;
#6634 = AXIS2_PLACEMENT_3D ( 'NONE', #3459, #7050, #4001 ) ;
#6635 = VECTOR ( 'NONE', #7282, 1000.000000000000000 ) ;
#6636 = FACE_OUTER_BOUND ( 'NONE', #1713, .T. ) ;
#6637 = CARTESIAN_POINT ( 'NONE',  ( -1.849999999962891106, 0.4210050506338834375, 2.400000000000002132 ) ) ;
#6638 = ADVANCED_FACE ( 'NONE', ( #3636 ), #6007, .T. ) ;
#6639 = ORIENTED_EDGE ( 'NONE', *, *, #613, .F. ) ;
#6640 = AXIS2_PLACEMENT_3D ( 'NONE', #395, #1488, #6370 ) ;
#6641 = AXIS2_PLACEMENT_3D ( 'NONE', #480, #5208, #4585 ) ;
#6642 = CARTESIAN_POINT ( 'NONE',  ( 0.8510499682816999867, 0.3755476762867810403, 3.399999999999999911 ) ) ;
#6643 = ADVANCED_FACE ( 'NONE', ( #6711 ), #7336, .T. ) ;
#6644 = DIRECTION ( 'NONE',  ( -1.000000000000000000, 0.000000000000000000, 0.000000000000000000 ) ) ;
#6645 = LINE ( 'NONE', #7344, #1026 ) ;
#6646 = VECTOR ( 'NONE', #1212, 1000.000000000000000 ) ;
#6647 = ORIENTED_EDGE ( 'NONE', *, *, #6868, .F. ) ;
#6648 = AXIS2_PLACEMENT_3D ( 'NONE', #5206, #5705, #7000 ) ;
#6649 = CARTESIAN_POINT ( 'NONE',  ( -1.474999999999999867, 0.000000000000000000, 2.299999999999999822 ) ) ;
#6650 = ADVANCED_FACE ( 'NONE', ( #6743 ), #769, .T. ) ;
#6651 = DIRECTION ( 'NONE',  ( -0.000000000000000000, 1.000000000000000000, 0.000000000000000000 ) ) ;
#6652 = ORIENTED_EDGE ( 'NONE', *, *, #3235, .T. ) ;
#6653 = ADVANCED_FACE ( 'NONE', ( #732 ), #2464, .T. ) ;
#6654 = LINE ( 'NONE', #7235, #890 ) ;
#6655 = DIRECTION ( 'NONE',  ( 0.000000000000000000, 0.000000000000000000, -1.000000000000000000 ) ) ;
#6656 = LINE ( 'NONE', #4203, #536 ) ;
#6657 = AXIS2_PLACEMENT_3D ( 'NONE', #2783, #5167, #2823 ) ;
#6658 = CARTESIAN_POINT ( 'NONE',  ( -1.275000000000000133, -0.3499999999999999778, 0.000000000000000000 ) ) ;
#6659 = ORIENTED_EDGE ( 'NONE', *, *, #4145, .F. ) ;
#6660 = EDGE_CURVE ( 'NONE', #2704, #5340, #3115, .T. ) ;
#6661 = VECTOR ( 'NONE', #1812, 1000.000000000000000 ) ;
#6662 = DIRECTION ( 'NONE',  ( -1.000000000000000000, 0.000000000000000000, 0.000000000000000000 ) ) ;
#6663 = CARTESIAN_POINT ( 'NONE',  ( -1.800000000000000044, 0.3499999999999999778, 2.100000000000000089 ) ) ;
#6664 = ORIENTED_EDGE ( 'NONE', *, *, #4316, .T. ) ;
#6665 = CARTESIAN_POINT ( 'NONE',  ( 2.104999999999999982, -0.9449999999999999512, 2.200000000000000178 ) ) ;
#6666 = ORIENTED_EDGE ( 'NONE', *, *, #3760, .F. ) ;
#6667 = AXIS2_PLACEMENT_3D ( 'NONE', #499, #7572, #1719 ) ;
#6668 = ORIENTED_EDGE ( 'NONE', *, *, #5925, .F. ) ;
#6669 = DIRECTION ( 'NONE',  ( 0.000000000000000000, 0.000000000000000000, -1.000000000000000000 ) ) ;
#6670 = ORIENTED_EDGE ( 'NONE', *, *, #1122, .T. ) ;
#6671 = EDGE_CURVE ( 'NONE', #7415, #797, #2320, .T. ) ;
#6672 = CARTESIAN_POINT ( 'NONE',  ( 2.194999999999999840, -0.3750000000000000000, 2.100000000000000089 ) ) ;
#6673 = DIRECTION ( 'NONE',  ( 1.000000000000000000, 0.000000000000000000, 0.000000000000000000 ) ) ;
#6674 = ORIENTED_EDGE ( 'NONE', *, *, #1961, .T. ) ;
#6675 = ORIENTED_EDGE ( 'NONE', *, *, #3568, .F. ) ;
#6676 = DIRECTION ( 'NONE',  ( 0.9993908270190960952, 0.000000000000000000, -0.03489949670249306579 ) ) ;
#6677 = CIRCLE ( 'NONE', #562, 0.09999999999999982514 ) ;
#6678 = CARTESIAN_POINT ( 'NONE',  ( 1.275000000000000133, -0.3499999999999999778, 0.000000000000000000 ) ) ;
#6679 = FACE_OUTER_BOUND ( 'NONE', #6193, .T. ) ;
#6680 = ORIENTED_EDGE ( 'NONE', *, *, #7230, .F. ) ;
#6681 = AXIS2_PLACEMENT_3D ( 'NONE', #4170, #609, #5995 ) ;
#6682 = VERTEX_POINT ( 'NONE', #7221 ) ;
#6683 = ADVANCED_FACE ( 'NONE', ( #1553 ), #3857, .T. ) ;
#6684 = PLANE ( 'NONE',  #679 ) ;
#6685 = LINE ( 'NONE', #1881, #939 ) ;
#6686 = FACE_OUTER_BOUND ( 'NONE', #3762, .T. ) ;
#6687 = B_SPLINE_CURVE_WITH_KNOTS ( 'NONE', 3,
 ( #5856, #1945, #1099, #5530 ),
 .UNSPECIFIED., .F., .F.,
 ( 4, 4 ),
 ( 0.000000000000000000, 1.000000000000000000 ),
 .UNSPECIFIED. ) ;
#6688 = VECTOR ( 'NONE', #3085, 1000.000000000000000 ) ;
#6689 = AXIS2_PLACEMENT_3D ( 'NONE', #4840, #5974, #7185 ) ;
#6690 = VECTOR ( 'NONE', #2628, 1000.000000000000000 ) ;
#6691 = LINE ( 'NONE', #4889, #6909 ) ;
#6692 = DIRECTION ( 'NONE',  ( 1.000000000000000000, 0.000000000000000000, 0.000000000000000000 ) ) ;
#6693 = VERTEX_POINT ( 'NONE', #5644 ) ;
#6694 = CARTESIAN_POINT ( 'NONE',  ( -2.200000000000000178, 0.4000000000000000222, 2.100000000000000089 ) ) ;
#6695 = CARTESIAN_POINT ( 'NONE',  ( 0.000000000000000000, -0.4500000000000000111, 2.299999999999999822 ) ) ;
#6696 = CARTESIAN_POINT ( 'NONE',  ( 0.5546482206497795886, 0.4948566426500236037, 0.3570355870039964574 ) ) ;
#6697 = ADVANCED_FACE ( 'NONE', ( #4477 ), #7366, .T. ) ;
#6698 = LINE ( 'NONE', #5007, #1015 ) ;
#6699 = VERTEX_POINT ( 'NONE', #2638 ) ;
#6700 = LINE ( 'NONE', #2233, #4936 ) ;
#6701 = CYLINDRICAL_SURFACE ( 'NONE', #4636, 0.1300000000000000044 ) ;
#6702 = ORIENTED_EDGE ( 'NONE', *, *, #7654, .T. ) ;
#6703 = DIRECTION ( 'NONE',  ( 0.000000000000000000, 0.000000000000000000, -1.000000000000000000 ) ) ;
#6704 = ORIENTED_EDGE ( 'NONE', *, *, #7248, .F. ) ;
#6705 = EDGE_CURVE ( 'NONE', #7412, #1496, #7449, .T. ) ;
#6706 = EDGE_CURVE ( 'NONE', #4026, #1737, #4565, .T. ) ;
#6707 = ORIENTED_EDGE ( 'NONE', *, *, #5323, .T. ) ;
#6708 = LINE ( 'NONE', #6081, #7300 ) ;
#6709 = LINE ( 'NONE', #6821, #1780 ) ;
#6710 = EDGE_LOOP ( 'NONE', ( #729, #4549, #5710, #2971, #6494, #5712 ) ) ;
#6711 = FACE_OUTER_BOUND ( 'NONE', #6300, .T. ) ;
#6712 = DIRECTION ( 'NONE',  ( 1.000000000000000000, 0.000000000000000000, 0.000000000000000000 ) ) ;
#6713 = CARTESIAN_POINT ( 'NONE',  ( -1.929400000011783467, 0.3465114431481139401, 2.400000000000003020 ) ) ;
#6714 = ORIENTED_EDGE ( 'NONE', *, *, #5020, .F. ) ;
#6715 = ADVANCED_FACE ( 'NONE', ( #6227 ), #7526, .F. ) ;
#6716 = LINE ( 'NONE', #1959, #3914 ) ;
#6717 = ORIENTED_EDGE ( 'NONE', *, *, #3807, .F. ) ;
#6718 = DIRECTION ( 'NONE',  ( 0.000000000000000000, 1.000000000000000000, 0.000000000000000000 ) ) ;
#6719 = DIRECTION ( 'NONE',  ( 0.000000000000000000, -1.000000000000000000, 0.000000000000000000 ) ) ;
#6720 = DIRECTION ( 'NONE',  ( 0.000000000000000000, 0.000000000000000000, -1.000000000000000000 ) ) ;
#6721 = EDGE_CURVE ( 'NONE', #4677, #5021, #7546, .T. ) ;
#6722 = CARTESIAN_POINT ( 'NONE',  ( 0.000000000000000000, 0.000000000000000000, 2.299999999999999822 ) ) ;
#6723 = CARTESIAN_POINT ( 'NONE',  ( -1.824999999999999956, 0.1658312395178000165, 2.200000000000000178 ) ) ;
#6724 = LINE ( 'NONE', #4890, #770 ) ;
#6725 = VERTEX_POINT ( 'NONE', #2719 ) ;
#6726 = DIRECTION ( 'NONE',  ( -1.000000000000000000, 0.000000000000000000, 0.000000000000000000 ) ) ;
#6727 = DIRECTION ( 'NONE',  ( 1.000000000000000000, 0.000000000000000000, 0.000000000000000000 ) ) ;
#6728 = CARTESIAN_POINT ( 'NONE',  ( 0.5827944719353099767, 0.4636288991825043282, 0.2923723265397676352 ) ) ;
#6729 = CARTESIAN_POINT ( 'NONE',  ( -0.9550937217346644470, -0.4982546527051949226, 2.099999999999998312 ) ) ;
#6730 = ORIENTED_EDGE ( 'NONE', *, *, #6566, .F. ) ;
#6731 = CARTESIAN_POINT ( 'NONE',  ( -1.275000000000000133, 0.4000000000000000222, 0.000000000000000000 ) ) ;
#6732 = ORIENTED_EDGE ( 'NONE', *, *, #1883, .T. ) ;
#6733 = LINE ( 'NONE', #837, #3704 ) ;
#6734 = EDGE_LOOP ( 'NONE', ( #2865, #3344, #3287, #4922, #800 ) ) ;
#6735 = VECTOR ( 'NONE', #6817, 1000.000000000000000 ) ;
#6736 = CARTESIAN_POINT ( 'NONE',  ( 1.375000000000000000, 0.4000000000000000222, 0.5000000000000000000 ) ) ;
#6737 = ORIENTED_EDGE ( 'NONE', *, *, #2500, .T. ) ;
#6738 = DIRECTION ( 'NONE',  ( 0.000000000000000000, 0.000000000000000000, 1.000000000000000000 ) ) ;
#6739 = CARTESIAN_POINT ( 'NONE',  ( 0.5538245945101579748, -0.1038245945101804041, 0.3735081097972889896 ) ) ;
#6740 = VERTEX_POINT ( 'NONE', #224 ) ;
#6741 = EDGE_CURVE ( 'NONE', #5932, #3143, #6570, .T. ) ;
#6742 = ORIENTED_EDGE ( 'NONE', *, *, #4449, .T. ) ;
#6743 = FACE_OUTER_BOUND ( 'NONE', #3220, .T. ) ;
#6744 = EDGE_CURVE ( 'NONE', #5447, #2757, #6274, .T. ) ;
#6745 = LINE ( 'NONE', #664, #3064 ) ;
#6746 = MECHANICAL_DESIGN_GEOMETRIC_PRESENTATION_REPRESENTATION (  '', ( #6373 ), #4882 ) ;
#6747 = FACE_OUTER_BOUND ( 'NONE', #3845, .T. ) ;
#6748 = ORIENTED_EDGE ( 'NONE', *, *, #6556, .T. ) ;
#6749 = AXIS2_PLACEMENT_3D ( 'NONE', #3495, #99, #7087 ) ;
#6750 = CARTESIAN_POINT ( 'NONE',  ( 2.104999999999999982, -0.9449999999999999512, 2.299937490231324766 ) ) ;
#6751 = VECTOR ( 'NONE', #3139, 1000.000000000000000 ) ;
#6752 = CARTESIAN_POINT ( 'NONE',  ( 0.5350000000000000311, 0.9000000000000000222, 0.7500000000000000000 ) ) ;
#6753 = EDGE_CURVE ( 'NONE', #4107, #5021, #378, .T. ) ;
#6754 = DIRECTION ( 'NONE',  ( -0.04987546680538120641, 0.04987546680549810596, -0.9975093361076270426 ) ) ;
#6755 = VECTOR ( 'NONE', #6292, 1000.000000000000000 ) ;
#6756 = AXIS2_PLACEMENT_3D ( 'NONE', #2824, #1576, #2205 ) ;
#6757 = DIRECTION ( 'NONE',  ( 0.9996699498365851921, -0.0001607300775900338320, 0.02568979485245988584 ) ) ;
#6758 = DIRECTION ( 'NONE',  ( 0.000000000000000000, 1.000000000000000000, 0.000000000000000000 ) ) ;
#6759 = ORIENTED_EDGE ( 'NONE', *, *, #5645, .T. ) ;
#6760 = EDGE_CURVE ( 'NONE', #7384, #5674, #5065, .T. ) ;
#6761 = VECTOR ( 'NONE', #4143, 1000.000000000000000 ) ;
#6762 = AXIS2_PLACEMENT_3D ( 'NONE', #5257, #3430, #5764 ) ;
#6763 = DIRECTION ( 'NONE',  ( -1.000000000000000000, 0.000000000000000000, 0.000000000000000000 ) ) ;
#6764 = LINE ( 'NONE', #1414, #7319 ) ;
#6765 = LINE ( 'NONE', #1415, #1406 ) ;
#6766 =( BOUNDED_CURVE ( )  B_SPLINE_CURVE ( 3, ( #5330, #6027, #7161, #5442 ),
 .UNSPECIFIED., .F., .T. ) 
 B_SPLINE_CURVE_WITH_KNOTS ( ( 4, 4 ),
 ( 4.712388980384689674, 6.233226911454679886 ),
 .UNSPECIFIED. ) 
 CURVE ( )  GEOMETRIC_REPRESENTATION_ITEM ( )  RATIONAL_B_SPLINE_CURVE ( ( 1.000000000000000000, 0.8163648751943519688, 0.8163648751943519688, 1.000000000000000000 ) ) 
 REPRESENTATION_ITEM ( '' )  );
#6767 = AXIS2_PLACEMENT_3D ( 'NONE', #5666, #322, #4896 ) ;
#6768 = LINE ( 'NONE', #832, #1885 ) ;
#6769 = PLANE ( 'NONE',  #5622 ) ;
#6770 = VERTEX_POINT ( 'NONE', #6783 ) ;
#6771 = EDGE_CURVE ( 'NONE', #1496, #7624, #2679, .T. ) ;
#6772 = LINE ( 'NONE', #2008, #3133 ) ;
#6773 = VERTEX_POINT ( 'NONE', #4562 ) ;
#6774 = LINE ( 'NONE', #914, #1444 ) ;
#6775 = AXIS2_PLACEMENT_3D ( 'NONE', #3876, #7433, #5625 ) ;
#6776 = DIRECTION ( 'NONE',  ( 0.000000000000000000, 0.000000000000000000, -1.000000000000000000 ) ) ;
#6777 = LINE ( 'NONE', #180, #1009 ) ;
#6778 = ORIENTED_EDGE ( 'NONE', *, *, #3356, .F. ) ;
#6779 = CARTESIAN_POINT ( 'NONE',  ( -1.875000000000000000, -0.9499999999999999556, -0.1881966011250000015 ) ) ;
#6780 = DIRECTION ( 'NONE',  ( 0.8320502943378430549, -0.5547001962252299245, 0.000000000000000000 ) ) ;
#6781 = ORIENTED_EDGE ( 'NONE', *, *, #6186, .F. ) ;
#6782 = ORIENTED_EDGE ( 'NONE', *, *, #5587, .T. ) ;
#6783 = CARTESIAN_POINT ( 'NONE',  ( 1.275000000000000133, -0.5000000000000000000, 0.2500000000000000000 ) ) ;
#6784 = AXIS2_PLACEMENT_3D ( 'NONE', #1634, #7646, #3478 ) ;
#6785 = EDGE_LOOP ( 'NONE', ( #6805, #7689, #5187, #2402 ) ) ;
#6786 = EDGE_CURVE ( 'NONE', #3823, #6444, #4571, .T. ) ;
#6787 = DIRECTION ( 'NONE',  ( 0.000000000000000000, 1.000000000000000000, 0.000000000000000000 ) ) ;
#6788 = ORIENTED_EDGE ( 'NONE', *, *, #2417, .F. ) ;
#6789 = VECTOR ( 'NONE', #7563, 1000.000000000000000 ) ;
#6790 = CARTESIAN_POINT ( 'NONE',  ( -0.5539744068252160369, 0.4959994463076039528, 0.3705099644633425005 ) ) ;
#6791 = CARTESIAN_POINT ( 'NONE',  ( 0.7500000000000000000, -0.6849999999999999423, 0.7500000000000000000 ) ) ;
#6792 = PLANE ( 'NONE',  #7141 ) ;
#6793 = AXIS2_PLACEMENT_3D ( 'NONE', #1606, #1017, #3406 ) ;
#6794 = EDGE_CURVE ( 'NONE', #115, #1143, #1510, .T. ) ;
#6795 = EDGE_CURVE ( 'NONE', #2344, #5813, #1434, .T. ) ;
#6796 = CARTESIAN_POINT ( 'NONE',  ( 0.2461754054898004918, -0.4961754054898009914, 0.3735081097969064623 ) ) ;
#6797 = DIRECTION ( 'NONE',  ( -1.000000000000000000, 0.000000000000000000, 0.000000000000000000 ) ) ;
#6798 = CARTESIAN_POINT ( 'NONE',  ( -0.5569791683949582017, 0.4920982077094679386, 0.3451251010775122086 ) ) ;
#6799 = ORIENTED_EDGE ( 'NONE', *, *, #6862, .F. ) ;
#6800 = CARTESIAN_POINT ( 'NONE',  ( -1.875000000000000000, -0.8000000000000000444, -0.1881966011250000015 ) ) ;
#6801 = DIRECTION ( 'NONE',  ( 0.000000000000000000, 0.000000000000000000, -1.000000000000000000 ) ) ;
#6802 = FACE_OUTER_BOUND ( 'NONE', #2494, .T. ) ;
#6803 = ADVANCED_FACE ( 'NONE', ( #7408 ), #811, .F. ) ;
#6804 = VECTOR ( 'NONE', #5486, 1000.000000000000000 ) ;
#6805 = ORIENTED_EDGE ( 'NONE', *, *, #7299, .F. ) ;
#6806 = DIRECTION ( 'NONE',  ( 0.000000000000000000, 0.000000000000000000, 1.000000000000000000 ) ) ;
#6807 = FACE_OUTER_BOUND ( 'NONE', #7387, .T. ) ;
#6808 = LINE ( 'NONE', #2592, #148 ) ;
#6809 = ORIENTED_EDGE ( 'NONE', *, *, #6043, .T. ) ;
#6810 = DIRECTION ( 'NONE',  ( 0.000000000000000000, -1.000000000000000000, 0.000000000000000000 ) ) ;
#6811 = ORIENTED_EDGE ( 'NONE', *, *, #7557, .T. ) ;
#6812 = CARTESIAN_POINT ( 'NONE',  ( 0.2461754054898004918, 0.7038245945101999634, 0.3735081097969069619 ) ) ;
#6813 = AXIS2_PLACEMENT_3D ( 'NONE', #7278, #3290, #905 ) ;
#6814 = ORIENTED_EDGE ( 'NONE', *, *, #2798, .F. ) ;
#6815 = ADVANCED_FACE ( 'NONE', ( #2060 ), #4403, .T. ) ;
#6816 = PRODUCT_DEFINITION_FORMATION_WITH_SPECIFIED_SOURCE ( 'ANY', '', #7586, .NOT_KNOWN. ) ;
#6817 = DIRECTION ( 'NONE',  ( 0.000000000000000000, 0.000000000000000000, -1.000000000000000000 ) ) ;
#6818 = CARTESIAN_POINT ( 'NONE',  ( -1.525000000000000133, -0.9499999999999999556, 0.5000000000000000000 ) ) ;
#6819 = ORIENTED_EDGE ( 'NONE', *, *, #7609, .T. ) ;
#6820 = DIRECTION ( 'NONE',  ( 0.000000000000000000, -1.000000000000000000, 0.000000000000000000 ) ) ;
#6821 = CARTESIAN_POINT ( 'NONE',  ( -1.899999999999999911, 0.2500000000000000000, 2.100000000000000089 ) ) ;
#6822 = VERTEX_POINT ( 'NONE', #6477 ) ;
#6823 = ORIENTED_EDGE ( 'NONE', *, *, #1980, .T. ) ;
#6824 = DIRECTION ( 'NONE',  ( -1.000000000000000000, 0.000000000000000000, 0.000000000000000000 ) ) ;
#6825 = VERTEX_POINT ( 'NONE', #5223 ) ;
#6826 = LINE ( 'NONE', #1363, #547 ) ;
#6827 = ORIENTED_EDGE ( 'NONE', *, *, #121, .F. ) ;
#6828 = DIRECTION ( 'NONE',  ( 0.000000000000000000, 0.000000000000000000, -1.000000000000000000 ) ) ;
#6829 = ORIENTED_EDGE ( 'NONE', *, *, #7358, .T. ) ;
#6830 = CARTESIAN_POINT ( 'NONE',  ( -1.275000000000000133, 0.9000000000000000222, 0.5000000000000000000 ) ) ;
#6831 = CARTESIAN_POINT ( 'NONE',  ( -0.6138242006960058506, -0.4290102114724672067, 0.2651562356328960868 ) ) ;
#6832 = ADVANCED_FACE ( 'NONE', ( #494 ), #5766, .T. ) ;
#6833 = FACE_OUTER_BOUND ( 'NONE', #6895, .T. ) ;
#6834 = LINE ( 'NONE', #6241, #4047 ) ;
#6835 = CARTESIAN_POINT ( 'NONE',  ( 1.949999999999999956, -0.4000000000000000222, 2.100000000000000089 ) ) ;
#6836 = ORIENTED_EDGE ( 'NONE', *, *, #4341, .F. ) ;
#6837 = CARTESIAN_POINT ( 'NONE',  ( -0.6500000000000000222, 0.3499999999999999778, 0.2500000000000000000 ) ) ;
#6838 = CARTESIAN_POINT ( 'NONE',  ( -2.100000000000000089, 0.4000000000000000222, 1.800000000000000044 ) ) ;
#6839 = ADVANCED_FACE ( 'NONE', ( #5189 ), #1705, .T. ) ;
#6840 = CARTESIAN_POINT ( 'NONE',  ( -1.550000000008390000, 0.4500000000000000111, 2.299999999999999822 ) ) ;
#6841 = EDGE_CURVE ( 'NONE', #6401, #3120, #5260, .T. ) ;
#6842 = CARTESIAN_POINT ( 'NONE',  ( -0.5350000000000000311, 0.6849999999999999423, 0.7500000000000000000 ) ) ;
#6843 = VERTEX_POINT ( 'NONE', #3433 ) ;
#6844 = DIRECTION ( 'NONE',  ( 0.000000000000000000, 0.000000000000000000, 1.000000000000000000 ) ) ;
#6845 = DIRECTION ( 'NONE',  ( 0.000000000000000000, 1.000000000000000000, 0.000000000000000000 ) ) ;
#6846 = ORIENTED_EDGE ( 'NONE', *, *, #3421, .T. ) ;
#6847 = FACE_OUTER_BOUND ( 'NONE', #3130, .T. ) ;
#6848 = ORIENTED_EDGE ( 'NONE', *, *, #311, .F. ) ;
#6849 = DIRECTION ( 'NONE',  ( -1.000000000000000000, 0.000000000000000000, 0.000000000000000000 ) ) ;
#6850 = EDGE_CURVE ( 'NONE', #4360, #7415, #7063, .T. ) ;
#6851 = LINE ( 'NONE', #7440, #1779 ) ;
#6852 = ORIENTED_EDGE ( 'NONE', *, *, #4658, .T. ) ;
#6853 = FACE_OUTER_BOUND ( 'NONE', #112, .T. ) ;
#6854 = CARTESIAN_POINT ( 'NONE',  ( -0.5540493129827805951, 0.7041274530909999996, 0.3690137403439990305 ) ) ;
#6855 =( LENGTH_UNIT ( ) NAMED_UNIT ( * ) SI_UNIT ( .MILLI., .METRE. ) );
#6856 = ORIENTED_EDGE ( 'NONE', *, *, #6606, .F. ) ;
#6857 = DIRECTION ( 'NONE',  ( 0.000000000000000000, 0.000000000000000000, -1.000000000000000000 ) ) ;
#6858 = CARTESIAN_POINT ( 'NONE',  ( -0.1163376014357000027, -0.2336623985642999890, 0.2500000000000000000 ) ) ;
#6859 = ORIENTED_EDGE ( 'NONE', *, *, #5415, .F. ) ;
#6860 = ORIENTED_EDGE ( 'NONE', *, *, #2371, .F. ) ;
#6861 = DIRECTION ( 'NONE',  ( 0.000000000000000000, 0.000000000000000000, 1.000000000000000000 ) ) ;
#6862 = EDGE_CURVE ( 'NONE', #764, #2839, #421, .T. ) ;
#6863 = ORIENTED_EDGE ( 'NONE', *, *, #2339, .T. ) ;
#6864 = CARTESIAN_POINT ( 'NONE',  ( -1.275000000000000133, -0.9000000000000000222, 0.5000000000000000000 ) ) ;
#6865 = EDGE_LOOP ( 'NONE', ( #2605, #724, #2456, #7565, #5111, #4291, #1088, #4731, #5893, #6172, #5097, #1044, #4019, #7256, #6702, #116, #3101, #2739, #7325, #6902 ) ) ;
#6866 = ORIENTED_EDGE ( 'NONE', *, *, #1652, .F. ) ;
#6867 = DIRECTION ( 'NONE',  ( 0.9993908270190960952, 1.084202172485504434E-15, -0.03489949670249306579 ) ) ;
#6868 = EDGE_CURVE ( 'NONE', #2747, #3917, #6440, .T. ) ;
#6869 = VECTOR ( 'NONE', #2046, 1000.000000000000000 ) ;
#6870 = DIRECTION ( 'NONE',  ( 0.000000000000000000, 1.000000000000000000, 0.000000000000000000 ) ) ;
#6871 = AXIS2_PLACEMENT_3D ( 'NONE', #1746, #32, #4284 ) ;
#6872 = AXIS2_PLACEMENT_3D ( 'NONE', #7330, #6188, #7404 ) ;
#6873 = DIRECTION ( 'NONE',  ( 1.000000000000000000, 0.000000000000000000, 0.000000000000000000 ) ) ;
#6874 = CARTESIAN_POINT ( 'NONE',  ( -2.100000000000000089, -0.6449999999999999067, 1.500000000000000000 ) ) ;
#6875 = ORIENTED_EDGE ( 'NONE', *, *, #3807, .T. ) ;
#6876 = CARTESIAN_POINT ( 'NONE',  ( 1.550000000005999912, 0.4500000000000000111, 2.299999999999999822 ) ) ;
#6877 = FACE_OUTER_BOUND ( 'NONE', #7327, .T. ) ;
#6878 = FACE_OUTER_BOUND ( 'NONE', #191, .T. ) ;
#6879 = VECTOR ( 'NONE', #6726, 1000.000000000000000 ) ;
#6880 = PLANE ( 'NONE',  #5910 ) ;
#6881 = AXIS2_PLACEMENT_3D ( 'NONE', #6901, #1585, #3973 ) ;
#6882 = ORIENTED_EDGE ( 'NONE', *, *, #568, .F. ) ;
#6883 = EDGE_CURVE ( 'NONE', #1611, #2225, #2455, .T. ) ;
#6884 = EDGE_CURVE ( 'NONE', #3250, #6773, #6311, .T. ) ;
#6885 = VECTOR ( 'NONE', #1922, 1000.000000000000000 ) ;
#6886 = LINE ( 'NONE', #3294, #2652 ) ;
#6887 = CIRCLE ( 'NONE', #2527, 0.07000000000000018707 ) ;
#6888 = CARTESIAN_POINT ( 'NONE',  ( -1.375000000000000000, -0.4000000000000000222, 0.5000000000000000000 ) ) ;
#6889 = ORIENTED_EDGE ( 'NONE', *, *, #6143, .F. ) ;
#6890 = CARTESIAN_POINT ( 'NONE',  ( 1.600000000000000089, -0.2500000000000000000, 2.299999999999999822 ) ) ;
#6891 = ORIENTED_EDGE ( 'NONE', *, *, #3092, .F. ) ;
#6892 = PLANE ( 'NONE',  #4076 ) ;
#6893 = CARTESIAN_POINT ( 'NONE',  ( 0.8510132670885490747, -0.4755444493121870897, 3.400802520648761096 ) ) ;
#6894 = AXIS2_PLACEMENT_3D ( 'NONE', #7053, #5248, #5871 ) ;
#6895 = EDGE_LOOP ( 'NONE', ( #4989, #2801, #3515, #6518 ) ) ;
#6896 = AXIS2_PLACEMENT_3D ( 'NONE', #2871, #5220, #3976 ) ;
#6897 = ADVANCED_FACE ( 'NONE', ( #2297 ), #3473, .F. ) ;
#6898 = ADVANCED_FACE ( 'NONE', ( #5929, #5809 ), #1046, .T. ) ;
#6899 = EDGE_LOOP ( 'NONE', ( #1567, #4285, #6436, #4419 ) ) ;
#6900 = CARTESIAN_POINT ( 'NONE',  ( -1.500000000000000000, 0.2500000000000000000, 2.299999999999999822 ) ) ;
#6901 = CARTESIAN_POINT ( 'NONE',  ( 0.000000000000000000, -0.5000000000000000000, 2.200000000000000178 ) ) ;
#6902 = ORIENTED_EDGE ( 'NONE', *, *, #613, .T. ) ;
#6903 = CIRCLE ( 'NONE', #161, 0.2000000000000000944 ) ;
#6904 = DIRECTION ( 'NONE',  ( 0.000000000000000000, 0.000000000000000000, -1.000000000000000000 ) ) ;
#6905 = LINE ( 'NONE', #2180, #1655 ) ;
#6906 = VERTEX_POINT ( 'NONE', #6948 ) ;
#6907 = ORIENTED_EDGE ( 'NONE', *, *, #4354, .F. ) ;
#6908 = CARTESIAN_POINT ( 'NONE',  ( 2.194999999999999840, 0.2895950378225999877, 2.100000000000000089 ) ) ;
#6909 = VECTOR ( 'NONE', #162, 1000.000000000000000 ) ;
#6910 = EDGE_CURVE ( 'NONE', #1189, #5674, #4204, .T. ) ;
#6911 = FACE_OUTER_BOUND ( 'NONE', #6586, .T. ) ;
#6912 = EDGE_LOOP ( 'NONE', ( #5851, #184, #7205, #6891, #3835, #4747 ) ) ;
#6913 = DIRECTION ( 'NONE',  ( 0.000000000000000000, -1.000000000000000000, 0.000000000000000000 ) ) ;
#6914 = ORIENTED_EDGE ( 'NONE', *, *, #1368, .F. ) ;
#6915 = DIRECTION ( 'NONE',  ( 0.04987546680538140070, -0.04987546680549630185, -0.9975093361076271536 ) ) ;
#6916 = CARTESIAN_POINT ( 'NONE',  ( -0.6499999999999801492, -0.3663376014356999888, 0.2500000000000000000 ) ) ;
#6917 = ADVANCED_FACE ( 'NONE', ( #1002 ), #4323, .T. ) ;
#6918 = VECTOR ( 'NONE', #3278, 1000.000000000000000 ) ;
#6919 = CARTESIAN_POINT ( 'NONE',  ( -1.925000000000000044, 0.2704156197588999944, 2.200000000000000178 ) ) ;
#6920 = LINE ( 'NONE', #5109, #7657 ) ;
#6921 = LINE ( 'NONE', #1485, #269 ) ;
#6922 = ORIENTED_EDGE ( 'NONE', *, *, #2842, .T. ) ;
#6923 = DIRECTION ( 'NONE',  ( 0.000000000000000000, -1.000000000000000000, 0.000000000000000000 ) ) ;
#6924 = FACE_OUTER_BOUND ( 'NONE', #3702, .T. ) ;
#6925 = CARTESIAN_POINT ( 'NONE',  ( 2.187500000000000000, -0.9449999999999999512, 2.200000000000000178 ) ) ;
#6926 = AXIS2_PLACEMENT_3D ( 'NONE', #6473, #5879, #3350 ) ;
#6927 = CARTESIAN_POINT ( 'NONE',  ( 0.6499999999999801492, 0.3663376014356999888, 0.2500000000000000000 ) ) ;
#6928 = ORIENTED_EDGE ( 'NONE', *, *, #5224, .T. ) ;
#6929 = TOROIDAL_SURFACE ( 'NONE', #6793, 0.08000000000000000167, 0.06999999999999999278 ) ;
#6930 = DIRECTION ( 'NONE',  ( 0.000000000000000000, 1.000000000000000000, 0.000000000000000000 ) ) ;
#6931 = DIRECTION ( 'NONE',  ( 6.990920629867270291E-12, -1.000000000000000000, -2.323290369763365260E-15 ) ) ;
#6932 = VERTEX_POINT ( 'NONE', #1121 ) ;
#6933 = DIRECTION ( 'NONE',  ( 0.000000000000000000, 0.000000000000000000, 1.000000000000000000 ) ) ;
#6934 = ORIENTED_EDGE ( 'NONE', *, *, #7379, .T. ) ;
#6935 = CARTESIAN_POINT ( 'NONE',  ( 0.5546482206497795886, -0.7051433573499764629, 0.3570355870039964019 ) ) ;
#6936 = LINE ( 'NONE', #2285, #7150 ) ;
#6937 = ADVANCED_FACE ( 'NONE', ( #3507 ), #1592, .F. ) ;
#6938 = VECTOR ( 'NONE', #7107, 1000.000000000000000 ) ;
#6939 = ORIENTED_EDGE ( 'NONE', *, *, #4425, .F. ) ;
#6940 = CARTESIAN_POINT ( 'NONE',  ( -1.600000000000000089, -0.3499999999999999778, 2.100000000000000089 ) ) ;
#6941 = DIRECTION ( 'NONE',  ( -1.000000000000000000, 0.000000000000000000, 0.000000000000000000 ) ) ;
#6942 = VERTEX_POINT ( 'NONE', #3979 ) ;
#6943 = VECTOR ( 'NONE', #4600, 1000.000000000000000 ) ;
#6944 = CARTESIAN_POINT ( 'NONE',  ( -1.474999999999999867, 0.3750000000000000000, 2.100000000000000089 ) ) ;
#6945 = PLANE ( 'NONE',  #6896 ) ;
#6946 = ORIENTED_EDGE ( 'NONE', *, *, #6126, .T. ) ;
#6947 = ORIENTED_EDGE ( 'NONE', *, *, #4745, .F. ) ;
#6948 = CARTESIAN_POINT ( 'NONE',  ( 0.6499999999999801492, -0.8336623985643000223, 0.2500000000000000000 ) ) ;
#6949 = EDGE_CURVE ( 'NONE', #4212, #81, #5780, .T. ) ;
#6950 = EDGE_CURVE ( 'NONE', #6464, #6189, #649, .T. ) ;
#6951 = DIRECTION ( 'NONE',  ( 1.000000000000000000, 0.000000000000000000, 0.000000000000000000 ) ) ;
#6952 = EDGE_LOOP ( 'NONE', ( #4206, #3019, #4663, #4357 ) ) ;
#6953 = FACE_BOUND ( 'NONE', #4481, .T. ) ;
#6954 = ORIENTED_EDGE ( 'NONE', *, *, #2691, .T. ) ;
#6955 = CARTESIAN_POINT ( 'NONE',  ( -0.9965079230504830798, 0.4749999999999999778, 2.100000000000000089 ) ) ;
#6956 = CARTESIAN_POINT ( 'NONE',  ( -0.6499999999871857170, -0.3677522090430733193, 0.2499999999999310552 ) ) ;
#6957 = EDGE_CURVE ( 'NONE', #1045, #3440, #3072, .T. ) ;
#6958 = B_SPLINE_CURVE_WITH_KNOTS ( 'NONE', 3,
 ( #7383, #1339, #6798, #1450, #6098, #6204, #2477, #4854, #7233, #2509, #5513, #7274, #163, #743, #3129, #5616, #942, #7539, #6368, #7460, #5738, #1566 ),
 .UNSPECIFIED., .F., .F.,
 ( 4, 3, 3, 3, 3, 3, 3, 4 ),
 ( 2.168404344971008868E-19, 3.610820105796589714E-05, 7.184635173968875635E-05, 0.0001248418017079281185, 0.0001793155921833510891, 0.0001996016952607254993, 0.0002135996456861059540, 0.0002177643733424374612 ),
 .UNSPECIFIED. ) ;
#6959 = EDGE_LOOP ( 'NONE', ( #6674, #2967, #5250, #1591, #3352, #6675 ) ) ;
#6960 = LINE ( 'NONE', #7458, #2007 ) ;
#6961 = FACE_OUTER_BOUND ( 'NONE', #6952, .T. ) ;
#6962 = CARTESIAN_POINT ( 'NONE',  ( -1.469999999999999973, 0.2999999999994529820, 2.399999999999999911 ) ) ;
#6963 = FACE_OUTER_BOUND ( 'NONE', #4968, .T. ) ;
#6964 = CARTESIAN_POINT ( 'NONE',  ( 0.000000000000000000, 0.4000000000000000222, 0.5000000000000000000 ) ) ;
#6965 = DIRECTION ( 'NONE',  ( 0.000000000000000000, -1.000000000000000000, 0.000000000000000000 ) ) ;
#6966 = EDGE_CURVE ( 'NONE', #7629, #2827, #1205, .T. ) ;
#6967 = DIRECTION ( 'NONE',  ( 1.000000000000000000, 0.000000000000000000, 0.000000000000000000 ) ) ;
#6968 = ORIENTED_EDGE ( 'NONE', *, *, #2256, .T. ) ;
#6969 = DIRECTION ( 'NONE',  ( 0.000000000000000000, 1.445602896647339508E-15, 1.000000000000000000 ) ) ;
#6970 = FACE_OUTER_BOUND ( 'NONE', #6785, .T. ) ;
#6971 = ORIENTED_EDGE ( 'NONE', *, *, #4542, .F. ) ;
#6972 = DIRECTION ( 'NONE',  ( -1.000000000000000000, 0.000000000000000000, 0.000000000000000000 ) ) ;
#6973 = ORIENTED_EDGE ( 'NONE', *, *, #1790, .T. ) ;
#6974 = CARTESIAN_POINT ( 'NONE',  ( -1.824999999999999956, -0.1658312395178000165, 2.100000000000000089 ) ) ;
#6975 = DIRECTION ( 'NONE',  ( -0.04987546680549900108, -0.04987546680538120641, -0.9975093361076270426 ) ) ;
#6976 = ORIENTED_EDGE ( 'NONE', *, *, #5075, .F. ) ;
#6977 = LINE ( 'NONE', #4092, #6129 ) ;
#6978 = ORIENTED_EDGE ( 'NONE', *, *, #2832, .T. ) ;
#6979 = LINE ( 'NONE', #2837, #1810 ) ;
#6980 = DIRECTION ( 'NONE',  ( 0.000000000000000000, 0.000000000000000000, 1.000000000000000000 ) ) ;
#6981 = EDGE_LOOP ( 'NONE', ( #5010, #5218, #4446, #840 ) ) ;
#6982 = ORIENTED_EDGE ( 'NONE', *, *, #3215, .T. ) ;
#6983 = DIRECTION ( 'NONE',  ( 0.000000000000000000, -0.9987523388778447586, 0.04993761694389219075 ) ) ;
#6984 = VECTOR ( 'NONE', #2490, 1000.000000000000000 ) ;
#6985 = EDGE_CURVE ( 'NONE', #698, #1189, #5413, .T. ) ;
#6986 = LINE ( 'NONE', #3596, #2141 ) ;
#6987 = EDGE_LOOP ( 'NONE', ( #4301, #4240, #1850, #7094, #469, #175, #3200, #4103, #3971, #3668, #4507, #7021, #5466, #366, #7119, #1804, #3188, #55, #2572, #5348, #4985, #3792, #500, #5285, #1158, #1316, #5366, #2172, #4758, #7681, #1628, #1659, #1537, #6819, #6781, #5773, #6742, #3658, #4976, #7656 ) ) ;
#6988 = ADVANCED_FACE ( 'NONE', ( #1317, #1867, #3703 ), #6076, .T. ) ;
#6989 = CARTESIAN_POINT ( 'NONE',  ( 0.5350000000000000311, 0.9000000000000000222, 0.7500000000000000000 ) ) ;
#6990 = VERTEX_POINT ( 'NONE', #1829 ) ;
#6991 = CARTESIAN_POINT ( 'NONE',  ( 1.925000000000000044, -0.4000000000000000222, 0.5000000000000000000 ) ) ;
#6992 = DIRECTION ( 'NONE',  ( 0.000000000000000000, 0.000000000000000000, 1.000000000000000000 ) ) ;
#6993 = EDGE_LOOP ( 'NONE', ( #2243, #1735, #3847, #7262 ) ) ;
#6994 = EDGE_CURVE ( 'NONE', #5765, #6403, #2951, .T. ) ;
#6995 = FACE_OUTER_BOUND ( 'NONE', #5969, .T. ) ;
#6996 = CIRCLE ( 'NONE', #7243, 0.1000000000000000472 ) ;
#6997 = CARTESIAN_POINT ( 'NONE',  ( 0.5830152926694178728, 0.7366123688503087852, 0.2921218145516760734 ) ) ;
#6998 = CARTESIAN_POINT ( 'NONE',  ( 1.550000000000000044, -0.2999999999999999889, 2.299999999999999822 ) ) ;
#6999 = FACE_OUTER_BOUND ( 'NONE', #1856, .T. ) ;
#7000 = DIRECTION ( 'NONE',  ( 1.000000000000000000, 0.000000000000000000, 0.000000000000000000 ) ) ;
#7001 = AXIS2_PLACEMENT_3D ( 'NONE', #3778, #5093, #6150 ) ;
#7002 = EDGE_CURVE ( 'NONE', #6553, #501, #7025, .T. ) ;
#7003 = DIRECTION ( 'NONE',  ( 0.000000000000000000, 0.000000000000000000, -1.000000000000000000 ) ) ;
#7004 = LINE ( 'NONE', #5671, #7136 ) ;
#7005 = VERTEX_POINT ( 'NONE', #3105 ) ;
#7006 = CIRCLE ( 'NONE', #3518, 0.09999999999999982514 ) ;
#7007 = CIRCLE ( 'NONE', #3766, 0.2000009471890610013 ) ;
#7008 = CARTESIAN_POINT ( 'NONE',  ( -1.275000000000000133, 0.000000000000000000, 0.5000000000000000000 ) ) ;
#7009 = ORIENTED_EDGE ( 'NONE', *, *, #7530, .F. ) ;
#7010 = DIRECTION ( 'NONE',  ( -1.000000000000000000, 0.000000000000000000, 0.000000000000000000 ) ) ;
#7011 = DIRECTION ( 'NONE',  ( 1.000000000000000000, 0.000000000000000000, 0.000000000000000000 ) ) ;
#7012 = VECTOR ( 'NONE', #6206, 1000.000000000000000 ) ;
#7013 = AXIS2_PLACEMENT_3D ( 'NONE', #1997, #6136, #5440 ) ;
#7014 = EDGE_CURVE ( 'NONE', #109, #2336, #95, .T. ) ;
#7015 = DIRECTION ( 'NONE',  ( 0.000000000000000000, 0.000000000000000000, 1.000000000000000000 ) ) ;
#7016 = CARTESIAN_POINT ( 'NONE',  ( -0.6500000000000000222, -0.3499999999999999778, 0.000000000000000000 ) ) ;
#7017 = EDGE_LOOP ( 'NONE', ( #5, #1031, #388, #1260 ) ) ;
#7018 = DIRECTION ( 'NONE',  ( 0.000000000000000000, 0.000000000000000000, -1.000000000000000000 ) ) ;
#7019 = CARTESIAN_POINT ( 'NONE',  ( -0.2650000000000000133, -0.5150000000000000133, 0.7500000000000000000 ) ) ;
#7020 = ORIENTED_EDGE ( 'NONE', *, *, #829, .F. ) ;
#7021 = ORIENTED_EDGE ( 'NONE', *, *, #4516, .T. ) ;
#7022 = DIRECTION ( 'NONE',  ( 0.000000000000000000, 0.000000000000000000, -1.000000000000000000 ) ) ;
#7023 = CIRCLE ( 'NONE', #3145, 0.2000000000000000944 ) ;
#7024 = CIRCLE ( 'NONE', #6762, 0.2999999999999999334 ) ;
#7025 =( BOUNDED_CURVE ( )  B_SPLINE_CURVE ( 3, ( #3033, #5965, #72, #2454 ),
 .UNSPECIFIED., .F., .T. ) 
 B_SPLINE_CURVE_WITH_KNOTS ( ( 4, 4 ),
 ( 4.712388980384689674, 6.233226911454660346 ),
 .UNSPECIFIED. ) 
 CURVE ( )  GEOMETRIC_REPRESENTATION_ITEM ( )  RATIONAL_B_SPLINE_CURVE ( ( 1.000000000000000000, 0.8163648751943569648, 0.8163648751943569648, 1.000000000000000000 ) ) 
 REPRESENTATION_ITEM ( '' )  );
#7026 = VECTOR ( 'NONE', #5478, 1000.000000000000000 ) ;
#7027 = FACE_OUTER_BOUND ( 'NONE', #2087, .T. ) ;
#7028 = ORIENTED_EDGE ( 'NONE', *, *, #6056, .F. ) ;
#7029 = PLANE ( 'NONE',  #4050 ) ;
#7030 = ORIENTED_EDGE ( 'NONE', *, *, #3570, .F. ) ;
#7031 = CARTESIAN_POINT ( 'NONE',  ( -0.5350000000000000311, -0.08500000000000000611, 0.7500000000000000000 ) ) ;
#7032 = CARTESIAN_POINT ( 'NONE',  ( 1.824999999999999956, -0.1658312395178000165, 2.100000000000000089 ) ) ;
#7033 = VECTOR ( 'NONE', #5207, 1000.000000000000000 ) ;
#7034 = ORIENTED_EDGE ( 'NONE', *, *, #5980, .T. ) ;
#7035 = ADVANCED_FACE ( 'NONE', ( #612 ), #1277, .F. ) ;
#7036 = DIRECTION ( 'NONE',  ( 0.000000000000000000, 0.000000000000000000, -1.000000000000000000 ) ) ;
#7037 = AXIS2_PLACEMENT_3D ( 'NONE', #3990, #3240, #4732 ) ;
#7038 = LINE ( 'NONE', #4610, #4541 ) ;
#7039 = CARTESIAN_POINT ( 'NONE',  ( 0.8499999999848999455, -1.199999999999999956, 1.399999999999999911 ) ) ;
#7040 = LINE ( 'NONE', #3573, #895 ) ;
#7041 = DIRECTION ( 'NONE',  ( 0.000000000000000000, 1.000000000000000000, 0.000000000000000000 ) ) ;
#7042 = EDGE_CURVE ( 'NONE', #698, #6990, #6041, .T. ) ;
#7043 = ADVANCED_FACE ( 'NONE', ( #3071 ), #452, .T. ) ;
#7044 = AXIS2_PLACEMENT_3D ( 'NONE', #193, #4847, #50 ) ;
#7045 = ORIENTED_EDGE ( 'NONE', *, *, #5482, .F. ) ;
#7046 = LINE ( 'NONE', #2858, #1041 ) ;
#7047 = DIRECTION ( 'NONE',  ( -0.04987546680538131050, -0.04987546680551570993, 0.9975093361076262655 ) ) ;
#7048 = VERTEX_POINT ( 'NONE', #2524 ) ;
#7049 = CIRCLE ( 'NONE', #5170, 0.1000000000000000472 ) ;
#7050 = DIRECTION ( 'NONE',  ( 0.000000000000000000, 0.000000000000000000, 1.000000000000000000 ) ) ;
#7051 = VERTEX_POINT ( 'NONE', #1348 ) ;
#7052 = DIRECTION ( 'NONE',  ( 0.000000000000000000, -1.000000000000000000, 0.000000000000000000 ) ) ;
#7053 = CARTESIAN_POINT ( 'NONE',  ( -2.120000000000000107, 0.8000000000000000444, 2.299999999999999822 ) ) ;
#7054 = EDGE_CURVE ( 'NONE', #918, #3710, #3736, .T. ) ;
#7055 = AXIS2_PLACEMENT_3D ( 'NONE', #7039, #5945, #7078 ) ;
#7056 = LINE ( 'NONE', #3500, #1630 ) ;
#7057 = CARTESIAN_POINT ( 'NONE',  ( -0.2461754054898735167, -0.9115440117052999724, 0.3735081097983659615 ) ) ;
#7058 = VERTEX_POINT ( 'NONE', #3848 ) ;
#7059 = LINE ( 'NONE', #7096, #6789 ) ;
#7060 = CARTESIAN_POINT ( 'NONE',  ( 1.824999999999999956, 0.1658312395178000165, 2.200000000000000178 ) ) ;
#7061 = ORIENTED_EDGE ( 'NONE', *, *, #5469, .T. ) ;
#7062 = VERTEX_POINT ( 'NONE', #6219 ) ;
#7063 = LINE ( 'NONE', #5341, #3820 ) ;
#7064 = CIRCLE ( 'NONE', #3697, 0.1000000000000000472 ) ;
#7065 = EDGE_CURVE ( 'NONE', #7178, #6378, #2531, .T. ) ;
#7066 = LINE ( 'NONE', #1090, #5375 ) ;
#7067 = ORIENTED_EDGE ( 'NONE', *, *, #7230, .T. ) ;
#7068 = CARTESIAN_POINT ( 'NONE',  ( 0.8510499682814820499, 0.3755476762960185400, 3.400000000004524736 ) ) ;
#7069 = EDGE_LOOP ( 'NONE', ( #7636, #33, #377, #6628 ) ) ;
#7070 = ORIENTED_EDGE ( 'NONE', *, *, #2505, .F. ) ;
#7071 = CARTESIAN_POINT ( 'NONE',  ( -0.6836623985643000001, -0.2336623985642999890, 0.2500000000000000000 ) ) ;
#7072 = DIRECTION ( 'NONE',  ( 0.000000000000000000, 0.000000000000000000, -1.000000000000000000 ) ) ;
#7073 = AXIS2_PLACEMENT_3D ( 'NONE', #828, #6207, #5000 ) ;
#7074 = ORIENTED_EDGE ( 'NONE', *, *, #4450, .F. ) ;
#7075 = EDGE_LOOP ( 'NONE', ( #836, #3229, #1146, #185 ) ) ;
#7076 = CARTESIAN_POINT ( 'NONE',  ( 0.8499999999848999455, -1.199999999999999956, 1.399999999999999911 ) ) ;
#7077 = ADVANCED_FACE ( 'NONE', ( #4390 ), #5631, .T. ) ;
#7078 = DIRECTION ( 'NONE',  ( 0.000000000000000000, 0.000000000000000000, -1.000000000000000000 ) ) ;
#7079 = DIRECTION ( 'NONE',  ( 0.04987546680538118560, -0.04987546680550418443, -0.9975093361076268206 ) ) ;
#7080 = CARTESIAN_POINT ( 'NONE',  ( -1.929600000011809868, 0.3466286004356408101, 2.400000000000003020 ) ) ;
#7081 = VERTEX_POINT ( 'NONE', #1464 ) ;
#7082 = DIRECTION ( 'NONE',  ( 0.000000000000000000, 0.000000000000000000, 1.000000000000000000 ) ) ;
#7083 = EDGE_CURVE ( 'NONE', #6529, #3331, #5560, .T. ) ;
#7084 = DIRECTION ( 'NONE',  ( 0.000000000000000000, -1.000000000000000000, 0.000000000000000000 ) ) ;
#7085 = ORIENTED_EDGE ( 'NONE', *, *, #1047, .T. ) ;
#7086 = EDGE_CURVE ( 'NONE', #6225, #5497, #6774, .T. ) ;
#7087 = DIRECTION ( 'NONE',  ( 0.000000000000000000, 1.000000000000000000, 0.000000000000000000 ) ) ;
#7088 = VERTEX_POINT ( 'NONE', #214 ) ;
#7089 = CARTESIAN_POINT ( 'NONE',  ( 0.8965076419476439851, -0.4982544935067820258, 2.100000000000000089 ) ) ;
#7090 = CARTESIAN_POINT ( 'NONE',  ( -0.5538245945101080148, -0.7038245945101490042, 0.3735081097978244502 ) ) ;
#7091 = VERTEX_POINT ( 'NONE', #288 ) ;
#7092 = CARTESIAN_POINT ( 'NONE',  ( 0.6836623985643000001, 0.2336623985642999890, 0.2500000000000000000 ) ) ;
#7093 = DIRECTION ( 'NONE',  ( -0.000000000000000000, 1.000000000000000000, 0.000000000000000000 ) ) ;
#7094 = ORIENTED_EDGE ( 'NONE', *, *, #1242, .T. ) ;
#7095 = EDGE_CURVE ( 'NONE', #4741, #5966, #88, .T. ) ;
#7096 = CARTESIAN_POINT ( 'NONE',  ( -1.525000000000000133, -0.9499999999999999556, 0.1749999999999999889 ) ) ;
#7097 = CYLINDRICAL_SURFACE ( 'NONE', #6871, 0.1300000000000000044 ) ;
#7098 = ORIENTED_EDGE ( 'NONE', *, *, #972, .T. ) ;
#7099 = DIRECTION ( 'NONE',  ( -8.705496089999369231E-31, 5.543480938999820347E-15, -1.000000000000000000 ) ) ;
#7100 = DIRECTION ( 'NONE',  ( -1.000000000000000000, 0.000000000000000000, 0.000000000000000000 ) ) ;
#7101 = ORIENTED_EDGE ( 'NONE', *, *, #454, .F. ) ;
#7102 = ADVANCED_FACE ( 'NONE', ( #1384 ), #6892, .T. ) ;
#7103 = DIRECTION ( 'NONE',  ( -1.000000000000000000, 0.000000000000000000, 0.000000000000000000 ) ) ;
#7104 = DIRECTION ( 'NONE',  ( 0.000000000000000000, 0.000000000000000000, 1.000000000000000000 ) ) ;
#7105 = ORIENTED_EDGE ( 'NONE', *, *, #7403, .T. ) ;
#7106 = ORIENTED_EDGE ( 'NONE', *, *, #3464, .F. ) ;
#7107 = DIRECTION ( 'NONE',  ( 0.000000000000000000, 0.000000000000000000, 1.000000000000000000 ) ) ;
#7108 = DIRECTION ( 'NONE',  ( -0.03489418781260640590, 0.01744177813808910071, -0.9992388003036511979 ) ) ;
#7109 = ORIENTED_EDGE ( 'NONE', *, *, #7149, .F. ) ;
#7110 = FACE_OUTER_BOUND ( 'NONE', #5211, .T. ) ;
#7111 = ORIENTED_EDGE ( 'NONE', *, *, #3002, .T. ) ;
#7112 = EDGE_CURVE ( 'NONE', #6553, #1874, #2596, .T. ) ;
#7113 = LINE ( 'NONE', #1136, #5293 ) ;
#7114 = CARTESIAN_POINT ( 'NONE',  ( 0.5687988462011323021, 0.7210576526936745001, 0.3140524872500325415 ) ) ;
#7115 = CARTESIAN_POINT ( 'NONE',  ( -0.2650000000000000133, -0.08499999999999829914, 0.7500000000000000000 ) ) ;
#7116 = ORIENTED_EDGE ( 'NONE', *, *, #4941, .F. ) ;
#7117 = DIRECTION ( 'NONE',  ( -1.000000000000000000, 0.000000000000000000, 0.000000000000000000 ) ) ;
#7118 = CARTESIAN_POINT ( 'NONE',  ( -1.949999999999999956, -0.9000000000000000222, 0.000000000000000000 ) ) ;
#7119 = ORIENTED_EDGE ( 'NONE', *, *, #4341, .T. ) ;
#7120 = FACE_OUTER_BOUND ( 'NONE', #2368, .T. ) ;
#7121 = ORIENTED_EDGE ( 'NONE', *, *, #681, .F. ) ;
#7122 = CARTESIAN_POINT ( 'NONE',  ( -0.9499999999999999556, 0.5000000000000000000, 2.100000000000000089 ) ) ;
#7123 = LINE ( 'NONE', #1858, #280 ) ;
#7124 = EDGE_CURVE ( 'NONE', #1178, #5569, #7326, .T. ) ;
#7125 = EDGE_CURVE ( 'NONE', #1627, #6218, #6733, .T. ) ;
#7126 = AXIS2_PLACEMENT_3D ( 'NONE', #607, #5923, #1115 ) ;
#7127 = VERTEX_POINT ( 'NONE', #1424 ) ;
#7128 = CARTESIAN_POINT ( 'NONE',  ( -1.908333333333315007, -0.1105541596784932051, 2.299999999999999822 ) ) ;
#7129 = ORIENTED_EDGE ( 'NONE', *, *, #1631, .F. ) ;
#7130 = DIRECTION ( 'NONE',  ( 0.000000000000000000, 0.000000000000000000, -1.000000000000000000 ) ) ;
#7131 = LINE ( 'NONE', #3626, #2513 ) ;
#7132 = ORIENTED_EDGE ( 'NONE', *, *, #5416, .F. ) ;
#7133 = CARTESIAN_POINT ( 'NONE',  ( -0.6032749857866669396, 0.7590878250104524660, 0.2735169826720624808 ) ) ;
#7134 = VECTOR ( 'NONE', #3450, 1000.000000000000000 ) ;
#7135 = VERTEX_POINT ( 'NONE', #1977 ) ;
#7136 = VECTOR ( 'NONE', #4501, 1000.000000000000000 ) ;
#7137 = EDGE_CURVE ( 'NONE', #7091, #2019, #7357, .T. ) ;
#7138 = ADVANCED_FACE ( 'NONE', ( #7438 ), #3884, .T. ) ;
#7139 = DIRECTION ( 'NONE',  ( -1.000000000000000000, 0.000000000000000000, 0.000000000000000000 ) ) ;
#7140 = ORIENTED_EDGE ( 'NONE', *, *, #2681, .F. ) ;
#7141 = AXIS2_PLACEMENT_3D ( 'NONE', #125, #4372, #819 ) ;
#7142 = DIRECTION ( 'NONE',  ( -2.776273318926796392E-14, 2.776273319988236192E-14, -1.000000000000000000 ) ) ;
#7143 = CARTESIAN_POINT ( 'NONE',  ( 0.1163376014357000027, -0.8336623985643000223, 0.2500000000000000000 ) ) ;
#7144 = ORIENTED_EDGE ( 'NONE', *, *, #7279, .T. ) ;
#7145 = VERTEX_POINT ( 'NONE', #6260 ) ;
#7146 = DIRECTION ( 'NONE',  ( -1.000000000000000000, 0.000000000000000000, 0.000000000000000000 ) ) ;
#7147 = LINE ( 'NONE', #5350, #3661 ) ;
#7148 = ORIENTED_EDGE ( 'NONE', *, *, #6203, .F. ) ;
#7149 = EDGE_CURVE ( 'NONE', #3388, #1252, #3301, .T. ) ;
#7150 = VECTOR ( 'NONE', #1111, 1000.000000000000000 ) ;
#7151 = DIRECTION ( 'NONE',  ( 0.000000000000000000, 0.000000000000000000, -1.000000000000000000 ) ) ;
#7152 = CARTESIAN_POINT ( 'NONE',  ( -1.550000000020624880, -0.4500000000000000111, 2.330000000000000071 ) ) ;
#7153 = CIRCLE ( 'NONE', #6031, 0.1000000000000000472 ) ;
#7154 = CARTESIAN_POINT ( 'NONE',  ( 0.5350000000000000311, -0.08499999999999829914, 0.7500000000000000000 ) ) ;
#7155 = ADVANCED_FACE ( 'NONE', ( #2563 ), #5090, .T. ) ;
#7156 = AXIS2_PLACEMENT_3D ( 'NONE', #1763, #3571, #7151 ) ;
#7157 = ORIENTED_EDGE ( 'NONE', *, *, #6910, .F. ) ;
#7158 = CARTESIAN_POINT ( 'NONE',  ( -1.525000000000000133, 0.000000000000000000, 0.5000000000000000000 ) ) ;
#7159 = DIRECTION ( 'NONE',  ( 0.000000000000000000, 0.000000000000000000, 1.000000000000000000 ) ) ;
#7160 = ORIENTED_EDGE ( 'NONE', *, *, #3465, .T. ) ;
#7161 = CARTESIAN_POINT ( 'NONE',  ( 0.2425215054676519155, 0.4925215054676518878, 0.3004301093582723015 ) ) ;
#7162 = ORIENTED_EDGE ( 'NONE', *, *, #5551, .F. ) ;
#7163 = CARTESIAN_POINT ( 'NONE',  ( -2.113554018886000030, 0.3663376014356999888, 0.3800000000000000044 ) ) ;
#7164 = VECTOR ( 'NONE', #2925, 1000.000000000000000 ) ;
#7165 = DIRECTION ( 'NONE',  ( 0.000000000000000000, 0.000000000000000000, 1.000000000000000000 ) ) ;
#7166 = AXIS2_PLACEMENT_3D ( 'NONE', #4293, #1949, #7217 ) ;
#7167 = VERTEX_POINT ( 'NONE', #3813 ) ;
#7168 = CARTESIAN_POINT ( 'NONE',  ( -2.200000000000000178, 0.9000000000000000222, 2.100000000000000089 ) ) ;
#7169 = VERTEX_POINT ( 'NONE', #3774 ) ;
#7170 = LINE ( 'NONE', #685, #6557 ) ;
#7171 = CARTESIAN_POINT ( 'NONE',  ( -0.9965079230507599695, 0.3983003885877945405, 2.100000000000000089 ) ) ;
#7172 = ORIENTED_EDGE ( 'NONE', *, *, #36, .T. ) ;
#7173 = EDGE_CURVE ( 'NONE', #2203, #684, #6148, .T. ) ;
#7174 = DIRECTION ( 'NONE',  ( 0.000000000000000000, 0.000000000000000000, -1.000000000000000000 ) ) ;
#7175 = CIRCLE ( 'NONE', #7674, 0.07000000000000018707 ) ;
#7176 = ORIENTED_EDGE ( 'NONE', *, *, #537, .F. ) ;
#7177 = DIRECTION ( 'NONE',  ( -0.000000000000000000, 0.9987523388778447586, 0.04993761694389219075 ) ) ;
#7178 = VERTEX_POINT ( 'NONE', #2052 ) ;
#7179 = AXIS2_PLACEMENT_3D ( 'NONE', #7691, #7574, #470 ) ;
#7180 = CARTESIAN_POINT ( 'NONE',  ( -0.9499999999999999556, 0.4000000000000000222, 2.299999999999999822 ) ) ;
#7181 = CARTESIAN_POINT ( 'NONE',  ( -1.850000000000000089, 0.2999999999999999889, 2.299999999999999822 ) ) ;
#7182 = ORIENTED_EDGE ( 'NONE', *, *, #4277, .T. ) ;
#7183 = ADVANCED_FACE ( 'NONE', ( #1618 ), #4550, .T. ) ;
#7184 = ORIENTED_EDGE ( 'NONE', *, *, #3912, .T. ) ;
#7185 = DIRECTION ( 'NONE',  ( -1.000000000000000000, 0.000000000000000000, 0.000000000000000000 ) ) ;
#7186 = EDGE_CURVE ( 'NONE', #369, #6906, #464, .T. ) ;
#7187 = DIRECTION ( 'NONE',  ( -1.000000000000000000, 0.000000000000000000, 0.000000000000000000 ) ) ;
#7188 = VERTEX_POINT ( 'NONE', #3968 ) ;
#7189 = AXIS2_PLACEMENT_3D ( 'NONE', #6109, #6551, #7212 ) ;
#7190 = CARTESIAN_POINT ( 'NONE',  ( -1.550000000007009993, 0.4500000000000000111, 2.330000000000000071 ) ) ;
#7191 = DIRECTION ( 'NONE',  ( 0.000000000000000000, 0.000000000000000000, -1.000000000000000000 ) ) ;
#7192 = EDGE_CURVE ( 'NONE', #4235, #5569, #3825, .T. ) ;
#7193 = AXIS2_PLACEMENT_3D ( 'NONE', #4078, #512, #7618 ) ;
#7194 = CARTESIAN_POINT ( 'NONE',  ( -0.2425215054678769300, 0.1074784945321227703, 0.3004301093584699767 ) ) ;
#7195 = ORIENTED_EDGE ( 'NONE', *, *, #1417, .F. ) ;
#7196 = DIRECTION ( 'NONE',  ( -0.0003668327359473804437, -0.9999677861671498746, 0.008018233079234993177 ) ) ;
#7197 = LINE ( 'NONE', #7118, #1022 ) ;
#7198 = ORIENTED_EDGE ( 'NONE', *, *, #6994, .T. ) ;
#7199 = EDGE_CURVE ( 'NONE', #1823, #5986, #4442, .T. ) ;
#7200 = CARTESIAN_POINT ( 'NONE',  ( -0.5538245945101090140, 0.7038245945101530010, 0.3735081097978224518 ) ) ;
#7201 = VERTEX_POINT ( 'NONE', #2209 ) ;
#7202 = CARTESIAN_POINT ( 'NONE',  ( 0.5574784945321231699, 0.1074784945321226731, 0.3004301093584697546 ) ) ;
#7203 = CARTESIAN_POINT ( 'NONE',  ( -2.000000000000000000, -0.2999999999801875039, 2.330000000000000071 ) ) ;
#7204 = ORIENTED_EDGE ( 'NONE', *, *, #938, .F. ) ;
#7205 = ORIENTED_EDGE ( 'NONE', *, *, #1600, .F. ) ;
#7206 = CARTESIAN_POINT ( 'NONE',  ( 0.9499999999999999556, 0.4000000000000000222, 2.100000000000000089 ) ) ;
#7207 = VERTEX_POINT ( 'NONE', #2284 ) ;
#7208 = ADVANCED_FACE ( 'NONE', ( #4046 ), #3420, .F. ) ;
#7209 = CARTESIAN_POINT ( 'NONE',  ( -1.600000000000000089, 0.2500000000000000000, 2.299999999999999822 ) ) ;
#7210 = CARTESIAN_POINT ( 'NONE',  ( -1.849999999995924904, -0.4500000000000000111, 2.299999999999999822 ) ) ;
#7211 = ORIENTED_EDGE ( 'NONE', *, *, #938, .T. ) ;
#7212 = DIRECTION ( 'NONE',  ( 0.000000000000000000, -1.000000000000000000, 0.000000000000000000 ) ) ;
#7213 = EDGE_LOOP ( 'NONE', ( #2960, #1583, #3312, #3198, #5177, #3419 ) ) ;
#7214 = EDGE_CURVE ( 'NONE', #7371, #1633, #1032, .T. ) ;
#7215 = FACE_OUTER_BOUND ( 'NONE', #2219, .T. ) ;
#7216 = ORIENTED_EDGE ( 'NONE', *, *, #2873, .F. ) ;
#7217 = DIRECTION ( 'NONE',  ( -1.000000000000000000, 0.000000000000000000, 0.000000000000000000 ) ) ;
#7218 = CARTESIAN_POINT ( 'NONE',  ( 1.525000000000000133, -0.9000000000000000222, 0.6118033988749899121 ) ) ;
#7219 = ORIENTED_EDGE ( 'NONE', *, *, #3148, .T. ) ;
#7220 = ORIENTED_EDGE ( 'NONE', *, *, #3706, .T. ) ;
#7221 = CARTESIAN_POINT ( 'NONE',  ( 0.2461754054898004918, 0.4961754054898009914, 0.3735081097969095154 ) ) ;
#7222 = CARTESIAN_POINT ( 'NONE',  ( 1.275000000000000133, -0.3499999999999999778, 0.2500000000000000000 ) ) ;
#7223 = DIRECTION ( 'NONE',  ( 0.000000000000000000, 1.000000000000000000, 0.000000000000000000 ) ) ;
#7224 = VERTEX_POINT ( 'NONE', #7513 ) ;
#7225 = ADVANCED_FACE ( 'NONE', ( #2790 ), #4708, .F. ) ;
#7226 = EDGE_CURVE ( 'NONE', #1557, #6592, #1110, .T. ) ;
#7227 = DIRECTION ( 'NONE',  ( 1.000000000000000000, 0.000000000000000000, 0.000000000000000000 ) ) ;
#7228 = DIRECTION ( 'NONE',  ( 1.000000000000000000, 0.000000000000000000, 0.000000000000000000 ) ) ;
#7229 = CARTESIAN_POINT ( 'NONE',  ( -1.908333333333310122, 0.1105541596785056119, 2.200000000000000178 ) ) ;
#7230 = EDGE_CURVE ( 'NONE', #1124, #1356, #5173, .T. ) ;
#7231 = CARTESIAN_POINT ( 'NONE',  ( -0.8500000000151000101, -0.9000000000000000222, 1.399999999999999911 ) ) ;
#7232 = CARTESIAN_POINT ( 'NONE',  ( 2.250000000000000000, 0.4000000000000000222, 0.000000000000000000 ) ) ;
#7233 = CARTESIAN_POINT ( 'NONE',  ( -0.5927737790424734143, 0.4527600221326587016, 0.2818393970400360771 ) ) ;
#7234 = VERTEX_POINT ( 'NONE', #3497 ) ;
#7235 = CARTESIAN_POINT ( 'NONE',  ( 1.899999999999999911, 0.3499999999999999778, 2.299999999999999822 ) ) ;
#7236 = VERTEX_POINT ( 'NONE', #5870 ) ;
#7237 = DIRECTION ( 'NONE',  ( 0.000000000000000000, 0.000000000000000000, -1.000000000000000000 ) ) ;
#7238 = CARTESIAN_POINT ( 'NONE',  ( 1.849999999994379918, 0.4500000000000000111, 2.299999999999999822 ) ) ;
#7239 = EDGE_CURVE ( 'NONE', #2300, #1817, #523, .T. ) ;
#7240 = CARTESIAN_POINT ( 'NONE',  ( -2.095000000000000195, -0.2750000000000000222, 2.100000000000000089 ) ) ;
#7241 = ORIENTED_EDGE ( 'NONE', *, *, #1024, .T. ) ;
#7242 = DIRECTION ( 'NONE',  ( 0.000000000000000000, 0.000000000000000000, -1.000000000000000000 ) ) ;
#7243 = AXIS2_PLACEMENT_3D ( 'NONE', #5902, #5821, #3485 ) ;
#7244 = CARTESIAN_POINT ( 'NONE',  ( -1.880901699437000030, -0.9050000000000000266, 2.200000000000000178 ) ) ;
#7245 = VERTEX_POINT ( 'NONE', #7089 ) ;
#7246 = CARTESIAN_POINT ( 'NONE',  ( -0.5830152926694178728, 0.7366123688503087852, 0.2921218145516760734 ) ) ;
#7247 = ORIENTED_EDGE ( 'NONE', *, *, #2774, .F. ) ;
#7248 = EDGE_CURVE ( 'NONE', #6403, #4484, #6499, .T. ) ;
#7249 = CIRCLE ( 'NONE', #3764, 0.1000000000000000472 ) ;
#7250 = CIRCLE ( 'NONE', #1512, 0.09999999999999982514 ) ;
#7251 = CARTESIAN_POINT ( 'NONE',  ( 1.525000000000000133, -0.8530330085889999969, -0.1881966011250000015 ) ) ;
#7252 = DIRECTION ( 'NONE',  ( 1.000000000000000000, 0.000000000000000000, 0.000000000000000000 ) ) ;
#7253 = CARTESIAN_POINT ( 'NONE',  ( 1.474999999999999867, -0.3750000000000000000, 2.100000000000000089 ) ) ;
#7254 = DIRECTION ( 'NONE',  ( 0.000000000000000000, 0.000000000000000000, -1.000000000000000000 ) ) ;
#7255 = ORIENTED_EDGE ( 'NONE', *, *, #1034, .T. ) ;
#7256 = ORIENTED_EDGE ( 'NONE', *, *, #5743, .T. ) ;
#7257 = DIRECTION ( 'NONE',  ( 0.000000000000000000, 0.000000000000000000, 1.000000000000000000 ) ) ;
#7258 = B_SPLINE_CURVE_WITH_KNOTS ( 'NONE', 3,
 ( #3854, #3741, #7333, #1507, #5099, #2676, #5018, #881, #3895, #6224, #297, #3265, #7406 ),
 .UNSPECIFIED., .F., .F.,
 ( 4, 3, 3, 3, 4 ),
 ( 0.000000000000000000, 3.283269251739306033E-05, 6.581124104088713063E-05, 9.706740894300060814E-05, 0.0001285434018049457395 ),
 .UNSPECIFIED. ) ;
#7259 = AXIS2_PLACEMENT_3D ( 'NONE', #7206, #4241, #4167 ) ;
#7260 = CARTESIAN_POINT ( 'NONE',  ( 0.2650000000000000133, 0.9000000000000000222, 0.7500000000000000000 ) ) ;
#7261 = CARTESIAN_POINT ( 'NONE',  ( -1.849999999975590059, 0.3795999999999999930, 2.399999999999999911 ) ) ;
#7262 = ORIENTED_EDGE ( 'NONE', *, *, #5129, .T. ) ;
#7263 = VECTOR ( 'NONE', #2079, 1000.000000000000000 ) ;
#7264 = VECTOR ( 'NONE', #7047, 1000.000000000000000 ) ;
#7265 = DIRECTION ( 'NONE',  ( 1.000000000000000000, 0.000000000000000000, 0.000000000000000000 ) ) ;
#7266 = CARTESIAN_POINT ( 'NONE',  ( 0.7500000000000000000, 0.08500000000000000611, 0.7500000000000000000 ) ) ;
#7267 = CARTESIAN_POINT ( 'NONE',  ( -0.9058012136164000916, -0.3755476762966750148, 3.500000000000000000 ) ) ;
#7268 = ORIENTED_EDGE ( 'NONE', *, *, #1133, .F. ) ;
#7269 = EDGE_CURVE ( 'NONE', #5382, #601, #678, .T. ) ;
#7270 = VECTOR ( 'NONE', #1216, 1000.000000000000000 ) ;
#7271 = VECTOR ( 'NONE', #6474, 1000.000000000000000 ) ;
#7272 = CIRCLE ( 'NONE', #6894, 0.09999999999999982514 ) ;
#7273 = LINE ( 'NONE', #3757, #4412 ) ;
#7274 = CARTESIAN_POINT ( 'NONE',  ( -0.6254115804877632412, 0.4159232580977185734, 0.2588844017590298807 ) ) ;
#7275 = EDGE_LOOP ( 'NONE', ( #6196, #5222, #2968, #1036 ) ) ;
#7276 = CARTESIAN_POINT ( 'NONE',  ( -0.5540493129827805951, 0.7041274530909999996, 0.3690137403439990305 ) ) ;
#7277 = EDGE_CURVE ( 'NONE', #6483, #577, #3020, .T. ) ;
#7278 = CARTESIAN_POINT ( 'NONE',  ( 1.550000000000000044, 0.2999999999999999889, 2.330000000000000071 ) ) ;
#7279 = EDGE_CURVE ( 'NONE', #2341, #3431, #1342, .T. ) ;
#7280 = FACE_OUTER_BOUND ( 'NONE', #5131, .T. ) ;
#7281 = AXIS2_PLACEMENT_3D ( 'NONE', #3199, #2065, #260 ) ;
#7282 = DIRECTION ( 'NONE',  ( 0.000000000000000000, -1.000000000000000000, 0.000000000000000000 ) ) ;
#7283 = VERTEX_POINT ( 'NONE', #5917 ) ;
#7284 = FACE_OUTER_BOUND ( 'NONE', #5916, .T. ) ;
#7285 = LINE ( 'NONE', #7324, #1269 ) ;
#7286 = ORIENTED_EDGE ( 'NONE', *, *, #1935, .F. ) ;
#7287 = CARTESIAN_POINT ( 'NONE',  ( -2.250000000000000000, 0.9000000000000000222, 2.299999999999999822 ) ) ;
#7288 = ADVANCED_FACE ( 'NONE', ( #2403 ), #4783, .T. ) ;
#7289 = ORIENTED_EDGE ( 'NONE', *, *, #1664, .F. ) ;
#7290 = CIRCLE ( 'NONE', #6784, 0.2000000000000000944 ) ;
#7291 = CARTESIAN_POINT ( 'NONE',  ( -0.5538245945101749612, -0.1038245945101579915, 0.3735081097972904884 ) ) ;
#7292 = CARTESIAN_POINT ( 'NONE',  ( 1.925000000000000044, 0.4749999999999999778, 2.100000000000000089 ) ) ;
#7293 = VERTEX_POINT ( 'NONE', #101 ) ;
#7294 = DIRECTION ( 'NONE',  ( -1.000000000000000000, 0.000000000000000000, 0.000000000000000000 ) ) ;
#7295 = CARTESIAN_POINT ( 'NONE',  ( -0.8510494242354590400, -0.4755324458130920084, 3.401745240566790507 ) ) ;
#7296 = ORIENTED_EDGE ( 'NONE', *, *, #897, .F. ) ;
#7297 = EDGE_LOOP ( 'NONE', ( #1173, #5701, #6875, #956 ) ) ;
#7298 = CARTESIAN_POINT ( 'NONE',  ( 0.5599326875623641397, -0.4887806347175437938, 0.3363227335935352058 ) ) ;
#7299 = EDGE_CURVE ( 'NONE', #3612, #3004, #4821, .T. ) ;
#7300 = VECTOR ( 'NONE', #727, 1000.000000000000000 ) ;
#7301 = DIRECTION ( 'NONE',  ( 1.000000000000000000, 0.000000000000000000, 0.000000000000000000 ) ) ;
#7302 = DIRECTION ( 'NONE',  ( 0.000000000000000000, -1.000000000000000000, 0.000000000000000000 ) ) ;
#7303 = ORIENTED_EDGE ( 'NONE', *, *, #1938, .F. ) ;
#7304 = VECTOR ( 'NONE', #5280, 1000.000000000000000 ) ;
#7305 = ORIENTED_EDGE ( 'NONE', *, *, #4027, .T. ) ;
#7306 = DIRECTION ( 'NONE',  ( -7.589415207398543660E-15, 0.000000000000000000, 1.000000000000000000 ) ) ;
#7307 = CARTESIAN_POINT ( 'NONE',  ( -2.113554018886000030, -0.2336623985642999890, 0.3800000000000000044 ) ) ;
#7308 = DIRECTION ( 'NONE',  ( 1.000000000000000000, 0.000000000000000000, 0.000000000000000000 ) ) ;
#7309 = AXIS2_PLACEMENT_3D ( 'NONE', #5150, #3830, #6360 ) ;
#7310 = EDGE_CURVE ( 'NONE', #5724, #285, #2482, .T. ) ;
#7311 = VECTOR ( 'NONE', #3183, 1000.000000000000000 ) ;
#7312 = DIRECTION ( 'NONE',  ( -1.000000000000000000, 0.000000000000000000, 0.000000000000000000 ) ) ;
#7313 = FACE_OUTER_BOUND ( 'NONE', #2602, .T. ) ;
#7314 = ORIENTED_EDGE ( 'NONE', *, *, #2711, .F. ) ;
#7315 = DIRECTION ( 'NONE',  ( -0.000000000000000000, 0.9987523388778447586, 0.04993761694389219075 ) ) ;
#7316 = ORIENTED_EDGE ( 'NONE', *, *, #829, .T. ) ;
#7317 = DIRECTION ( 'NONE',  ( -1.000000000000000000, 0.000000000000000000, 0.000000000000000000 ) ) ;
#7318 = CARTESIAN_POINT ( 'NONE',  ( 0.5569791683949584238, 0.4920982077094677165, 0.3451251010775115424 ) ) ;
#7319 = VECTOR ( 'NONE', #3804, 1000.000000000000000 ) ;
#7320 = EDGE_CURVE ( 'NONE', #5312, #4397, #2949, .T. ) ;
#7321 = ADVANCED_FACE ( 'NONE', ( #4312 ), #715, .T. ) ;
#7322 = LINE ( 'NONE', #3296, #2766 ) ;
#7323 = EDGE_LOOP ( 'NONE', ( #4135, #4914, #1679, #4159 ) ) ;
#7324 = CARTESIAN_POINT ( 'NONE',  ( -1.275000000000000133, 0.000000000000000000, 0.2500000000000000000 ) ) ;
#7325 = ORIENTED_EDGE ( 'NONE', *, *, #1013, .T. ) ;
#7326 = LINE ( 'NONE', #4977, #5060 ) ;
#7327 = EDGE_LOOP ( 'NONE', ( #5064, #7431, #5775, #373, #2146 ) ) ;
#7328 = EDGE_CURVE ( 'NONE', #5924, #6401, #2364, .T. ) ;
#7329 = LINE ( 'NONE', #921, #6367 ) ;
#7330 = CARTESIAN_POINT ( 'NONE',  ( 0.8510499682816999867, 0.3755476762961000303, 3.399999999999999911 ) ) ;
#7331 = ORIENTED_EDGE ( 'NONE', *, *, #5528, .T. ) ;
#7332 = LINE ( 'NONE', #4358, #1311 ) ;
#7333 = CARTESIAN_POINT ( 'NONE',  ( 2.175147298125089446, -0.3735592548386453826, 2.285642342265744809 ) ) ;
#7334 = ORIENTED_EDGE ( 'NONE', *, *, #6786, .F. ) ;
#7335 = ORIENTED_EDGE ( 'NONE', *, *, #1883, .F. ) ;
#7336 = PLANE ( 'NONE',  #4690 ) ;
#7337 = CARTESIAN_POINT ( 'NONE',  ( -2.000000000022256863, 0.3878679656450518265, 2.329999999999998295 ) ) ;
#7338 = ORIENTED_EDGE ( 'NONE', *, *, #1225, .F. ) ;
#7339 = ADVANCED_FACE ( 'NONE', ( #2443 ), #1264, .T. ) ;
#7340 = FACE_OUTER_BOUND ( 'NONE', #2136, .T. ) ;
#7341 = ORIENTED_EDGE ( 'NONE', *, *, #972, .F. ) ;
#7342 = FACE_OUTER_BOUND ( 'NONE', #3733, .T. ) ;
#7343 = DIRECTION ( 'NONE',  ( 0.000000000000000000, 0.000000000000000000, 1.000000000000000000 ) ) ;
#7344 = CARTESIAN_POINT ( 'NONE',  ( 0.000000000000000000, 0.3499999999999999778, 0.000000000000000000 ) ) ;
#7345 = EDGE_CURVE ( 'NONE', #2595, #264, #592, .T. ) ;
#7346 = DIRECTION ( 'NONE',  ( 0.000000000000000000, 0.000000000000000000, -1.000000000000000000 ) ) ;
#7347 = CARTESIAN_POINT ( 'NONE',  ( 1.275000000000000133, -0.4000000000000000222, 0.5000000000000000000 ) ) ;
#7348 = VERTEX_POINT ( 'NONE', #3659 ) ;
#7349 = LINE ( 'NONE', #1999, #5133 ) ;
#7350 = ORIENTED_EDGE ( 'NONE', *, *, #4224, .T. ) ;
#7351 = DIRECTION ( 'NONE',  ( 0.000000000000000000, -1.000000000000000000, 0.000000000000000000 ) ) ;
#7352 = PLANE ( 'NONE',  #6767 ) ;
#7353 = DIRECTION ( 'NONE',  ( -0.03489377102948900550, 0.01744177839205965364, 0.9992388148535182868 ) ) ;
#7354 = VERTEX_POINT ( 'NONE', #7122 ) ;
#7355 = DIRECTION ( 'NONE',  ( 1.000000000000000000, 0.000000000000000000, 0.000000000000000000 ) ) ;
#7356 = ORIENTED_EDGE ( 'NONE', *, *, #25, .F. ) ;
#7357 = LINE ( 'NONE', #5052, #6690 ) ;
#7358 = EDGE_CURVE ( 'NONE', #4479, #98, #5690, .T. ) ;
#7359 = CIRCLE ( 'NONE', #4259, 0.1499999999999999667 ) ;
#7360 = LINE ( 'NONE', #5057, #1137 ) ;
#7361 = CARTESIAN_POINT ( 'NONE',  ( -0.1895068923543799244, 0.4395068923543798967, 0.2500000000000000000 ) ) ;
#7362 = CARTESIAN_POINT ( 'NONE',  ( -2.075000000000000178, 0.000000000000000000, 2.100000000000000089 ) ) ;
#7363 = PLANE ( 'NONE',  #5013 ) ;
#7364 = ORIENTED_EDGE ( 'NONE', *, *, #1497, .F. ) ;
#7365 = ORIENTED_EDGE ( 'NONE', *, *, #5595, .T. ) ;
#7366 = PLANE ( 'NONE',  #6305 ) ;
#7367 = DIRECTION ( 'NONE',  ( 0.000000000000000000, 0.000000000000000000, 1.000000000000000000 ) ) ;
#7368 = EDGE_CURVE ( 'NONE', #7453, #6589, #1217, .T. ) ;
#7369 = ADVANCED_FACE ( 'NONE', ( #1231 ), #5988, .T. ) ;
#7370 = AXIS2_PLACEMENT_3D ( 'NONE', #1428, #3151, #1468 ) ;
#7371 = VERTEX_POINT ( 'NONE', #6029 ) ;
#7372 = CARTESIAN_POINT ( 'NONE',  ( -1.550000000000000044, -0.2999999999999999889, 2.299999999999999822 ) ) ;
#7373 = VERTEX_POINT ( 'NONE', #3097 ) ;
#7374 = AXIS2_PLACEMENT_3D ( 'NONE', #6107, #2626, #3772 ) ;
#7375 = DIRECTION ( 'NONE',  ( 1.000000000000000000, 0.000000000000000000, 0.000000000000000000 ) ) ;
#7376 = VECTOR ( 'NONE', #5446, 1000.000000000000000 ) ;
#7377 = CARTESIAN_POINT ( 'NONE',  ( -1.925000000000000044, -0.4000000000000000222, 2.100000000000000089 ) ) ;
#7378 = DIRECTION ( 'NONE',  ( -1.000000000000000000, 0.000000000000000000, 0.000000000000000000 ) ) ;
#7379 = EDGE_CURVE ( 'NONE', #7005, #3856, #602, .T. ) ;
#7380 = AXIS2_PLACEMENT_3D ( 'NONE', #4378, #4456, #6139 ) ;
#7381 = VECTOR ( 'NONE', #899, 1000.000000000000000 ) ;
#7382 = CARTESIAN_POINT ( 'NONE',  ( 1.850000000000000089, 0.2999999999999999889, 2.299999999999999822 ) ) ;
#7383 = CARTESIAN_POINT ( 'NONE',  ( -0.5540493129827805951, 0.4958725469090010107, 0.3690137403439992525 ) ) ;
#7384 = VERTEX_POINT ( 'NONE', #4895 ) ;
#7385 = VECTOR ( 'NONE', #7072, 1000.000000000000000 ) ;
#7386 = CARTESIAN_POINT ( 'NONE',  ( 0.2650000000000000133, -0.6849999999999999423, 0.7500000000000000000 ) ) ;
#7387 = EDGE_LOOP ( 'NONE', ( #966, #5981, #2526, #5693 ) ) ;
#7388 = DIRECTION ( 'NONE',  ( 0.000000000000000000, 0.000000000000000000, -1.000000000000000000 ) ) ;
#7389 = EDGE_CURVE ( 'NONE', #6075, #3682, #6070, .T. ) ;
#7390 = CARTESIAN_POINT ( 'NONE',  ( 0.6254115804877640183, 0.4159232580977175742, 0.2588844017590294366 ) ) ;
#7391 = CIRCLE ( 'NONE', #2910, 0.1000000000000000472 ) ;
#7392 = VERTEX_POINT ( 'NONE', #5585 ) ;
#7393 = CARTESIAN_POINT ( 'NONE',  ( -1.525000000000000133, -0.9499999999999999556, 0.5000000000000000000 ) ) ;
#7394 = CARTESIAN_POINT ( 'NONE',  ( 0.9499999999999999556, 0.4000000000000000222, 2.299999999999999822 ) ) ;
#7395 = VERTEX_POINT ( 'NONE', #4421 ) ;
#7396 = CARTESIAN_POINT ( 'NONE',  ( 0.5540493129827800400, 0.7041281197247462043, 0.3690137403439990305 ) ) ;
#7397 = EDGE_LOOP ( 'NONE', ( #3267, #5936, #4588, #3750, #809, #1276, #1332, #2363, #420, #5500, #3274, #4023, #913, #1323, #4195, #1509, #5841, #2, #3867, #599 ) ) ;
#7398 = DIRECTION ( 'NONE',  ( 0.000000000000000000, -1.000000000000000000, 0.000000000000000000 ) ) ;
#7399 = AXIS2_PLACEMENT_3D ( 'NONE', #2028, #5692, #852 ) ;
#7400 = B_SPLINE_CURVE_WITH_KNOTS ( 'NONE', 3,
 ( #4766, #3603, #1096, #3482 ),
 .UNSPECIFIED., .F., .F.,
 ( 4, 4 ),
 ( 0.000000000000000000, 1.000000000000000000 ),
 .UNSPECIFIED. ) ;
#7401 = AXIS2_PLACEMENT_3D ( 'NONE', #3724, #6063, #5547 ) ;
#7402 = CARTESIAN_POINT ( 'NONE',  ( 0.8499999999848999455, -1.199999999999999956, 1.600000000000000089 ) ) ;
#7403 = EDGE_CURVE ( 'NONE', #5347, #1226, #1448, .T. ) ;
#7404 = DIRECTION ( 'NONE',  ( -0.0006087085016787987775, 0.9998478806160472354, 0.01743115319072664413 ) ) ;
#7405 = DIRECTION ( 'NONE',  ( 0.000000000000000000, -1.000000000000000000, 0.000000000000000000 ) ) ;
#7406 = CARTESIAN_POINT ( 'NONE',  ( 2.100000000000000089, -0.3062249899919919360, 2.299999999999999822 ) ) ;
#7407 = ORIENTED_EDGE ( 'NONE', *, *, #2378, .F. ) ;
#7408 = FACE_OUTER_BOUND ( 'NONE', #5451, .T. ) ;
#7409 = VECTOR ( 'NONE', #3907, 1000.000000000000000 ) ;
#7410 = EDGE_CURVE ( 'NONE', #1143, #994, #6175, .T. ) ;
#7411 = DIRECTION ( 'NONE',  ( -0.9993908270190960952, 0.000000000000000000, -0.03489949670249306579 ) ) ;
#7412 = VERTEX_POINT ( 'NONE', #4970 ) ;
#7413 = EDGE_CURVE ( 'NONE', #1690, #5069, #4346, .T. ) ;
#7414 = CARTESIAN_POINT ( 'NONE',  ( 1.600000000000000089, -0.2500000000000000000, 2.100000000000000089 ) ) ;
#7415 = VERTEX_POINT ( 'NONE', #3132 ) ;
#7416 = CARTESIAN_POINT ( 'NONE',  ( 1.930000000000000160, -0.3086776736253000197, 2.399999999999999911 ) ) ;
#7417 = DIRECTION ( 'NONE',  ( 1.000000000000000000, 0.000000000000000000, 0.000000000000000000 ) ) ;
#7418 = VECTOR ( 'NONE', #4110, 1000.000000000000000 ) ;
#7419 = CARTESIAN_POINT ( 'NONE',  ( 0.6500000000000000222, 0.9000000000000000222, 0.000000000000000000 ) ) ;
#7420 = EDGE_CURVE ( 'NONE', #6378, #6682, #3728, .T. ) ;
#7421 = LINE ( 'NONE', #5035, #2791 ) ;
#7422 = AXIS2_PLACEMENT_3D ( 'NONE', #188, #2604, #1396 ) ;
#7423 = FACE_OUTER_BOUND ( 'NONE', #2322, .T. ) ;
#7424 = ORIENTED_EDGE ( 'NONE', *, *, #3644, .T. ) ;
#7425 = CYLINDRICAL_SURFACE ( 'NONE', #5800, 0.1000000000000000472 ) ;
#7426 = AXIS2_PLACEMENT_3D ( 'NONE', #4370, #1404, #781 ) ;
#7427 = FACE_OUTER_BOUND ( 'NONE', #6021, .T. ) ;
#7428 = FACE_OUTER_BOUND ( 'NONE', #614, .T. ) ;
#7429 = CARTESIAN_POINT ( 'NONE',  ( 2.100000000000000089, -0.9250000000000000444, 2.299999999999999822 ) ) ;
#7430 = AXIS2_PLACEMENT_3D ( 'NONE', #2125, #4508, #5593 ) ;
#7431 = ORIENTED_EDGE ( 'NONE', *, *, #3168, .T. ) ;
#7432 = EDGE_CURVE ( 'NONE', #5497, #3424, #277, .T. ) ;
#7433 = DIRECTION ( 'NONE',  ( -1.000000000000000000, 0.000000000000000000, 0.000000000000000000 ) ) ;
#7434 = CARTESIAN_POINT ( 'NONE',  ( 0.000000000000000000, -0.9000000000000000222, 0.2500000000000000000 ) ) ;
#7435 = ORIENTED_EDGE ( 'NONE', *, *, #5957, .F. ) ;
#7436 = DIRECTION ( 'NONE',  ( 0.000000000000000000, 0.000000000000000000, -1.000000000000000000 ) ) ;
#7437 = ORIENTED_EDGE ( 'NONE', *, *, #4564, .F. ) ;
#7438 = FACE_OUTER_BOUND ( 'NONE', #629, .T. ) ;
#7439 = AXIS2_PLACEMENT_3D ( 'NONE', #2908, #5834, #484 ) ;
#7440 = CARTESIAN_POINT ( 'NONE',  ( -1.899999999999999911, -0.09682458365518589738, 2.100000000000000089 ) ) ;
#7441 = ORIENTED_EDGE ( 'NONE', *, *, #160, .F. ) ;
#7442 = LINE ( 'NONE', #2632, #4497 ) ;
#7443 = DIRECTION ( 'NONE',  ( 0.000000000000000000, 0.000000000000000000, -1.000000000000000000 ) ) ;
#7444 = ORIENTED_EDGE ( 'NONE', *, *, #3943, .T. ) ;
#7445 = PLANE ( 'NONE',  #4555 ) ;
#7446 = CARTESIAN_POINT ( 'NONE',  ( -1.032310988842999988, -0.5000000000000000000, 2.000000000000000000 ) ) ;
#7447 = ORIENTED_EDGE ( 'NONE', *, *, #6616, .F. ) ;
#7448 = EDGE_LOOP ( 'NONE', ( #2385, #6040, #5688, #7473 ) ) ;
#7449 = LINE ( 'NONE', #3268, #5940 ) ;
#7450 = FACE_OUTER_BOUND ( 'NONE', #963, .T. ) ;
#7451 = ORIENTED_EDGE ( 'NONE', *, *, #7186, .F. ) ;
#7452 = CARTESIAN_POINT ( 'NONE',  ( -1.550000000000000044, 0.2999999999999999889, 2.299999999999999822 ) ) ;
#7453 = VERTEX_POINT ( 'NONE', #4495 ) ;
#7454 = DIRECTION ( 'NONE',  ( 1.000000000000000000, 0.000000000000000000, 0.000000000000000000 ) ) ;
#7455 = CARTESIAN_POINT ( 'NONE',  ( -2.100000000000000089, -0.9449999999999999512, 2.100000000000000089 ) ) ;
#7456 = ADVANCED_FACE ( 'NONE', ( #7428 ), #5663, .T. ) ;
#7457 = ADVANCED_FACE ( 'NONE', ( #1970 ), #2553, .T. ) ;
#7458 = CARTESIAN_POINT ( 'NONE',  ( 0.000000000000000000, -0.3663376014356999888, 0.2500000000000000000 ) ) ;
#7459 = CARTESIAN_POINT ( 'NONE',  ( 2.120000000000000107, 0.9000000000000000222, 2.100000000000000089 ) ) ;
#7460 = CARTESIAN_POINT ( 'NONE',  ( -0.6499135366580357509, 0.3691693836699238562, 0.2500232564856164630 ) ) ;
#7461 = EDGE_LOOP ( 'NONE', ( #2187, #1165, #5514, #1025 ) ) ;
#7462 = CARTESIAN_POINT ( 'NONE',  ( -1.275000000000000133, -0.5000000000000000000, 0.2500000000000000000 ) ) ;
#7463 = LINE ( 'NONE', #476, #7501 ) ;
#7464 = DIRECTION ( 'NONE',  ( -1.000000000000000000, 0.000000000000000000, 0.000000000000000000 ) ) ;
#7465 = DIRECTION ( 'NONE',  ( 0.000000000000000000, 0.000000000000000000, -1.000000000000000000 ) ) ;
#7466 = EDGE_CURVE ( 'NONE', #5101, #7135, #2619, .T. ) ;
#7467 = ADVANCED_FACE ( 'NONE', ( #6878 ), #2588, .T. ) ;
#7468 = VERTEX_POINT ( 'NONE', #2041 ) ;
#7469 = CARTESIAN_POINT ( 'NONE',  ( -2.000000000000000000, 0.2999999999999999889, 2.299999999999999822 ) ) ;
#7470 = CARTESIAN_POINT ( 'NONE',  ( -1.474999999999999867, 0.3750000000000000000, 2.200000000000000178 ) ) ;
#7471 = VERTEX_POINT ( 'NONE', #1453 ) ;
#7472 = DIRECTION ( 'NONE',  ( 0.000000000000000000, 0.000000000000000000, -1.000000000000000000 ) ) ;
#7473 = ORIENTED_EDGE ( 'NONE', *, *, #7716, .T. ) ;
#7474 = DIRECTION ( 'NONE',  ( 0.9993908270190960952, 0.000000000000000000, 0.03489949670249306579 ) ) ;
#7475 = FACE_OUTER_BOUND ( 'NONE', #1901, .T. ) ;
#7476 = EDGE_CURVE ( 'NONE', #2000, #7234, #1375, .T. ) ;
#7477 = ORIENTED_EDGE ( 'NONE', *, *, #2117, .T. ) ;
#7478 = DIRECTION ( 'NONE',  ( 0.000000000000000000, -1.000000000000000000, 0.000000000000000000 ) ) ;
#7479 = DIRECTION ( 'NONE',  ( 0.000000000000000000, 0.000000000000000000, -1.000000000000000000 ) ) ;
#7480 = ORIENTED_EDGE ( 'NONE', *, *, #5744, .F. ) ;
#7481 = LINE ( 'NONE', #3264, #5541 ) ;
#7482 = ORIENTED_EDGE ( 'NONE', *, *, #6741, .T. ) ;
#7483 = VERTEX_POINT ( 'NONE', #3763 ) ;
#7484 = DIRECTION ( 'NONE',  ( 0.000000000000000000, 0.000000000000000000, -1.000000000000000000 ) ) ;
#7485 = CARTESIAN_POINT ( 'NONE',  ( 0.000000000000000000, 0.000000000000000000, 0.000000000000000000 ) ) ;
#7486 = EDGE_CURVE ( 'NONE', #3477, #2469, #5445, .T. ) ;
#7487 = CARTESIAN_POINT ( 'NONE',  ( 1.550000000000000044, 0.2999999999999999889, 2.299999999999999822 ) ) ;
#7488 = ORIENTED_EDGE ( 'NONE', *, *, #86, .T. ) ;
#7489 = CARTESIAN_POINT ( 'NONE',  ( 0.000000000000000000, 0.4000000000000000222, 0.5000000000000000000 ) ) ;
#7490 = ORIENTED_EDGE ( 'NONE', *, *, #4101, .F. ) ;
#7491 = DIRECTION ( 'NONE',  ( 0.000000000000000000, -1.000000000000000000, 0.000000000000000000 ) ) ;
#7492 = CARTESIAN_POINT ( 'NONE',  ( -1.899999999999999911, 0.2500000000000000000, 2.100000000000000089 ) ) ;
#7493 = AXIS2_PLACEMENT_3D ( 'NONE', #4123, #7093, #5367 ) ;
#7494 = CARTESIAN_POINT ( 'NONE',  ( 2.100000000000000089, -0.4000000000000000222, 0.000000000000000000 ) ) ;
#7495 = EDGE_CURVE ( 'NONE', #501, #2822, #792, .T. ) ;
#7496 = DIRECTION ( 'NONE',  ( -1.000000000000000000, 0.000000000000000000, 0.000000000000000000 ) ) ;
#7497 = ORIENTED_EDGE ( 'NONE', *, *, #6386, .F. ) ;
#7498 = DIRECTION ( 'NONE',  ( 0.000000000000000000, 0.000000000000000000, 1.000000000000000000 ) ) ;
#7499 = FACE_OUTER_BOUND ( 'NONE', #2266, .T. ) ;
#7500 = CARTESIAN_POINT ( 'NONE',  ( 0.6836623985643000001, -0.7230253140711999649, 0.3800000000000000044 ) ) ;
#7501 = VECTOR ( 'NONE', #1608, 1000.000000000000000 ) ;
#7502 = DIRECTION ( 'NONE',  ( 0.000000000000000000, 0.000000000000000000, -1.000000000000000000 ) ) ;
#7503 = VECTOR ( 'NONE', #5548, 1000.000000000000000 ) ;
#7504 = ORIENTED_EDGE ( 'NONE', *, *, #6575, .T. ) ;
#7505 = VECTOR ( 'NONE', #857, 1000.000000000000000 ) ;
#7506 = LINE ( 'NONE', #3842, #1409 ) ;
#7507 = CIRCLE ( 'NONE', #5515, 0.1000000000000000056 ) ;
#7508 = ADVANCED_FACE ( 'NONE', ( #5081 ), #4457, .F. ) ;
#7509 = DIRECTION ( 'NONE',  ( -1.000000000000000000, 0.000000000000000000, 0.000000000000000000 ) ) ;
#7510 = EDGE_CURVE ( 'NONE', #3431, #3146, #5563, .T. ) ;
#7511 = DIRECTION ( 'NONE',  ( 0.000000000000000000, -1.084202172485506406E-15, -1.000000000000000000 ) ) ;
#7512 = EDGE_LOOP ( 'NONE', ( #3355, #1941, #1463, #1401 ) ) ;
#7513 = CARTESIAN_POINT ( 'NONE',  ( -0.9499999999999999556, -0.5000000000000000000, 2.299999999999999822 ) ) ;
#7514 = CARTESIAN_POINT ( 'NONE',  ( 2.000000000000000000, -0.2999999999999999889, 2.330000000000000071 ) ) ;
#7515 = AXIS2_PLACEMENT_3D ( 'NONE', #6208, #206, #3840 ) ;
#7516 = ORIENTED_EDGE ( 'NONE', *, *, #1615, .F. ) ;
#7517 = CARTESIAN_POINT ( 'NONE',  ( -1.850000000000000089, -0.2999999999999999889, 2.299999999999999822 ) ) ;
#7518 = FACE_OUTER_BOUND ( 'NONE', #1213, .T. ) ;
#7519 = VERTEX_POINT ( 'NONE', #4379 ) ;
#7520 =( BOUNDED_CURVE ( )  B_SPLINE_CURVE ( 3, ( #1973, #4348, #6729, #1379 ),
 .UNSPECIFIED., .F., .T. ) 
 B_SPLINE_CURVE_WITH_KNOTS ( ( 4, 4 ),
 ( 2.678373171133564767, 4.248561359397140080 ),
 .UNSPECIFIED. ) 
 CURVE ( )  GEOMETRIC_REPRESENTATION_ITEM ( )  RATIONAL_B_SPLINE_CURVE ( ( 1.000000000000000000, 0.8048811719560340361, 0.8048811719560340361, 1.000000000000000000 ) ) 
 REPRESENTATION_ITEM ( '' )  );
#7521 = EDGE_CURVE ( 'NONE', #2166, #6378, #6764, .T. ) ;
#7522 = DIRECTION ( 'NONE',  ( 0.000000000000000000, 1.000000000000000000, 0.000000000000000000 ) ) ;
#7523 = LINE ( 'NONE', #1670, #1530 ) ;
#7524 = ORIENTED_EDGE ( 'NONE', *, *, #1208, .F. ) ;
#7525 = ORIENTED_EDGE ( 'NONE', *, *, #3521, .F. ) ;
#7526 = PLANE ( 'NONE',  #5555 ) ;
#7527 = VECTOR ( 'NONE', #353, 1000.000000000000000 ) ;
#7528 = DIRECTION ( 'NONE',  ( 0.000000000000000000, 0.000000000000000000, -1.000000000000000000 ) ) ;
#7529 = ORIENTED_EDGE ( 'NONE', *, *, #2749, .T. ) ;
#7530 = EDGE_CURVE ( 'NONE', #920, #58, #5741, .T. ) ;
#7531 = DIRECTION ( 'NONE',  ( 0.9993910123938289924, 0.0006089864947413958004, -0.03488887332498551153 ) ) ;
#7532 = ORIENTED_EDGE ( 'NONE', *, *, #2701, .F. ) ;
#7533 = DIRECTION ( 'NONE',  ( 0.000000000000000000, 1.000000000000000000, 0.000000000000000000 ) ) ;
#7534 = AXIS2_PLACEMENT_3D ( 'NONE', #4990, #6913, #5149 ) ;
#7535 = DIRECTION ( 'NONE',  ( 0.000000000000000000, 1.000000000000000000, 0.000000000000000000 ) ) ;
#7536 = ORIENTED_EDGE ( 'NONE', *, *, #2984, .T. ) ;
#7537 = AXIS2_PLACEMENT_3D ( 'NONE', #998, #4012, #4631 ) ;
#7538 = CARTESIAN_POINT ( 'NONE',  ( 1.275000000000000133, -0.3499999999999999778, 0.000000000000000000 ) ) ;
#7539 = CARTESIAN_POINT ( 'NONE',  ( -0.6491876473304966089, 0.3752301496344013776, 0.2502208312359037179 ) ) ;
#7540 = DIRECTION ( 'NONE',  ( 0.000000000000000000, 1.000000000000000000, 0.000000000000000000 ) ) ;
#7541 = LINE ( 'NONE', #6838, #4510 ) ;
#7542 = DIRECTION ( 'NONE',  ( 0.000000000000000000, -1.000000000000000000, 0.000000000000000000 ) ) ;
#7543 = VECTOR ( 'NONE', #5079, 1000.000000000000000 ) ;
#7544 = LINE ( 'NONE', #2820, #670 ) ;
#7545 = VERTEX_POINT ( 'NONE', #397 ) ;
#7546 = CIRCLE ( 'NONE', #3953, 0.1000000000000000472 ) ;
#7547 = CARTESIAN_POINT ( 'NONE',  ( -1.600000000000000089, -0.3499999999999999778, 2.299999999999999822 ) ) ;
#7548 = FACE_OUTER_BOUND ( 'NONE', #1000, .T. ) ;
#7549 = VERTEX_POINT ( 'NONE', #438 ) ;
#7550 = DIRECTION ( 'NONE',  ( 0.000000000000000000, 1.000000000000000000, 0.000000000000000000 ) ) ;
#7551 = ORIENTED_EDGE ( 'NONE', *, *, #4527, .F. ) ;
#7552 = CARTESIAN_POINT ( 'NONE',  ( 0.5745712183416813446, -0.7273734042105625131, 0.3051491504438673674 ) ) ;
#7553 = CARTESIAN_POINT ( 'NONE',  ( 0.2650000000000000133, 0.5150000000000000133, 0.7500000000000000000 ) ) ;
#7554 = ORIENTED_EDGE ( 'NONE', *, *, #246, .F. ) ;
#7555 = AXIS2_PLACEMENT_3D ( 'NONE', #5609, #3909, #7454 ) ;
#7556 = ADVANCED_FACE ( 'NONE', ( #6999 ), #4539, .T. ) ;
#7557 = EDGE_CURVE ( 'NONE', #4043, #3029, #4948, .T. ) ;
#7558 = VERTEX_POINT ( 'NONE', #3959 ) ;
#7559 = LINE ( 'NONE', #455, #6493 ) ;
#7560 = DIRECTION ( 'NONE',  ( 0.000000000000000000, 1.000000000000000000, 0.000000000000000000 ) ) ;
#7561 = ORIENTED_EDGE ( 'NONE', *, *, #3730, .T. ) ;
#7562 = VECTOR ( 'NONE', #4129, 1000.000000000000000 ) ;
#7563 = DIRECTION ( 'NONE',  ( 0.000000000000000000, 0.000000000000000000, -1.000000000000000000 ) ) ;
#7564 = CARTESIAN_POINT ( 'NONE',  ( 0.5538245945101549772, 0.7038245945102030721, 0.3735081097969024655 ) ) ;
#7565 = ORIENTED_EDGE ( 'NONE', *, *, #850, .T. ) ;
#7566 = ORIENTED_EDGE ( 'NONE', *, *, #6868, .T. ) ;
#7567 = DIRECTION ( 'NONE',  ( -1.000000000000000000, 0.000000000000000000, 0.000000000000000000 ) ) ;
#7568 = ADVANCED_FACE ( 'NONE', ( #7661 ), #3451, .F. ) ;
#7569 = CARTESIAN_POINT ( 'NONE',  ( -0.6500000000000000222, -0.3499999999999999778, 0.000000000000000000 ) ) ;
#7570 = ORIENTED_EDGE ( 'NONE', *, *, #6753, .T. ) ;
#7571 = B_SPLINE_CURVE_WITH_KNOTS ( 'NONE', 3,
 ( #3021, #6615, #63, #7090 ),
 .UNSPECIFIED., .F., .F.,
 ( 4, 4 ),
 ( 0.000000000000000000, 1.000000000000000000 ),
 .UNSPECIFIED. ) ;
#7572 = DIRECTION ( 'NONE',  ( 0.000000000000000000, 0.000000000000000000, -1.000000000000000000 ) ) ;
#7573 = VERTEX_POINT ( 'NONE', #6335 ) ;
#7574 = DIRECTION ( 'NONE',  ( 1.000000000000000000, 0.000000000000000000, 0.000000000000000000 ) ) ;
#7575 = CARTESIAN_POINT ( 'NONE',  ( -2.100000000000000089, -0.9449999999999999512, 1.800000000000000044 ) ) ;
#7576 = ORIENTED_EDGE ( 'NONE', *, *, #299, .T. ) ;
#7577 = ADVANCED_FACE ( 'NONE', ( #5205 ), #1609, .T. ) ;
#7578 = DIRECTION ( 'NONE',  ( 0.000000000000000000, 1.000000000000000000, 0.000000000000000000 ) ) ;
#7579 = DIRECTION ( 'NONE',  ( 0.000000000000000000, 0.000000000000000000, -1.000000000000000000 ) ) ;
#7580 = CARTESIAN_POINT ( 'NONE',  ( -1.850000000000000089, -0.2999999999999999889, 2.299999999999999822 ) ) ;
#7581 = CYLINDRICAL_SURFACE ( 'NONE', #2764, 0.1499999999999999667 ) ;
#7582 = DIRECTION ( 'NONE',  ( 1.000000000000000000, 0.000000000000000000, 0.000000000000000000 ) ) ;
#7583 = DIRECTION ( 'NONE',  ( 0.000000000000000000, 0.000000000000000000, -1.000000000000000000 ) ) ;
#7584 = EDGE_CURVE ( 'NONE', #3293, #1226, #4209, .T. ) ;
#7585 = LINE ( 'NONE', #5829, #5653 ) ;
#7586 = PRODUCT ( 'Same_Sky_TS31-46-35-BK-B-260-RA-SMT-TR', 'Same_Sky_TS31-46-35-BK-B-260-RA-SMT-TR', '', ( #6275 ) ) ;
#7587 = CARTESIAN_POINT ( 'NONE',  ( 0.2650000000000000133, 0.9000000000000000222, 0.7500000000000000000 ) ) ;
#7588 = ORIENTED_EDGE ( 'NONE', *, *, #3665, .T. ) ;
#7589 = LINE ( 'NONE', #1616, #6502 ) ;
#7590 = ORIENTED_EDGE ( 'NONE', *, *, #6771, .F. ) ;
#7591 = CARTESIAN_POINT ( 'NONE',  ( 0.5927737790424740805, -0.7472399778673419757, 0.2818393970400354109 ) ) ;
#7592 = CARTESIAN_POINT ( 'NONE',  ( 0.1163376014357000027, 0.3663376014356999888, 0.2500000000000000000 ) ) ;
#7593 = ORIENTED_EDGE ( 'NONE', *, *, #211, .F. ) ;
#7594 = ORIENTED_EDGE ( 'NONE', *, *, #866, .F. ) ;
#7595 = CARTESIAN_POINT ( 'NONE',  ( -0.1163376014357000027, 0.2336623985642999890, 0.2500000000000000000 ) ) ;
#7596 = EDGE_LOOP ( 'NONE', ( #3631, #2421, #2678, #6829, #3397, #2995, #6028 ) ) ;
#7597 = CARTESIAN_POINT ( 'NONE',  ( 1.849999999991470023, -0.3800000000000000044, 2.399999999999999911 ) ) ;
#7598 = CARTESIAN_POINT ( 'NONE',  ( -2.120000000000000107, 0.8000000000000000444, 2.100000000000000089 ) ) ;
#7599 = ORIENTED_EDGE ( 'NONE', *, *, #1013, .F. ) ;
#7600 = EDGE_CURVE ( 'NONE', #2192, #4202, #2854, .T. ) ;
#7601 = ORIENTED_EDGE ( 'NONE', *, *, #3024, .F. ) ;
#7602 = DIRECTION ( 'NONE',  ( -9.293161478447156746E-15, -1.006759160165108555E-14, 1.000000000000000000 ) ) ;
#7603 = CARTESIAN_POINT ( 'NONE',  ( 0.5539744068252390186, -0.7040005536924379692, 0.3705099644628474520 ) ) ;
#7604 = ORIENTED_EDGE ( 'NONE', *, *, #267, .T. ) ;
#7605 = CARTESIAN_POINT ( 'NONE',  ( -1.275000000000000133, -0.5000000000000000000, -0.009603111705303998477 ) ) ;
#7606 = EDGE_CURVE ( 'NONE', #759, #7135, #1089, .T. ) ;
#7607 = ORIENTED_EDGE ( 'NONE', *, *, #6043, .F. ) ;
#7608 = CARTESIAN_POINT ( 'NONE',  ( 0.000000000000000000, 0.2336623985642999890, 0.2500000000000000000 ) ) ;
#7609 = EDGE_CURVE ( 'NONE', #1817, #4520, #2200, .T. ) ;
#7610 = CARTESIAN_POINT ( 'NONE',  ( -2.200000000000000178, 0.4749999999999999778, 2.100000000000000089 ) ) ;
#7611 = EDGE_LOOP ( 'NONE', ( #3307, #4199, #2877, #5100 ) ) ;
#7612 = APPLICATION_CONTEXT ( 'automotive_design' ) ;
#7613 = CARTESIAN_POINT ( 'NONE',  ( -1.550000000000000044, -0.2999999999999999889, 2.399999999999999911 ) ) ;
#7614 = VECTOR ( 'NONE', #216, 999.9999999999998863 ) ;
#7615 = CARTESIAN_POINT ( 'NONE',  ( 0.5599326875623642508, 0.7112193652824563284, 0.3363227335935349838 ) ) ;
#7616 = EDGE_CURVE ( 'NONE', #2839, #2769, #6293, .T. ) ;
#7617 = CARTESIAN_POINT ( 'NONE',  ( 0.5538245945101549772, 0.4961754054898009914, 0.3735081097969075170 ) ) ;
#7618 = DIRECTION ( 'NONE',  ( 0.000000000000000000, 0.000000000000000000, 1.000000000000000000 ) ) ;
#7619 = VECTOR ( 'NONE', #5186, 1000.000000000000000 ) ;
#7620 = CIRCLE ( 'NONE', #3881, 0.08000000000000216660 ) ;
#7621 = ORIENTED_EDGE ( 'NONE', *, *, #3400, .F. ) ;
#7622 = CARTESIAN_POINT ( 'NONE',  ( 1.875000000000000000, -0.9499999999999999556, 0.5000000000000000000 ) ) ;
#7623 = CARTESIAN_POINT ( 'NONE',  ( -1.049779547624629883, -1.299999999709669840, 1.388875092811101997 ) ) ;
#7624 = VERTEX_POINT ( 'NONE', #2272 ) ;
#7625 = ADVANCED_FACE ( 'NONE', ( #3490 ), #3336, .F. ) ;
#7626 = AXIS2_PLACEMENT_3D ( 'NONE', #3657, #2947, #1230 ) ;
#7627 = VECTOR ( 'NONE', #1897, 1000.000000000000000 ) ;
#7628 = CARTESIAN_POINT ( 'NONE',  ( -1.399999999999999911, -0.2999999999997379763, 2.330000000000000071 ) ) ;
#7629 = VERTEX_POINT ( 'NONE', #1062 ) ;
#7630 = CARTESIAN_POINT ( 'NONE',  ( 0.6457981905897307584, -0.8159617731181821876, 0.2512106842210261592 ) ) ;
#7631 = DIRECTION ( 'NONE',  ( 0.000000000000000000, -8.131516293641297455E-15, 1.000000000000000000 ) ) ;
#7632 = AXIS2_PLACEMENT_3D ( 'NONE', #2397, #4779, #3614 ) ;
#7633 = VERTEX_POINT ( 'NONE', #6415 ) ;
#7634 = DIRECTION ( 'NONE',  ( 0.000000000000000000, 1.000000000000000000, 0.000000000000000000 ) ) ;
#7635 = FACE_OUTER_BOUND ( 'NONE', #4861, .T. ) ;
#7636 = ORIENTED_EDGE ( 'NONE', *, *, #279, .T. ) ;
#7637 = EDGE_CURVE ( 'NONE', #584, #3903, #4614, .T. ) ;
#7638 = LINE ( 'NONE', #490, #6294 ) ;
#7639 = CARTESIAN_POINT ( 'NONE',  ( 1.875000000000000000, -0.9000000000000000222, 0.5000000000000000000 ) ) ;
#7640 = ORIENTED_EDGE ( 'NONE', *, *, #3723, .T. ) ;
#7641 = CARTESIAN_POINT ( 'NONE',  ( 0.7500000000000000000, -0.1100000000000000006, 0.2500000000000000000 ) ) ;
#7642 = AXIS2_PLACEMENT_3D ( 'NONE', #5731, #7417, #5073 ) ;
#7643 = CIRCLE ( 'NONE', #1285, 0.09999999999999982514 ) ;
#7644 = CARTESIAN_POINT ( 'NONE',  ( 2.220000000000000195, 0.6250000000000000000, 2.200000000000000178 ) ) ;
#7645 = ORIENTED_EDGE ( 'NONE', *, *, #189, .T. ) ;
#7646 = DIRECTION ( 'NONE',  ( 0.000000000000000000, 0.000000000000000000, -1.000000000000000000 ) ) ;
#7647 = VERTEX_POINT ( 'NONE', #1648 ) ;
#7648 = ORIENTED_EDGE ( 'NONE', *, *, #7389, .F. ) ;
#7649 = FACE_OUTER_BOUND ( 'NONE', #7213, .T. ) ;
#7650 = CARTESIAN_POINT ( 'NONE',  ( -0.5538245945101749612, -0.1038245945101579915, 0.3735081097972904884 ) ) ;
#7651 = VECTOR ( 'NONE', #5046, 1000.000000000000000 ) ;
#7652 = ORIENTED_EDGE ( 'NONE', *, *, #4564, .T. ) ;
#7653 = ADVANCED_FACE ( 'NONE', ( #2734 ), #3368, .T. ) ;
#7654 = EDGE_CURVE ( 'NONE', #2092, #1433, #6371, .T. ) ;
#7655 = CARTESIAN_POINT ( 'NONE',  ( -0.6032749857866669396, -0.7590878250104524660, 0.2735169826720624808 ) ) ;
#7656 = ORIENTED_EDGE ( 'NONE', *, *, #5179, .T. ) ;
#7657 = VECTOR ( 'NONE', #6202, 1000.000000000000000 ) ;
#7658 = LINE ( 'NONE', #4149, #6537 ) ;
#7659 = DIRECTION ( 'NONE',  ( 1.000000000000000000, 0.000000000000000000, 0.000000000000000000 ) ) ;
#7660 = LINE ( 'NONE', #5908, #4272 ) ;
#7661 = FACE_OUTER_BOUND ( 'NONE', #1171, .T. ) ;
#7662 = CIRCLE ( 'NONE', #1554, 0.1000000000000000472 ) ;
#7663 = ADVANCED_FACE ( 'NONE', ( #5161 ), #2896, .T. ) ;
#7664 = ORIENTED_EDGE ( 'NONE', *, *, #5942, .F. ) ;
#7665 = DIRECTION ( 'NONE',  ( 1.000000000000000000, 0.000000000000000000, 0.000000000000000000 ) ) ;
#7666 = DIRECTION ( 'NONE',  ( 0.000000000000000000, 1.000000000000000000, 0.000000000000000000 ) ) ;
#7667 = ORIENTED_EDGE ( 'NONE', *, *, #2174, .T. ) ;
#7668 = AXIS2_PLACEMENT_3D ( 'NONE', #3821, #880, #845 ) ;
#7669 = DIRECTION ( 'NONE',  ( 0.000000000000000000, -1.000000000000000000, 0.000000000000000000 ) ) ;
#7670 = ORIENTED_EDGE ( 'NONE', *, *, #74, .T. ) ;
#7671 = DIRECTION ( 'NONE',  ( 0.5547001962252289253, 0.8320502943378439431, 0.000000000000000000 ) ) ;
#7672 = CARTESIAN_POINT ( 'NONE',  ( -0.8500000000151000101, -1.199999999999998845, 1.199999999999999956 ) ) ;
#7673 = EDGE_CURVE ( 'NONE', #4689, #1617, #5448, .T. ) ;
#7674 = AXIS2_PLACEMENT_3D ( 'NONE', #5038, #6332, #2696 ) ;
#7675 = CYLINDRICAL_SURFACE ( 'NONE', #2506, 0.09999999999999982514 ) ;
#7676 = CARTESIAN_POINT ( 'NONE',  ( -1.375000000000000000, -0.4000000000000000222, 0.2500000000000000000 ) ) ;
#7677 = EDGE_LOOP ( 'NONE', ( #6618, #1747, #1326, #3593, #309, #2250, #6449, #1843 ) ) ;
#7678 = LINE ( 'NONE', #4095, #1934 ) ;
#7679 = CARTESIAN_POINT ( 'NONE',  ( 1.550000000000000044, -0.2999999999999999889, 2.299999999999999822 ) ) ;
#7680 = EDGE_LOOP ( 'NONE', ( #4242, #3547, #3088, #2066 ) ) ;
#7681 = ORIENTED_EDGE ( 'NONE', *, *, #2479, .T. ) ;
#7682 = DIRECTION ( 'NONE',  ( -1.000000000000000000, 0.000000000000000000, 0.000000000000000000 ) ) ;
#7683 = VECTOR ( 'NONE', #3237, 1000.000000000000000 ) ;
#7684 = ADVANCED_FACE ( 'NONE', ( #1360 ), #3195, .T. ) ;
#7685 = VECTOR ( 'NONE', #2603, 1000.000000000000000 ) ;
#7686 = VERTEX_POINT ( 'NONE', #1956 ) ;
#7687 = CARTESIAN_POINT ( 'NONE',  ( -1.800000000000000044, 0.2500000000000000000, 2.658830721404000563 ) ) ;
#7688 = LINE ( 'NONE', #6835, #3656 ) ;
#7689 = ORIENTED_EDGE ( 'NONE', *, *, #1516, .T. ) ;
#7690 = ORIENTED_EDGE ( 'NONE', *, *, #2230, .T. ) ;
#7691 = CARTESIAN_POINT ( 'NONE',  ( -2.220000000000000195, 0.6250000000000000000, 2.200000000000000178 ) ) ;
#7692 = FACE_BOUND ( 'NONE', #7677, .T. ) ;
#7693 = CARTESIAN_POINT ( 'NONE',  ( -0.5687988462011323021, -0.7210576526936745001, 0.3140524872500325415 ) ) ;
#7694 = VERTEX_POINT ( 'NONE', #5428 ) ;
#7695 = DIRECTION ( 'NONE',  ( 0.000000000000000000, 0.000000000000000000, -1.000000000000000000 ) ) ;
#7696 = DIRECTION ( 'NONE',  ( 1.000000000000000000, 0.000000000000000000, 0.000000000000000000 ) ) ;
#7697 = FACE_OUTER_BOUND ( 'NONE', #1798, .T. ) ;
#7698 = EDGE_CURVE ( 'NONE', #2907, #816, #2467, .T. ) ;
#7699 = ADVANCED_FACE ( 'NONE', ( #6679 ), #4038, .T. ) ;
#7700 = ORIENTED_EDGE ( 'NONE', *, *, #4315, .F. ) ;
#7701 = CARTESIAN_POINT ( 'NONE',  ( 1.925000000000000044, -0.9000000000000000222, 0.000000000000000000 ) ) ;
#7702 = CARTESIAN_POINT ( 'NONE',  ( -0.8510494940917939788, 0.5000000000000000000, 3.500000000000000000 ) ) ;
#7703 = EDGE_LOOP ( 'NONE', ( #6889, #6973, #1104, #5799 ) ) ;
#7704 = CARTESIAN_POINT ( 'NONE',  ( -2.194999999999999840, -0.3750000000000000000, 2.100000000000000089 ) ) ;
#7705 = EDGE_CURVE ( 'NONE', #3424, #1627, #5537, .T. ) ;
#7706 = CARTESIAN_POINT ( 'NONE',  ( 0.9476188457623999639, 0.3755476762933480095, 3.500000000000000000 ) ) ;
#7707 = EDGE_CURVE ( 'NONE', #5089, #1124, #1292, .T. ) ;
#7708 = DIRECTION ( 'NONE',  ( 0.000000000000000000, -1.000000000000000000, 0.000000000000000000 ) ) ;
#7709 = EDGE_LOOP ( 'NONE', ( #4454, #1393, #6205, #1861 ) ) ;
#7710 = EDGE_LOOP ( 'NONE', ( #7160, #810, #2721, #5037 ) ) ;
#7711 = CARTESIAN_POINT ( 'NONE',  ( -1.050000000000000044, 0.4000000000000000222, 2.299999999999999822 ) ) ;
#7712 = ORIENTED_EDGE ( 'NONE', *, *, #3196, .F. ) ;
#7713 = LINE ( 'NONE', #1238, #1815 ) ;
#7714 = CARTESIAN_POINT ( 'NONE',  ( 0.5350000000000000311, 0.08500000000000000611, 0.7500000000000000000 ) ) ;
#7715 = ORIENTED_EDGE ( 'NONE', *, *, #7239, .T. ) ;
#7716 = EDGE_CURVE ( 'NONE', #2084, #5378, #6745, .T. ) ;
ENDSEC;
END-ISO-10303-21;
